arquitectura,semilla,condicion,particion,dominio_train,epoca,perdida_train,f1_val
resnet18,42,sonda_lineal,original,sdnet_D,0,0.6829987290927342,0.6914893617021277
resnet18,42,sonda_lineal,original,sdnet_D,1,0.6469710431780133,0.693950177935943
resnet18,42,sonda_lineal,original,sdnet_D,2,0.6221582467215402,0.6603415559772297
resnet18,42,sonda_lineal,original,sdnet_D,3,0.6035885490689958,0.6370967741935484
resnet18,42,sonda_lineal,original,sdnet_D,4,0.5872636914253235,0.6951672862453532
resnet18,42,sonda_lineal,original,sdnet_D,5,0.57492477280753,0.6758349705304518
resnet18,42,sonda_lineal,original,sdnet_D,6,0.5635738679340907,0.688715953307393
resnet18,42,sonda_lineal,original,sdnet_D,7,0.5545367537225996,0.7063339731285988
resnet18,42,sonda_lineal,original,sdnet_D,8,0.5464671121324811,0.6978557504873294
resnet18,42,sonda_lineal,original,sdnet_D,9,0.539539578982762,0.7017543859649122
resnet18,42,sonda_lineal,original,sdnet_D,10,0.5334426508631025,0.708171206225681
resnet18,42,sonda_lineal,original,sdnet_D,11,0.5279445270129612,0.708171206225681
resnet18,42,sonda_lineal,original,sdnet_D,12,0.5228113566126142,0.7123287671232876
resnet18,42,sonda_lineal,original,sdnet_D,13,0.5184336199079241,0.71484375
resnet18,42,sonda_lineal,original,sdnet_D,14,0.5142127200535366,0.7181467181467182
resnet18,42,sonda_lineal,original,sdnet_D,15,0.5105490403515952,0.71484375
resnet18,42,sonda_lineal,original,sdnet_D,16,0.5075936247621263,0.7120622568093385
resnet18,42,sonda_lineal,original,sdnet_D,17,0.50382477079119,0.7162426614481409
resnet18,42,sonda_lineal,original,sdnet_D,18,0.5004802872453417,0.7293666026871402
resnet18,42,sonda_lineal,original,sdnet_D,19,0.4979581081867218,0.7195357833655706
resnet18,42,sonda_lineal,original,sdnet_D,20,0.4954567316600254,0.7162426614481409
resnet18,42,sonda_lineal,original,sdnet_D,21,0.4926925982747759,0.7307692307692307
resnet18,42,sonda_lineal,original,sdnet_D,22,0.4901956874983651,0.7212475633528265
resnet18,42,sonda_lineal,original,sdnet_D,23,0.4880305109705243,0.7297297297297297
resnet18,42,sonda_lineal,original,sdnet_D,24,0.4860690336568015,0.7212475633528265
resnet18,42,sonda_lineal,original,sdnet_D,25,0.4840439246382032,0.7307692307692307
resnet18,42,sonda_lineal,original,sdnet_D,26,0.4830914950370789,0.7212475633528265
resnet18,42,sonda_lineal,original,sdnet_D,27,0.4801900587763105,0.732824427480916
resnet18,42,sonda_lineal,original,sdnet_D,28,0.4786458582537515,0.7212475633528265
resnet18,42,sonda_lineal,original,sdnet_D,29,0.4765427775042398,0.7262135922330097
resnet18,42,sonda_lineal,original,sdnet_D,30,0.4750309860706329,0.7311411992263056
resnet18,42,sonda_lineal,original,sdnet_D,31,0.473419667993273,0.7286821705426356
resnet18,42,sonda_lineal,original,sdnet_D,32,0.4719308832713536,0.7286821705426356
resnet18,42,sonda_lineal,original,sdnet_D,33,0.4706098726817539,0.7346153846153847
resnet18,42,sonda_lineal,original,sdnet_D,34,0.4690045344829559,0.7286821705426356
resnet18,42,sonda_lineal,original,sdnet_D,35,0.4680746505941663,0.7286821705426356
resnet18,42,sonda_lineal,original,sdnet_D,36,0.4670483769689287,0.7332053742802304
resnet18,42,sonda_lineal,original,sdnet_D,37,0.4649708521366119,0.7286821705426356
resnet18,42,sonda_lineal,original,sdnet_D,38,0.4642979734284537,0.7286821705426356
resnet18,42,sonda_lineal,original,sdnet_D,39,0.4633889198303222,0.735632183908046
resnet18,42,sonda_lineal,original,sdnet_D,40,0.4620309364795685,0.7265625
resnet18,42,sonda_lineal,original,sdnet_D,41,0.4603327662604196,0.735632183908046
resnet18,42,sonda_lineal,original,sdnet_D,42,0.4596396860054561,0.7404580152671756
resnet18,42,sonda_lineal,original,sdnet_D,43,0.4585840111119406,0.732943469785575
resnet18,42,sonda_lineal,original,sdnet_D,44,0.4575878356184278,0.7394636015325671
resnet18,42,sonda_lineal,original,sdnet_D,45,0.4565349982466016,0.7404580152671756
resnet18,42,sonda_lineal,original,sdnet_D,46,0.4555741494042533,0.7384615384615385
resnet18,42,sonda_lineal,original,sdnet_D,47,0.4545464701311928,0.7364341085271318
resnet18,42,sonda_lineal,original,sdnet_D,48,0.453820436000824,0.7398843930635838
resnet18,42,sonda_lineal,original,sdnet_D,49,0.4537185999325343,0.7388781431334622
resnet18,42,sonda_lineal,original,sdnet_D,50,0.4521179965564182,0.7354085603112841
resnet18,42,sonda_lineal,original,sdnet_D,51,0.4514448540551322,0.7442748091603053
resnet18,42,sonda_lineal,original,sdnet_D,52,0.4500701000009264,0.7364341085271318
resnet18,42,sonda_lineal,original,sdnet_D,53,0.4497841371808733,0.7413127413127413
resnet18,42,sonda_lineal,original,sdnet_D,54,0.4487943891116551,0.7364341085271318
resnet18,42,sonda_lineal,original,sdnet_D,55,0.4479617604187557,0.745697896749522
resnet18,42,sonda_lineal,original,sdnet_D,56,0.4469757173742567,0.7403100775193798
resnet18,42,sonda_lineal,original,sdnet_D,57,0.4464204180240631,0.7451737451737451
resnet18,42,sonda_lineal,original,sdnet_D,58,0.4455082261562347,0.745697896749522
resnet18,42,sonda_lineal,original,sdnet_D,59,0.4449473862988608,0.7475915221579962
resnet18,42,sonda_lineal,original,sdnet_D,60,0.4441535093103136,0.7475915221579962
resnet18,42,sonda_lineal,original,sdnet_D,61,0.4436839600971767,0.745697896749522
resnet18,42,sonda_lineal,original,sdnet_D,62,0.4430548349448612,0.75
resnet18,42,sonda_lineal,original,sdnet_D,63,0.4423005996431623,0.7354085603112841
resnet18,42,sonda_lineal,original,sdnet_D,64,0.4418070871489388,0.745697896749522
resnet18,42,sonda_lineal,original,sdnet_D,65,0.4409967585972377,0.75
resnet18,42,sonda_lineal,original,sdnet_D,66,0.4402720321927751,0.7451737451737451
resnet18,42,sonda_lineal,original,sdnet_D,67,0.4395929360389709,0.7475915221579962
resnet18,42,sonda_lineal,original,sdnet_D,68,0.4390456232002803,0.7475915221579962
resnet18,42,sonda_lineal,original,sdnet_D,69,0.4384702268668583,0.75
resnet18,42,sonda_lineal,original,sdnet_D,70,0.4384895586967468,0.7475915221579962
resnet18,42,sonda_lineal,original,sdnet_D,71,0.4376505560534341,0.7403100775193798
resnet18,42,sonda_lineal,original,sdnet_D,72,0.4367755539076668,0.7475915221579962
resnet18,42,sonda_lineal,original,sdnet_P,0,0.6711369476999556,0.7419354838709677
resnet18,42,sonda_lineal,original,sdnet_P,1,0.6129242859567915,0.7210440456769984
resnet18,42,sonda_lineal,original,sdnet_P,2,0.5747060036659241,0.7219343696027634
resnet18,42,sonda_lineal,original,sdnet_P,3,0.5491163907732283,0.7272727272727273
resnet18,42,sonda_lineal,original,sdnet_P,4,0.5297395580155508,0.7517241379310344
resnet18,42,sonda_lineal,original,sdnet_P,5,0.5151856238501412,0.7575221238938054
resnet18,42,sonda_lineal,original,sdnet_P,6,0.5020616585867745,0.7540394973070018
resnet18,42,sonda_lineal,original,sdnet_P,7,0.4911408679825919,0.7637655417406749
resnet18,42,sonda_lineal,original,sdnet_P,8,0.4815216730322156,0.7664884135472371
resnet18,42,sonda_lineal,original,sdnet_P,9,0.4729919990471431,0.775
resnet18,42,sonda_lineal,original,sdnet_P,10,0.4653395852020808,0.7836879432624113
resnet18,42,sonda_lineal,original,sdnet_P,11,0.4583195642062596,0.7950530035335689
resnet18,42,sonda_lineal,original,sdnet_P,12,0.4522828374590192,0.7964601769911505
resnet18,42,sonda_lineal,original,sdnet_P,13,0.4469463782651083,0.7978723404255319
resnet18,42,sonda_lineal,original,sdnet_P,14,0.4414066924367632,0.7935943060498221
resnet18,42,sonda_lineal,original,sdnet_P,15,0.4365841041292463,0.7950089126559715
resnet18,42,sonda_lineal,original,sdnet_P,16,0.4328428648199354,0.7985865724381626
resnet18,42,sonda_lineal,original,sdnet_P,17,0.4287553931985582,0.7942238267148014
resnet18,42,sonda_lineal,original,sdnet_P,18,0.4244214858327593,0.8021015761821366
resnet18,42,sonda_lineal,original,sdnet_P,19,0.4210378049101148,0.8
resnet18,42,sonda_lineal,original,sdnet_P,20,0.4183233445031302,0.8043087971274686
resnet18,42,sonda_lineal,original,sdnet_P,21,0.4146115388189043,0.8006993006993007
resnet18,42,sonda_lineal,original,sdnet_P,22,0.4114302679470607,0.8028169014084507
resnet18,42,sonda_lineal,original,sdnet_P,23,0.4087690768923078,0.804920913884007
resnet18,42,sonda_lineal,original,sdnet_P,24,0.4059862339496612,0.804920913884007
resnet18,42,sonda_lineal,original,sdnet_P,25,0.4033961456162589,0.804920913884007
resnet18,42,sonda_lineal,original,sdnet_P,26,0.4018945641177041,0.8091872791519434
resnet18,42,sonda_lineal,original,sdnet_P,27,0.3988286181858608,0.8070175438596491
resnet18,42,sonda_lineal,original,sdnet_P,28,0.3967671922274998,0.8091872791519434
resnet18,42,sonda_lineal,original,sdnet_P,29,0.3946384784153529,0.804920913884007
resnet18,42,sonda_lineal,original,sdnet_P,30,0.3925661167076655,0.8077601410934744
resnet18,42,sonda_lineal,original,sdnet_P,31,0.3908101332187652,0.8120567375886525
resnet18,42,sonda_lineal,original,sdnet_P,32,0.3886735682828086,0.8070175438596491
resnet18,42,sonda_lineal,original,sdnet_P,33,0.3869910386630467,0.8112874779541446
resnet18,42,sonda_lineal,original,sdnet_P,34,0.3852498572213309,0.8112874779541446
resnet18,42,sonda_lineal,original,sdnet_P,35,0.3835805550643376,0.8113879003558719
resnet18,42,sonda_lineal,original,sdnet_P,36,0.3823193301473345,0.8127208480565371
resnet18,42,sonda_lineal,original,sdnet_P,37,0.3803027587277549,0.8134991119005328
resnet18,42,sonda_lineal,original,sdnet_P,38,0.378965572970254,0.8134991119005328
resnet18,42,sonda_lineal,original,sdnet_P,39,0.3775610768795013,0.8169014084507042
resnet18,42,sonda_lineal,original,sdnet_P,40,0.3761825260094233,0.8128342245989305
resnet18,42,sonda_lineal,original,sdnet_P,41,0.3745548401560102,0.8133802816901409
resnet18,42,sonda_lineal,original,sdnet_P,42,0.373316022838865,0.8169014084507042
resnet18,42,sonda_lineal,original,sdnet_P,43,0.372072730234691,0.8134991119005328
resnet18,42,sonda_lineal,original,sdnet_P,44,0.3709272967066083,0.8154657293497364
resnet18,42,sonda_lineal,original,sdnet_P,45,0.3695039933068412,0.818342151675485
resnet18,42,sonda_lineal,original,sdnet_P,46,0.3682932223592485,0.8149466192170819
resnet18,42,sonda_lineal,original,sdnet_P,47,0.3672912117413112,0.8197879858657244
resnet18,42,sonda_lineal,original,sdnet_P,48,0.3661588559831891,0.8191489361702128
resnet18,42,sonda_lineal,original,sdnet_P,49,0.3658447883810315,0.8197879858657244
resnet18,42,sonda_lineal,original,sdnet_P,50,0.363997403042657,0.8170515097690941
resnet18,42,sonda_lineal,original,sdnet_P,51,0.3629793034281049,0.823943661971831
resnet18,42,sonda_lineal,original,sdnet_P,52,0.3619284585544041,0.8197879858657244
resnet18,42,sonda_lineal,original,sdnet_P,53,0.3606456325735365,0.8170515097690941
resnet18,42,sonda_lineal,original,sdnet_P,54,0.3599248516559601,0.8197879858657244
resnet18,42,sonda_lineal,original,sdnet_P,55,0.3587394944259098,0.8197879858657244
resnet18,42,sonda_lineal,original,sdnet_P,56,0.3577621027401515,0.8170515097690941
resnet18,42,sonda_lineal,original,sdnet_P,57,0.3571173965930939,0.8170515097690941
resnet18,42,sonda_lineal,original,sdnet_P,58,0.3558913012913295,0.8218694885361552
resnet18,42,sonda_lineal,original,sdnet_P,59,0.3552205206666673,0.8191489361702128
resnet18,42,sonda_lineal,original,sdnet_P,60,0.3545032817976815,0.8191489361702128
resnet18,42,sonda_lineal,original,sdnet_P,61,0.3535792352472033,0.8210526315789474
resnet18,42,sonda_lineal,original,sdnet_W,0,0.6873186911855426,0.6679389312977099
resnet18,42,sonda_lineal,original,sdnet_W,1,0.6547577081407819,0.6996587030716723
resnet18,42,sonda_lineal,original,sdnet_W,2,0.6304140101160322,0.6828358208955224
resnet18,42,sonda_lineal,original,sdnet_W,3,0.610397286755698,0.6474226804123712
resnet18,42,sonda_lineal,original,sdnet_W,4,0.592903881754194,0.7171903881700554
resnet18,42,sonda_lineal,original,sdnet_W,5,0.5794533876010349,0.6823529411764706
resnet18,42,sonda_lineal,original,sdnet_W,6,0.5672342215265547,0.6824457593688363
resnet18,42,sonda_lineal,original,sdnet_W,7,0.5568578951699393,0.713472485768501
resnet18,42,sonda_lineal,original,sdnet_W,8,0.547780727658953,0.69921875
resnet18,42,sonda_lineal,original,sdnet_W,9,0.5401196684156145,0.722753346080306
resnet18,42,sonda_lineal,original,sdnet_W,10,0.5329637731824602,0.7290076335877863
resnet18,42,sonda_lineal,original,sdnet_W,11,0.5264163443020412,0.7372400756143668
resnet18,42,sonda_lineal,original,sdnet_W,12,0.5205132734775543,0.7433962264150943
resnet18,42,sonda_lineal,original,sdnet_W,13,0.5153487856047494,0.7457627118644068
resnet18,42,sonda_lineal,original,sdnet_W,14,0.5104411104747227,0.7514018691588785
resnet18,42,sonda_lineal,original,sdnet_W,15,0.5059446447236198,0.7418738049713193
resnet18,42,sonda_lineal,original,sdnet_W,16,0.502093950680324,0.7481203007518797
resnet18,42,sonda_lineal,original,sdnet_W,17,0.4978882447310856,0.7418738049713193
resnet18,42,sonda_lineal,original,sdnet_W,18,0.4939261163984026,0.7532467532467533
resnet18,42,sonda_lineal,original,sdnet_W,19,0.490625456230981,0.75
resnet18,42,sonda_lineal,original,sdnet_W,20,0.4872982708045414,0.7466666666666667
resnet18,42,sonda_lineal,original,sdnet_W,21,0.4840945756435394,0.7593984962406015
resnet18,42,sonda_lineal,original,sdnet_W,22,0.4810842316491263,0.7608286252354048
resnet18,42,sonda_lineal,original,sdnet_W,23,0.4784865960053035,0.7560521415270018
resnet18,42,sonda_lineal,original,sdnet_W,24,0.4757629580157144,0.7542857142857143
resnet18,42,sonda_lineal,original,sdnet_W,25,0.4730249939646039,0.7631578947368421
resnet18,42,sonda_lineal,original,sdnet_W,26,0.4708163097926549,0.7631578947368421
resnet18,42,sonda_lineal,original,sdnet_W,27,0.4682564214297703,0.7602996254681648
resnet18,42,sonda_lineal,original,sdnet_W,28,0.4663988191740853,0.7645951035781544
resnet18,42,sonda_lineal,original,sdnet_W,29,0.4639718008041382,0.7645951035781544
resnet18,42,sonda_lineal,original,sdnet_W,30,0.4619007240022931,0.7645951035781544
resnet18,42,sonda_lineal,original,sdnet_W,31,0.4600672759328569,0.7631578947368421
resnet18,42,sonda_lineal,original,sdnet_W,32,0.4580283808708191,0.7637051039697542
resnet18,42,sonda_lineal,original,sdnet_W,33,0.4562104739461626,0.7663551401869159
resnet18,42,sonda_lineal,original,sdnet_W,34,0.4543337690830231,0.7622641509433963
resnet18,42,sonda_lineal,original,sdnet_W,35,0.452675952059882,0.7640449438202247
resnet18,42,sonda_lineal,original,sdnet_W,36,0.4512591290473938,0.7672253258845437
resnet18,42,sonda_lineal,original,sdnet_W,37,0.4494064838545663,0.7619047619047619
resnet18,42,sonda_lineal,original,sdnet_W,38,0.4478314217499324,0.7680890538033395
resnet18,42,sonda_lineal,original,sdnet_W,39,0.446073784487588,0.7660377358490567
resnet18,42,sonda_lineal,original,sdnet_W,40,0.4447322540623801,0.7651515151515151
resnet18,42,sonda_lineal,original,sdnet_W,41,0.4431645722048623,0.7669172932330827
resnet18,42,sonda_lineal,original,sdnet_W,42,0.4422046084063393,0.7647058823529411
resnet18,42,sonda_lineal,original,sdnet_W,43,0.440336605651038,0.7657142857142857
resnet18,42,sonda_lineal,original,sdnet_W,44,0.4392995839459555,0.7631578947368421
resnet18,42,sonda_lineal,original,sdnet_W,45,0.4381744767938341,0.7692307692307693
resnet18,42,sonda_lineal,original,sdnet_W,46,0.4363587951660156,0.7674858223062382
resnet18,42,sonda_lineal,original,sdnet_W,47,0.435279346874782,0.7663551401869159
resnet18,42,sonda_lineal,original,sdnet_W,48,0.4339770432880946,0.7645951035781544
resnet18,42,sonda_lineal,original,sdnet_W,49,0.4332233308042799,0.7695167286245354
resnet18,42,sonda_lineal,original,sdnet_W,50,0.4321126958302089,0.7657142857142857
resnet18,42,sonda_lineal,original,sdnet_W,51,0.4306225321974073,0.7728937728937729
resnet18,42,sonda_lineal,original,sdnet_W,52,0.4290785809925624,0.7654784240150094
resnet18,42,sonda_lineal,original,sdnet_W,53,0.428166412285396,0.768361581920904
resnet18,42,sonda_lineal,original,sdnet_W,54,0.4271347965512957,0.7697974217311234
resnet18,42,sonda_lineal,original,sdnet_W,55,0.425963829755783,0.7695167286245354
resnet18,42,sonda_lineal,original,sdnet_W,56,0.4248778917108263,0.7721280602636534
resnet18,42,sonda_lineal,original,sdnet_W,57,0.4239045979295458,0.7666666666666667
resnet18,42,sonda_lineal,original,sdnet_W,58,0.4229185485839843,0.7680890538033395
resnet18,42,sonda_lineal,original,sdnet_W,59,0.4219472592217582,0.7700934579439253
resnet18,42,sonda_lineal,original,sdnet_W,60,0.42091456924166,0.7703703703703704
resnet18,42,sonda_lineal,original,sdnet_W,61,0.4199389464514596,0.7712177121771218
resnet18,42,sonda_lineal,original,metu,0,0.6310084925379071,0.8241758241758241
resnet18,42,sonda_lineal,original,metu,1,0.4877583704675947,0.964630225080386
resnet18,42,sonda_lineal,original,metu,2,0.3814966089384896,0.9851239669421488
resnet18,42,sonda_lineal,original,metu,3,0.3062436723709106,0.9866666666666668
resnet18,42,sonda_lineal,original,metu,4,0.2519344649144581,0.9866666666666668
resnet18,42,sonda_lineal,original,metu,5,0.2128491009133202,0.988313856427379
resnet18,42,sonda_lineal,original,metu,6,0.1837275859287807,0.988313856427379
resnet18,42,sonda_lineal,original,metu,7,0.1614777541160583,0.988313856427379
resnet18,42,sonda_lineal,original,metu,8,0.1440670193093163,0.988313856427379
resnet18,42,sonda_lineal,original,metu,9,0.1299141040444374,0.988313856427379
resnet18,42,sonda_lineal,original,metu,10,0.1183006155490875,0.9899665551839464
resnet18,42,sonda_lineal,original,metu,11,0.1086134564876556,0.9899665551839464
resnet18,42,sonda_lineal,original,metu,12,0.1003423457486289,0.9916247906197656
resnet18,42,sonda_lineal,original,metu,13,0.0932216480374336,0.9916247906197656
resnet18,42,sonda_lineal,original,metu,14,0.0870374545880726,0.9916247906197656
resnet18,42,sonda_lineal,original,metu,15,0.0816583579352923,0.9916247906197656
resnet18,42,sonda_lineal,original,metu,16,0.0768271748508725,0.9916247906197656
resnet18,42,sonda_lineal,original,metu,17,0.0725683910931859,0.9916247906197656
resnet18,42,sonda_lineal,original,metu,18,0.0687271052598953,0.9916247906197656
resnet18,42,sonda_lineal,original,metu,19,0.0652747203622545,0.9916247906197656
resnet18,42,sonda_lineal,original,metu,20,0.0622188648581504,0.9916247906197656
resnet18,42,sonda_lineal,original,metu,21,0.0593108094802924,0.9916247906197656
resnet18,42,sonda_lineal,original,metu,22,0.056726273724011,0.9916247906197656
resnet18,43,sonda_lineal,original,sdnet_D,0,0.6827941615240914,0.6715867158671587
resnet18,43,sonda_lineal,original,sdnet_D,1,0.6522574656350272,0.6483516483516484
resnet18,43,sonda_lineal,original,sdnet_D,2,0.6276423747198923,0.6254980079681275
resnet18,43,sonda_lineal,original,sdnet_D,3,0.6083378042493548,0.6566604127579737
resnet18,43,sonda_lineal,original,sdnet_D,4,0.5935812725339618,0.65234375
resnet18,43,sonda_lineal,original,sdnet_D,5,0.5802322428567069,0.6793893129770993
resnet18,43,sonda_lineal,original,sdnet_D,6,0.5692188927105495,0.6809338521400778
resnet18,43,sonda_lineal,original,sdnet_D,7,0.5595498953546797,0.6871401151631478
resnet18,43,sonda_lineal,original,sdnet_D,8,0.5511948680877685,0.689922480620155
resnet18,43,sonda_lineal,original,sdnet_D,9,0.5440360535894121,0.7029126213592233
resnet18,43,sonda_lineal,original,sdnet_D,10,0.5374053730283465,0.7090558766859345
resnet18,43,sonda_lineal,original,sdnet_D,11,0.5316335725784301,0.7115384615384616
resnet18,43,sonda_lineal,original,sdnet_D,12,0.5267449603761946,0.7019607843137254
resnet18,43,sonda_lineal,original,sdnet_D,13,0.5217134479113987,0.710172744721689
resnet18,43,sonda_lineal,original,sdnet_D,14,0.5175122659546988,0.7084148727984344
resnet18,43,sonda_lineal,original,sdnet_D,15,0.5138620243753705,0.7131782945736435
resnet18,43,sonda_lineal,original,sdnet_D,16,0.51040700674057,0.7230769230769231
resnet18,43,sonda_lineal,original,sdnet_D,17,0.5064418918745859,0.7134502923976608
resnet18,43,sonda_lineal,original,sdnet_D,18,0.5033083949770246,0.7170542635658915
resnet18,43,sonda_lineal,original,sdnet_D,19,0.5005188032558986,0.7198443579766537
resnet18,43,sonda_lineal,original,sdnet_D,20,0.4977255034446716,0.7269230769230769
resnet18,43,sonda_lineal,original,sdnet_D,21,0.4948500464643751,0.7212475633528265
resnet18,43,sonda_lineal,original,sdnet_D,22,0.4925039614949907,0.7262135922330097
resnet18,43,sonda_lineal,original,sdnet_D,23,0.4901044656549181,0.7321772639691715
resnet18,43,sonda_lineal,original,sdnet_D,24,0.4880137389046805,0.7237354085603113
resnet18,43,sonda_lineal,original,sdnet_D,25,0.485879544189998,0.7321772639691715
resnet18,43,sonda_lineal,original,sdnet_D,26,0.4837137256349836,0.7262135922330097
resnet18,43,sonda_lineal,original,sdnet_D,27,0.4818639780793871,0.7321772639691715
resnet18,43,sonda_lineal,original,sdnet_D,28,0.479925502538681,0.7286821705426356
resnet18,43,sonda_lineal,original,sdnet_D,29,0.4784013421194893,0.7346153846153847
resnet18,43,sonda_lineal,original,sdnet_D,30,0.4767199630396707,0.7300970873786408
resnet18,43,sonda_lineal,original,sdnet_D,31,0.4750722205638885,0.7332053742802304
resnet18,43,sonda_lineal,original,sdnet_D,32,0.4737439949171884,0.7300970873786408
resnet18,43,sonda_lineal,original,sdnet_D,33,0.4720409149782998,0.735632183908046
resnet18,43,sonda_lineal,original,sdnet_D,34,0.4707868977955409,0.7300970873786408
resnet18,43,sonda_lineal,original,sdnet_D,35,0.4689629524094718,0.7321772639691715
resnet18,43,sonda_lineal,original,sdnet_D,36,0.4679695461477552,0.7321772639691715
resnet18,43,sonda_lineal,original,sdnet_D,37,0.4664142605236598,0.7335907335907336
resnet18,43,sonda_lineal,original,sdnet_D,38,0.465154435123716,0.7321772639691715
resnet18,43,sonda_lineal,original,sdnet_D,39,0.4641972860268184,0.7300970873786408
resnet18,43,sonda_lineal,original,sdnet_D,40,0.4629663760321481,0.7428571428571429
resnet18,43,sonda_lineal,original,sdnet_D,41,0.4614857014587947,0.7311411992263056
resnet18,43,sonda_lineal,original,sdnet_D,42,0.4608097430637904,0.7360308285163777
resnet18,43,sonda_lineal,original,sdnet_D,43,0.4593831385884966,0.7374517374517374
resnet18,43,sonda_lineal,original,sdnet_D,44,0.4582776825768607,0.7384615384615385
resnet18,43,sonda_lineal,original,sdnet_D,45,0.4572814311300005,0.7408829174664108
resnet18,43,sonda_lineal,original,sdnet_D,46,0.4566839849948883,0.7315175097276264
resnet18,43,sonda_lineal,original,sdnet_D,47,0.455537884405681,0.7480916030534351
resnet18,43,sonda_lineal,original,sdnet_D,48,0.4544875010422298,0.7398843930635838
resnet18,43,sonda_lineal,original,sdnet_D,49,0.4539258011749812,0.7339805825242719
resnet18,43,sonda_lineal,original,sdnet_D,50,0.4530258386475699,0.7495219885277247
resnet18,43,sonda_lineal,original,sdnet_D,51,0.4520351604052952,0.7339805825242719
resnet18,43,sonda_lineal,original,sdnet_D,52,0.4509166080611093,0.7495219885277247
resnet18,43,sonda_lineal,original,sdnet_D,53,0.4500732481479644,0.7364341085271318
resnet18,43,sonda_lineal,original,sdnet_D,54,0.4494084424631936,0.7398843930635838
resnet18,43,sonda_lineal,original,sdnet_D,55,0.4484880082947867,0.744721689059501
resnet18,43,sonda_lineal,original,sdnet_D,56,0.4480477608953203,0.7495219885277247
resnet18,43,sonda_lineal,original,sdnet_D,57,0.4469362567152296,0.7354085603112841
resnet18,43,sonda_lineal,original,sdnet_D,58,0.4463623120103563,0.7378640776699029
resnet18,43,sonda_lineal,original,sdnet_D,59,0.445658186844417,0.7504761904761905
resnet18,43,sonda_lineal,original,sdnet_D,60,0.4447139804703848,0.7354085603112841
resnet18,43,sonda_lineal,original,sdnet_D,61,0.4442072056021009,0.7427466150870407
resnet18,43,sonda_lineal,original,sdnet_D,62,0.4438294461795262,0.7471264367816092
resnet18,43,sonda_lineal,original,sdnet_D,63,0.4425768332821982,0.7403100775193798
resnet18,43,sonda_lineal,original,sdnet_D,64,0.4423770613329751,0.7427466150870407
resnet18,43,sonda_lineal,original,sdnet_D,65,0.4419511660507747,0.7403100775193798
resnet18,43,sonda_lineal,original,sdnet_D,66,0.4406555308614458,0.7495219885277247
resnet18,43,sonda_lineal,original,sdnet_D,67,0.4403117280347006,0.7403100775193798
resnet18,43,sonda_lineal,original,sdnet_D,68,0.4395168152877263,0.7427466150870407
resnet18,43,sonda_lineal,original,sdnet_D,69,0.4388029834202357,0.7451737451737451
resnet18,43,sonda_lineal,original,sdnet_P,0,0.6667222952842713,0.7413554633471646
resnet18,43,sonda_lineal,original,sdnet_P,1,0.6141042252949306,0.7431340872374798
resnet18,43,sonda_lineal,original,sdnet_P,2,0.5777845665386745,0.7263339070567987
resnet18,43,sonda_lineal,original,sdnet_P,3,0.5526416117804391,0.7316239316239316
resnet18,43,sonda_lineal,original,sdnet_P,4,0.5347673756735666,0.7386759581881533
resnet18,43,sonda_lineal,original,sdnet_P,5,0.5193660678182329,0.7469458987783595
resnet18,43,sonda_lineal,original,sdnet_P,6,0.507482557296753,0.7531083481349912
resnet18,43,sonda_lineal,original,sdnet_P,7,0.4960316526889801,0.7657342657342657
resnet18,43,sonda_lineal,original,sdnet_P,8,0.4862814966269901,0.7695035460992907
resnet18,43,sonda_lineal,original,sdnet_P,9,0.4779417584623609,0.7722419928825622
resnet18,43,sonda_lineal,original,sdnet_P,10,0.4697846831594194,0.7838312829525483
resnet18,43,sonda_lineal,original,sdnet_P,11,0.4630955759116582,0.7852112676056338
resnet18,43,sonda_lineal,original,sdnet_P,12,0.4570223806585584,0.7829181494661922
resnet18,43,sonda_lineal,original,sdnet_P,13,0.4507904888902391,0.795774647887324
resnet18,43,sonda_lineal,original,sdnet_P,14,0.44593477334295,0.7936507936507936
resnet18,43,sonda_lineal,original,sdnet_P,15,0.4413016767161233,0.7964285714285714
resnet18,43,sonda_lineal,original,sdnet_P,16,0.4366534452778952,0.8083623693379791
resnet18,43,sonda_lineal,original,sdnet_P,17,0.432025568655559,0.8042704626334519
resnet18,43,sonda_lineal,original,sdnet_P,18,0.4283045870917184,0.8085106382978723
resnet18,43,sonda_lineal,original,sdnet_P,19,0.4245326244831085,0.8148148148148148
resnet18,43,sonda_lineal,original,sdnet_P,20,0.4211890055452074,0.8133802816901409
resnet18,43,sonda_lineal,original,sdnet_P,21,0.41799856032644,0.8099467140319716
resnet18,43,sonda_lineal,original,sdnet_P,22,0.4150124406814575,0.8076923076923077
resnet18,43,sonda_lineal,original,sdnet_P,23,0.4120060287203108,0.8098591549295775
resnet18,43,sonda_lineal,original,sdnet_P,24,0.4092792337281363,0.8084358523725835
resnet18,43,sonda_lineal,original,sdnet_P,25,0.4066380505902426,0.8084358523725835
resnet18,43,sonda_lineal,original,sdnet_P,26,0.4041227982725416,0.8084358523725835
resnet18,43,sonda_lineal,original,sdnet_P,27,0.4017627028056553,0.8084358523725835
resnet18,43,sonda_lineal,original,sdnet_P,28,0.3996139793736594,0.8098591549295775
resnet18,43,sonda_lineal,original,sdnet_P,29,0.3975793773787362,0.809106830122592
resnet18,43,sonda_lineal,original,sdnet_W,0,0.6870058863503592,0.6699266503667481
resnet18,43,sonda_lineal,original,sdnet_W,1,0.6589047179903302,0.6405959031657356
resnet18,43,sonda_lineal,original,sdnet_W,2,0.6338146277836391,0.6336633663366337
resnet18,43,sonda_lineal,original,sdnet_W,3,0.6138425431932721,0.6516007532956686
resnet18,43,sonda_lineal,original,sdnet_W,4,0.5976939616884505,0.6626746506986028
resnet18,43,sonda_lineal,original,sdnet_W,5,0.5828607841900417,0.6884615384615385
resnet18,43,sonda_lineal,original,sdnet_W,6,0.5709782028198243,0.6889763779527559
resnet18,43,sonda_lineal,original,sdnet_W,7,0.5604844835826329,0.6953125
resnet18,43,sonda_lineal,original,sdnet_W,8,0.5512026698248726,0.7003891050583657
resnet18,43,sonda_lineal,original,sdnet_W,9,0.543053823539189,0.703125
resnet18,43,sonda_lineal,original,sdnet_W,10,0.5357214931079319,0.7079303675048356
resnet18,43,sonda_lineal,original,sdnet_W,11,0.529220666885376,0.7265774378585086
resnet18,43,sonda_lineal,original,sdnet_W,12,0.523419850894383,0.7272727272727273
resnet18,43,sonda_lineal,original,sdnet_W,13,0.5177150624138969,0.7382297551789078
resnet18,43,sonda_lineal,original,sdnet_W,14,0.512791828427996,0.7304015296367112
resnet18,43,sonda_lineal,original,sdnet_W,15,0.5083696791103908,0.7376425855513308
resnet18,43,sonda_lineal,original,sdnet_W,16,0.5042447641917638,0.7532467532467533
resnet18,43,sonda_lineal,original,sdnet_W,17,0.4997181875365121,0.7307692307692307
resnet18,43,sonda_lineal,original,sdnet_W,18,0.4962615731784275,0.7495291902071564
resnet18,43,sonda_lineal,original,sdnet_W,19,0.4928175890445709,0.7360308285163777
resnet18,43,sonda_lineal,original,sdnet_W,20,0.4897841833318982,0.7606679035250464
resnet18,43,sonda_lineal,original,sdnet_W,21,0.4860119610173362,0.7398843930635838
resnet18,43,sonda_lineal,original,sdnet_W,22,0.4832602075168065,0.7593984962406015
resnet18,43,sonda_lineal,original,sdnet_W,23,0.4802823938642229,0.7570621468926554
resnet18,43,sonda_lineal,original,sdnet_W,24,0.4777642287526812,0.7570621468926554
resnet18,43,sonda_lineal,original,sdnet_W,25,0.4751893365383148,0.7504761904761905
resnet18,43,sonda_lineal,original,sdnet_W,26,0.4727568219389234,0.7611940298507462
resnet18,43,sonda_lineal,original,sdnet_W,27,0.4702200204985482,0.7622641509433963
resnet18,43,sonda_lineal,original,sdnet_W,28,0.4679101473944528,0.7631578947368421
resnet18,43,sonda_lineal,original,sdnet_W,29,0.465869151524135,0.7635009310986964
resnet18,43,sonda_lineal,original,sdnet_W,30,0.4636761028426034,0.7599243856332704
resnet18,43,sonda_lineal,original,sdnet_W,31,0.4617730009555816,0.7631578947368421
resnet18,43,sonda_lineal,original,sdnet_W,32,0.4598140544550759,0.7626168224299066
resnet18,43,sonda_lineal,original,sdnet_W,33,0.4580140440804617,0.7578558225508318
resnet18,43,sonda_lineal,original,sdnet_W,34,0.4561958720002855,0.752851711026616
resnet18,43,sonda_lineal,original,sdnet_W,35,0.4542126154899597,0.7649253731343284
resnet18,43,sonda_lineal,original,sdnet_W,36,0.4526287925243377,0.7592592592592593
resnet18,43,sonda_lineal,original,sdnet_W,37,0.450878061907632,0.7645951035781544
resnet18,43,sonda_lineal,original,sdnet_W,38,0.4492368885449,0.7663551401869159
resnet18,43,sonda_lineal,original,sdnet_W,39,0.4476946401596069,0.7677902621722846
resnet18,43,sonda_lineal,original,sdnet_W,40,0.4461854650293078,0.7640449438202247
resnet18,43,sonda_lineal,original,sdnet_W,41,0.4446801505770002,0.7645951035781544
resnet18,43,sonda_lineal,original,sdnet_W,42,0.4435127130576542,0.7657992565055762
resnet18,43,sonda_lineal,original,sdnet_W,43,0.4417695997442518,0.7645951035781544
resnet18,43,sonda_lineal,original,sdnet_W,44,0.4407873450006757,0.7680890538033395
resnet18,43,sonda_lineal,original,sdnet_W,45,0.43899265732084,0.7686567164179104
resnet18,43,sonda_lineal,original,sdnet_W,46,0.4380884397029876,0.768361581920904
resnet18,43,sonda_lineal,original,sdnet_W,47,0.4367888563019889,0.7706422018348624
resnet18,43,sonda_lineal,original,sdnet_W,48,0.4352628784520285,0.7686567164179104
resnet18,43,sonda_lineal,original,sdnet_W,49,0.4342263536793845,0.7628083491461101
resnet18,43,sonda_lineal,original,sdnet_W,50,0.4331394895485469,0.7720588235294118
resnet18,43,sonda_lineal,original,sdnet_W,51,0.4317891492162432,0.7738317757009345
resnet18,43,sonda_lineal,original,sdnet_W,52,0.4304589418002537,0.7726432532347505
resnet18,43,sonda_lineal,original,sdnet_W,53,0.429327608346939,0.7717996289424861
resnet18,43,sonda_lineal,original,sdnet_W,54,0.4282902940682002,0.7672253258845437
resnet18,43,sonda_lineal,original,sdnet_W,55,0.4271681065218789,0.770949720670391
resnet18,43,sonda_lineal,original,sdnet_W,56,0.4264390439646585,0.774074074074074
resnet18,43,sonda_lineal,original,sdnet_W,57,0.4250522131579263,0.7663551401869159
resnet18,43,sonda_lineal,original,sdnet_W,58,0.4240881323814392,0.768361581920904
resnet18,43,sonda_lineal,original,sdnet_W,59,0.423041672706604,0.7734806629834254
resnet18,43,sonda_lineal,original,sdnet_W,60,0.4220719010489328,0.7717996289424861
resnet18,43,sonda_lineal,original,sdnet_W,61,0.4210507539340428,0.7732342007434945
resnet18,43,sonda_lineal,original,sdnet_W,62,0.4200629959787641,0.7726432532347505
resnet18,43,sonda_lineal,original,sdnet_W,63,0.4191609278747014,0.7712177121771218
resnet18,43,sonda_lineal,original,sdnet_W,64,0.4181951141357422,0.7732342007434945
resnet18,43,sonda_lineal,original,sdnet_W,65,0.4174420593466078,0.7723880597014925
resnet18,43,sonda_lineal,original,sdnet_W,66,0.4164326303345816,0.7734806629834254
resnet18,43,sonda_lineal,original,metu,0,0.6394316611971174,0.8928571428571429
resnet18,43,sonda_lineal,original,metu,1,0.4937698069640568,0.9493670886075948
resnet18,43,sonda_lineal,original,metu,2,0.3919300251347678,0.9801980198019802
resnet18,43,sonda_lineal,original,metu,3,0.316859609569822,0.9866666666666668
resnet18,43,sonda_lineal,original,metu,4,0.2630442685740334,0.9866666666666668
resnet18,43,sonda_lineal,original,metu,5,0.223024211525917,0.9866666666666668
resnet18,43,sonda_lineal,original,metu,6,0.1932982771737235,0.9849749582637728
resnet18,43,sonda_lineal,original,metu,7,0.1701698786020279,0.9866220735785952
resnet18,43,sonda_lineal,original,metu,8,0.1520347535610199,0.9866220735785952
resnet18,43,sonda_lineal,original,metu,9,0.1372852947030748,0.9882747068676716
resnet18,43,sonda_lineal,original,metu,10,0.1251717111042567,0.9882747068676716
resnet18,43,sonda_lineal,original,metu,11,0.1149105887753622,0.9882747068676716
resnet18,43,sonda_lineal,original,metu,12,0.1062650097267968,0.9899328859060402
resnet18,43,sonda_lineal,original,metu,13,0.0987961951323918,0.9916247906197656
resnet18,43,sonda_lineal,original,metu,14,0.0923094594904354,0.9916247906197656
resnet18,43,sonda_lineal,original,metu,15,0.0866456357921872,0.9916247906197656
resnet18,43,sonda_lineal,original,metu,16,0.0815874088662011,0.9916247906197656
resnet18,43,sonda_lineal,original,metu,17,0.077091808446816,0.9916247906197656
resnet18,43,sonda_lineal,original,metu,18,0.0731125402450561,0.9916247906197656
resnet18,43,sonda_lineal,original,metu,19,0.0694389110377856,0.9916247906197656
resnet18,43,sonda_lineal,original,metu,20,0.0661750952686582,0.9916247906197656
resnet18,43,sonda_lineal,original,metu,21,0.0631814620111669,0.9916247906197656
resnet18,43,sonda_lineal,original,metu,22,0.0604744350058691,0.9916247906197656
resnet18,43,sonda_lineal,original,metu,23,0.0579301983330931,0.9916247906197656
resnet18,44,sonda_lineal,original,sdnet_D,0,0.6855944650513786,0.677124183006536
resnet18,44,sonda_lineal,original,sdnet_D,1,0.6512920706612724,0.6703096539162113
resnet18,44,sonda_lineal,original,sdnet_D,2,0.6257449163709368,0.6540642722117203
resnet18,44,sonda_lineal,original,sdnet_D,3,0.6061398250716074,0.6628131021194605
resnet18,44,sonda_lineal,original,sdnet_D,4,0.5915489966528756,0.6666666666666666
resnet18,44,sonda_lineal,original,sdnet_D,5,0.5785203685079302,0.6846153846153846
resnet18,44,sonda_lineal,original,sdnet_D,6,0.5674848226138524,0.6811023622047244
resnet18,44,sonda_lineal,original,sdnet_D,7,0.5578924928392682,0.7058823529411765
resnet18,44,sonda_lineal,original,sdnet_D,8,0.5498026759283883,0.7052023121387283
resnet18,44,sonda_lineal,original,sdnet_D,9,0.5427722862788609,0.7093023255813954
resnet18,44,sonda_lineal,original,sdnet_D,10,0.5364230268342154,0.7142857142857143
resnet18,44,sonda_lineal,original,sdnet_D,11,0.5308926115717206,0.7093023255813954
resnet18,44,sonda_lineal,original,sdnet_D,12,0.5258324824060713,0.7079303675048356
resnet18,44,sonda_lineal,original,sdnet_D,13,0.5211665987968445,0.7104247104247104
resnet18,44,sonda_lineal,original,sdnet_D,14,0.5169514472143991,0.71484375
resnet18,44,sonda_lineal,original,sdnet_D,15,0.5130866524151393,0.7140115163147792
resnet18,44,sonda_lineal,original,sdnet_D,16,0.5094309483255659,0.7145631067961165
resnet18,44,sonda_lineal,original,sdnet_D,17,0.506161516053336,0.7159533073929961
resnet18,44,sonda_lineal,original,sdnet_D,18,0.5029326401438032,0.7173489278752436
resnet18,44,sonda_lineal,original,sdnet_D,19,0.4999493370737348,0.7184466019417476
resnet18,44,sonda_lineal,original,sdnet_D,20,0.4976788432257516,0.7173489278752436
resnet18,44,sonda_lineal,original,sdnet_D,21,0.4949691927433013,0.7283236994219653
resnet18,44,sonda_lineal,original,sdnet_D,22,0.4926030462128775,0.71875
resnet18,44,sonda_lineal,original,sdnet_D,23,0.4902522311891828,0.7307692307692307
resnet18,44,sonda_lineal,original,sdnet_D,24,0.488410815511431,0.7198443579766537
resnet18,44,sonda_lineal,original,sdnet_D,25,0.4857459776742118,0.7293666026871402
resnet18,44,sonda_lineal,original,sdnet_D,26,0.4837211115019662,0.7223300970873786
resnet18,44,sonda_lineal,original,sdnet_D,27,0.4818562923158918,0.7297297297297297
resnet18,44,sonda_lineal,original,sdnet_D,28,0.4801172653266362,0.7297297297297297
resnet18,44,sonda_lineal,original,sdnet_D,29,0.4783224282945905,0.7198443579766537
resnet18,44,sonda_lineal,original,sdnet_D,30,0.4766802021435329,0.7321772639691715
resnet18,44,sonda_lineal,original,sdnet_D,31,0.4754339952128274,0.7332053742802304
resnet18,44,sonda_lineal,original,sdnet_D,32,0.4741586734567369,0.7272727272727273
resnet18,44,sonda_lineal,original,sdnet_D,33,0.4722768379960741,0.734225621414914
resnet18,44,sonda_lineal,original,sdnet_D,34,0.4711505722999572,0.7311411992263056
resnet18,44,sonda_lineal,original,sdnet_D,35,0.4694244418825422,0.735632183908046
resnet18,44,sonda_lineal,original,sdnet_D,36,0.467769865989685,0.7297297297297297
resnet18,44,sonda_lineal,original,sdnet_D,37,0.4666618285860334,0.7297297297297297
resnet18,44,sonda_lineal,original,sdnet_D,38,0.4653484106063842,0.7332053742802304
resnet18,44,sonda_lineal,original,sdnet_D,39,0.4642271815027509,0.7332053742802304
resnet18,44,sonda_lineal,original,sdnet_D,40,0.463126266683851,0.7321772639691715
resnet18,44,sonda_lineal,original,sdnet_D,41,0.4618045241492135,0.7346153846153847
resnet18,44,sonda_lineal,original,sdnet_D,42,0.4606923370701926,0.7332053742802304
resnet18,44,sonda_lineal,original,sdnet_D,43,0.4601378493649619,0.735632183908046
resnet18,44,sonda_lineal,original,sdnet_D,44,0.4590641726766314,0.73046875
resnet18,44,sonda_lineal,original,sdnet_D,45,0.4580962591511862,0.7452471482889734
resnet18,44,sonda_lineal,original,sdnet_D,46,0.4566516579900469,0.7300970873786408
resnet18,44,sonda_lineal,original,sdnet_D,47,0.4558676712853567,0.7423076923076923
resnet18,44,sonda_lineal,original,sdnet_D,48,0.4546688233103071,0.7350096711798839
resnet18,44,sonda_lineal,original,sdnet_D,49,0.45383548276765,0.7471264367816092
resnet18,44,sonda_lineal,original,sdnet_D,50,0.4528426653998239,0.7495219885277247
resnet18,44,sonda_lineal,original,sdnet_D,51,0.4520910484450204,0.7374517374517374
resnet18,44,sonda_lineal,original,sdnet_D,52,0.4511886308874402,0.7495219885277247
resnet18,44,sonda_lineal,original,sdnet_D,53,0.4506065331186567,0.7398843930635838
resnet18,44,sonda_lineal,original,sdnet_D,54,0.4496599338735852,0.7480916030534351
resnet18,44,sonda_lineal,original,sdnet_D,55,0.4494525006839207,0.7388781431334622
resnet18,44,sonda_lineal,original,sdnet_D,56,0.4480572160652705,0.7495219885277247
resnet18,44,sonda_lineal,original,sdnet_D,57,0.4471891370841435,0.7471264367816092
resnet18,44,sonda_lineal,original,sdnet_D,58,0.4464522079059055,0.744721689059501
resnet18,44,sonda_lineal,original,sdnet_D,59,0.4462543785572052,0.7413127413127413
resnet18,44,sonda_lineal,original,sdnet_D,60,0.4452893917901175,0.7480916030534351
resnet18,44,sonda_lineal,original,sdnet_P,0,0.6777309809412275,0.7312414733969986
resnet18,44,sonda_lineal,original,sdnet_P,1,0.621321165221078,0.7420382165605095
resnet18,44,sonda_lineal,original,sdnet_P,2,0.5831221910885402,0.7294520547945206
resnet18,44,sonda_lineal,original,sdnet_P,3,0.5574620110648019,0.7364746945898778
resnet18,44,sonda_lineal,original,sdnet_P,4,0.5388545407567705,0.7433628318584071
resnet18,44,sonda_lineal,original,sdnet_P,5,0.5233211517333984,0.7517482517482518
resnet18,44,sonda_lineal,original,sdnet_P,6,0.5101622077396938,0.7553191489361702
resnet18,44,sonda_lineal,original,sdnet_P,7,0.499018862247467,0.7654320987654321
resnet18,44,sonda_lineal,original,sdnet_P,8,0.4890077284404209,0.7716814159292036
resnet18,44,sonda_lineal,original,sdnet_P,9,0.4801309251785278,0.7793594306049823
resnet18,44,sonda_lineal,original,sdnet_P,10,0.4724418262072972,0.7779751332149201
resnet18,44,sonda_lineal,original,sdnet_P,11,0.4651069528715951,0.7807486631016043
resnet18,44,sonda_lineal,original,sdnet_P,12,0.4589924396787371,0.7886323268206039
resnet18,44,sonda_lineal,original,sdnet_P,13,0.45269173009055,0.7892857142857143
resnet18,44,sonda_lineal,original,sdnet_P,14,0.4472277104854584,0.7935943060498221
resnet18,44,sonda_lineal,original,sdnet_P,15,0.44257342508861,0.7943760984182777
resnet18,44,sonda_lineal,original,sdnet_P,16,0.4376968504701342,0.7956989247311828
resnet18,44,sonda_lineal,original,sdnet_P,17,0.4335026686532157,0.7971274685816876
resnet18,44,sonda_lineal,original,sdnet_P,18,0.4294872207301003,0.8063943161634103
resnet18,44,sonda_lineal,original,sdnet_P,19,0.4259532862050192,0.8006993006993007
resnet18,44,sonda_lineal,original,sdnet_P,20,0.4227749112674168,0.8050089445438283
resnet18,44,sonda_lineal,original,sdnet_P,21,0.4192685839108058,0.8063380281690141
resnet18,44,sonda_lineal,original,sdnet_P,22,0.415866185256413,0.8085106382978723
resnet18,44,sonda_lineal,original,sdnet_P,23,0.4130231836863926,0.8077601410934744
resnet18,44,sonda_lineal,original,sdnet_P,24,0.4109300785405295,0.8099467140319716
resnet18,44,sonda_lineal,original,sdnet_P,25,0.4077670156955719,0.8021015761821366
resnet18,44,sonda_lineal,original,sdnet_P,26,0.4051550771508898,0.8099467140319716
resnet18,44,sonda_lineal,original,sdnet_P,27,0.4028216581685202,0.8106194690265487
resnet18,44,sonda_lineal,original,sdnet_P,28,0.4004828417301178,0.8120567375886525
resnet18,44,sonda_lineal,original,sdnet_P,29,0.398279972076416,0.8063380281690141
resnet18,44,sonda_lineal,original,sdnet_P,30,0.396213366985321,0.8063380281690141
resnet18,44,sonda_lineal,original,sdnet_P,31,0.3942722828047616,0.8063380281690141
resnet18,44,sonda_lineal,original,sdnet_P,32,0.3923224421909877,0.8077601410934744
resnet18,44,sonda_lineal,original,sdnet_P,33,0.3907164238180433,0.8070175438596491
resnet18,44,sonda_lineal,original,sdnet_P,34,0.3894488942623138,0.8063943161634103
resnet18,44,sonda_lineal,original,sdnet_P,35,0.3869901897226061,0.8070175438596491
resnet18,44,sonda_lineal,original,sdnet_P,36,0.3852415711539132,0.8106194690265487
resnet18,44,sonda_lineal,original,sdnet_P,37,0.3839061193806784,0.8092691622103387
resnet18,44,sonda_lineal,original,sdnet_P,38,0.3820102316992623,0.8098591549295775
resnet18,44,sonda_lineal,original,sdnet_W,0,0.6822531138147626,0.7259684361549498
resnet18,44,sonda_lineal,original,sdnet_W,1,0.6524940538406372,0.6954954954954955
resnet18,44,sonda_lineal,original,sdnet_W,2,0.628061728818076,0.6820809248554913
resnet18,44,sonda_lineal,original,sdnet_W,3,0.6086110421589442,0.682261208576998
resnet18,44,sonda_lineal,original,sdnet_W,4,0.5931106209754944,0.6733466933867736
resnet18,44,sonda_lineal,original,sdnet_W,5,0.5790400508471898,0.7085714285714285
resnet18,44,sonda_lineal,original,sdnet_W,6,0.5673021755899702,0.6980392156862745
resnet18,44,sonda_lineal,original,sdnet_W,7,0.557088748727526,0.7334593572778828
resnet18,44,sonda_lineal,original,sdnet_W,8,0.5483709505626133,0.7213740458015268
resnet18,44,sonda_lineal,original,sdnet_W,9,0.5405939936637878,0.72552783109405
resnet18,44,sonda_lineal,original,sdnet_W,10,0.5335244461468288,0.723404255319149
resnet18,44,sonda_lineal,original,sdnet_W,11,0.5271969430787222,0.7241379310344828
resnet18,44,sonda_lineal,original,sdnet_W,12,0.5217312523296901,0.7406015037593985
resnet18,44,sonda_lineal,original,sdnet_W,13,0.5161983575139727,0.7419962335216572
resnet18,44,sonda_lineal,original,sdnet_W,14,0.5116121472631182,0.735632183908046
resnet18,44,sonda_lineal,original,sdnet_W,15,0.506885975088392,0.7504621072088724
resnet18,44,sonda_lineal,original,sdnet_W,16,0.5025216463633946,0.7476280834914611
resnet18,44,sonda_lineal,original,sdnet_W,17,0.4987551842417035,0.7442748091603053
resnet18,44,sonda_lineal,original,sdnet_W,18,0.4950787617479051,0.7471698113207547
resnet18,44,sonda_lineal,original,sdnet_W,19,0.4916260634149824,0.7546468401486989
resnet18,44,sonda_lineal,original,sdnet_W,20,0.4884518722125462,0.7504761904761905
resnet18,44,sonda_lineal,original,sdnet_W,21,0.4853784528800419,0.7579737335834896
resnet18,44,sonda_lineal,original,sdnet_W,22,0.4824225991112845,0.752851711026616
resnet18,44,sonda_lineal,original,sdnet_W,23,0.4796399809632982,0.7569573283858998
resnet18,44,sonda_lineal,original,sdnet_W,24,0.4772614276409149,0.7593984962406015
resnet18,44,sonda_lineal,original,sdnet_W,25,0.4743028988157,0.7569573283858998
resnet18,44,sonda_lineal,original,sdnet_W,26,0.471789344889777,0.7645951035781544
resnet18,44,sonda_lineal,original,sdnet_W,27,0.4695188760757446,0.7611940298507462
resnet18,44,sonda_lineal,original,sdnet_W,28,0.4671678403445652,0.7640449438202247
resnet18,44,sonda_lineal,original,sdnet_W,29,0.4651457561765398,0.7611940298507462
resnet18,44,sonda_lineal,original,sdnet_W,30,0.4630748793057033,0.7660377358490567
resnet18,44,sonda_lineal,original,sdnet_W,31,0.461502172436033,0.762962962962963
resnet18,44,sonda_lineal,original,sdnet_W,32,0.4591005228246961,0.7645951035781544
resnet18,44,sonda_lineal,original,sdnet_W,33,0.4573942870753152,0.7601476014760148
resnet18,44,sonda_lineal,original,sdnet_W,34,0.4558044595377786,0.7660377358490567
resnet18,44,sonda_lineal,original,sdnet_W,35,0.4542169662884303,0.7610294117647058
resnet18,44,sonda_lineal,original,sdnet_W,36,0.4517865872383118,0.7637051039697542
resnet18,44,sonda_lineal,original,sdnet_W,37,0.4503947731426784,0.7669172932330827
resnet18,44,sonda_lineal,original,sdnet_W,38,0.4486193449156624,0.7620817843866171
resnet18,44,sonda_lineal,original,sdnet_W,39,0.4471375165666852,0.7611940298507462
resnet18,44,sonda_lineal,original,sdnet_W,40,0.4457445440973554,0.7660377358490567
resnet18,44,sonda_lineal,original,sdnet_W,41,0.4440336893286024,0.762962962962963
resnet18,44,sonda_lineal,original,sdnet_W,42,0.442836582320077,0.7645951035781544
resnet18,44,sonda_lineal,original,sdnet_W,43,0.4417845269611903,0.7669724770642202
resnet18,44,sonda_lineal,original,sdnet_W,44,0.4401806058202471,0.7666034155597723
resnet18,44,sonda_lineal,original,sdnet_W,45,0.4387022045680455,0.7675276752767528
resnet18,44,sonda_lineal,original,sdnet_W,46,0.4373243737220764,0.7640449438202247
resnet18,44,sonda_lineal,original,sdnet_W,47,0.436070625271116,0.7666666666666667
resnet18,44,sonda_lineal,original,sdnet_W,48,0.4348140914099557,0.7689393939393939
resnet18,44,sonda_lineal,original,sdnet_W,49,0.4336401130471911,0.7683823529411765
resnet18,44,sonda_lineal,original,sdnet_W,50,0.4323819434642791,0.7666666666666667
resnet18,44,sonda_lineal,original,sdnet_W,51,0.4314027432032994,0.7706766917293233
resnet18,44,sonda_lineal,original,sdnet_W,52,0.4300334874221256,0.7712177121771218
resnet18,44,sonda_lineal,original,sdnet_W,53,0.4290481959070478,0.7712177121771218
resnet18,44,sonda_lineal,original,sdnet_W,54,0.4279322186538151,0.7712177121771218
resnet18,44,sonda_lineal,original,sdnet_W,55,0.427405594757625,0.7660377358490567
resnet18,44,sonda_lineal,original,sdnet_W,56,0.4260576047216143,0.7751371115173674
resnet18,44,sonda_lineal,original,sdnet_W,57,0.4250470762593406,0.7672253258845437
resnet18,44,sonda_lineal,original,sdnet_W,58,0.4236171902929033,0.7720588235294118
resnet18,44,sonda_lineal,original,sdnet_W,59,0.4228243376527514,0.7672253258845437
resnet18,44,sonda_lineal,original,sdnet_W,60,0.4218042860712324,0.7743119266055046
resnet18,44,sonda_lineal,original,sdnet_W,61,0.4218564854349408,0.7700934579439253
resnet18,44,sonda_lineal,original,sdnet_W,62,0.4195094539437975,0.7714808043875686
resnet18,44,sonda_lineal,original,sdnet_W,63,0.41921468768801,0.7734806629834254
resnet18,44,sonda_lineal,original,sdnet_W,64,0.4181888284002031,0.7700934579439253
resnet18,44,sonda_lineal,original,sdnet_W,65,0.4174191037246159,0.7720588235294118
resnet18,44,sonda_lineal,original,sdnet_W,66,0.4167225738934108,0.7672253258845437
resnet18,44,sonda_lineal,original,metu,0,0.6346453142166137,0.8928571428571429
resnet18,44,sonda_lineal,original,metu,1,0.4903304120472499,0.9538950715421304
resnet18,44,sonda_lineal,original,metu,2,0.3877167447975703,0.9851239669421488
resnet18,44,sonda_lineal,original,metu,3,0.3127259056908744,0.9850249584026622
resnet18,44,sonda_lineal,original,metu,4,0.259757980448859,0.988313856427379
resnet18,44,sonda_lineal,original,metu,5,0.2200792753696441,0.988313856427379
resnet18,44,sonda_lineal,original,metu,6,0.1904641566106251,0.9899665551839464
resnet18,44,sonda_lineal,original,metu,7,0.1677028546163014,0.9882747068676716
resnet18,44,sonda_lineal,original,metu,8,0.1497614137615476,0.9882747068676716
resnet18,44,sonda_lineal,original,metu,9,0.1352539053133555,0.9882747068676716
resnet18,44,sonda_lineal,original,metu,10,0.1232699599862098,0.9899328859060402
resnet18,44,sonda_lineal,original,metu,11,0.1132728058525494,0.9899328859060402
resnet18,44,sonda_lineal,original,metu,12,0.104705074429512,0.9899328859060402
resnet18,44,sonda_lineal,original,metu,13,0.0973201345120157,0.9899328859060402
resnet18,44,sonda_lineal,original,metu,14,0.0909745675325393,0.9899328859060402
resnet18,44,sonda_lineal,original,metu,15,0.0853488089357103,0.9899328859060402
resnet18,44,sonda_lineal,original,metu,16,0.0803647405334881,0.9916247906197656
resnet18,44,sonda_lineal,original,metu,17,0.0760168127928461,0.9916247906197656
resnet18,44,sonda_lineal,original,metu,18,0.0719961664932114,0.9916247906197656
resnet18,44,sonda_lineal,original,metu,19,0.0684404908333505,0.9916247906197656
resnet18,44,sonda_lineal,original,metu,20,0.0651989296930176,0.9916247906197656
resnet18,44,sonda_lineal,original,metu,21,0.0622426757216453,0.9916247906197656
resnet18,44,sonda_lineal,original,metu,22,0.0595620899541037,0.9916247906197656
resnet18,44,sonda_lineal,original,metu,23,0.0570842913644654,0.9916247906197656
resnet18,44,sonda_lineal,original,metu,24,0.0548274282898221,0.9916247906197656
resnet18,44,sonda_lineal,original,metu,25,0.0527389949560165,0.9916247906197656
resnet18,44,sonda_lineal,original,metu,26,0.0507517688614981,0.9916247906197656
efficientnet_b0,42,sonda_lineal,original,sdnet_D,0,0.6246371558734349,0.7116788321167883
efficientnet_b0,42,sonda_lineal,original,sdnet_D,1,0.5276552091326032,0.7007874015748031
efficientnet_b0,42,sonda_lineal,original,sdnet_D,2,0.4900789480549948,0.7276190476190476
efficientnet_b0,42,sonda_lineal,original,sdnet_D,3,0.4635229911123003,0.7539823008849558
efficientnet_b0,42,sonda_lineal,original,sdnet_D,4,0.4498216930457523,0.7461538461538462
efficientnet_b0,42,sonda_lineal,original,sdnet_D,5,0.4380040889126914,0.7509578544061303
efficientnet_b0,42,sonda_lineal,original,sdnet_D,6,0.4283267964635576,0.7624521072796935
efficientnet_b0,42,sonda_lineal,original,sdnet_D,7,0.4219765996932983,0.7674858223062382
efficientnet_b0,42,sonda_lineal,original,sdnet_D,8,0.4161993328162602,0.7813084112149533
efficientnet_b0,42,sonda_lineal,original,sdnet_D,9,0.4119300559588841,0.7754318618042226
efficientnet_b0,42,sonda_lineal,original,sdnet_D,10,0.4080974197387695,0.7830882352941176
efficientnet_b0,42,sonda_lineal,original,sdnet_D,11,0.4056283191272191,0.7806691449814126
efficientnet_b0,42,sonda_lineal,original,sdnet_D,12,0.4023279154300689,0.783427495291902
efficientnet_b0,42,sonda_lineal,original,sdnet_D,13,0.399878887619291,0.7827715355805244
efficientnet_b0,42,sonda_lineal,original,sdnet_D,14,0.3995417261123657,0.7846715328467153
efficientnet_b0,42,sonda_lineal,original,sdnet_D,15,0.395716792174748,0.7853211009174312
efficientnet_b0,42,sonda_lineal,original,sdnet_D,16,0.3958236399718693,0.76953125
efficientnet_b0,42,sonda_lineal,original,sdnet_D,17,0.3936542417321886,0.7858472998137802
efficientnet_b0,42,sonda_lineal,original,sdnet_D,18,0.389888755253383,0.7877697841726619
efficientnet_b0,42,sonda_lineal,original,sdnet_D,19,0.3891935884952545,0.7832699619771863
efficientnet_b0,42,sonda_lineal,original,sdnet_D,20,0.3870974889823368,0.7840909090909091
efficientnet_b0,42,sonda_lineal,original,sdnet_D,21,0.3844949870450156,0.783427495291902
efficientnet_b0,42,sonda_lineal,original,sdnet_D,22,0.3829524045331137,0.7898550724637681
efficientnet_b0,42,sonda_lineal,original,sdnet_D,23,0.3824386629036495,0.7902621722846442
efficientnet_b0,42,sonda_lineal,original,sdnet_D,24,0.3807097894804818,0.79182156133829
efficientnet_b0,42,sonda_lineal,original,sdnet_D,25,0.3804061886242458,0.7784200385356455
efficientnet_b0,42,sonda_lineal,original,sdnet_D,26,0.3759276584216526,0.7910189982728842
efficientnet_b0,42,sonda_lineal,original,sdnet_D,27,0.3837928332601275,0.7900763358778626
efficientnet_b0,42,sonda_lineal,original,sdnet_D,28,0.3812350264617375,0.7900763358778626
efficientnet_b0,42,sonda_lineal,original,sdnet_D,29,0.3750171719278608,0.7853211009174312
efficientnet_b0,42,sonda_lineal,original,sdnet_D,30,0.3734949818679264,0.7873134328358209
efficientnet_b0,42,sonda_lineal,original,sdnet_D,31,0.3730588580880846,0.7902621722846442
efficientnet_b0,42,sonda_lineal,original,sdnet_D,32,0.3714463995184217,0.7845303867403315
efficientnet_b0,42,sonda_lineal,original,sdnet_D,33,0.3713196492195129,0.7923809523809524
efficientnet_b0,42,sonda_lineal,original,sdnet_D,34,0.3713575564111982,0.7932960893854749
efficientnet_b0,42,sonda_lineal,original,sdnet_D,35,0.3715017914772033,0.7849462365591398
efficientnet_b0,42,sonda_lineal,original,sdnet_D,36,0.3699491914681025,0.7900763358778626
efficientnet_b0,42,sonda_lineal,original,sdnet_D,37,0.3701872055871146,0.7923809523809524
efficientnet_b0,42,sonda_lineal,original,sdnet_D,38,0.3697581664153507,0.7862318840579711
efficientnet_b0,42,sonda_lineal,original,sdnet_D,39,0.3653592583111354,0.7946768060836502
efficientnet_b0,42,sonda_lineal,original,sdnet_D,40,0.3661119415078844,0.7888888888888889
efficientnet_b0,42,sonda_lineal,original,sdnet_D,41,0.3647085474218641,0.7866419294990723
efficientnet_b0,42,sonda_lineal,original,sdnet_D,42,0.3642914002282278,0.7874306839186691
efficientnet_b0,42,sonda_lineal,original,sdnet_D,43,0.3637713004861559,0.7954545454545454
efficientnet_b0,42,sonda_lineal,original,sdnet_D,44,0.3619655655111585,0.7824497257769653
efficientnet_b0,42,sonda_lineal,original,sdnet_D,45,0.363171739407948,0.7818181818181819
efficientnet_b0,42,sonda_lineal,original,sdnet_D,46,0.3610720717906951,0.7900763358778626
efficientnet_b0,42,sonda_lineal,original,sdnet_D,47,0.3622533713068281,0.7824497257769653
efficientnet_b0,42,sonda_lineal,original,sdnet_D,48,0.359679822070258,0.7947269303201506
efficientnet_b0,42,sonda_lineal,original,sdnet_D,49,0.3650419812543051,0.7641325536062378
efficientnet_b0,42,sonda_lineal,original,sdnet_D,50,0.3645287266799382,0.7811934900542495
efficientnet_b0,42,sonda_lineal,original,sdnet_D,51,0.3580336921555655,0.7917448405253283
efficientnet_b0,42,sonda_lineal,original,sdnet_D,52,0.3593187708514077,0.7885714285714286
efficientnet_b0,42,sonda_lineal,original,sdnet_D,53,0.3626738337108067,0.7923809523809524
efficientnet_b0,42,sonda_lineal,original,sdnet_P,0,0.5918903861727033,0.7307692307692307
efficientnet_b0,42,sonda_lineal,original,sdnet_P,1,0.4875665579523359,0.7710843373493976
efficientnet_b0,42,sonda_lineal,original,sdnet_P,2,0.4394006594589778,0.8069565217391305
efficientnet_b0,42,sonda_lineal,original,sdnet_P,3,0.4088781365326472,0.8169014084507042
efficientnet_b0,42,sonda_lineal,original,sdnet_P,4,0.3886954397814614,0.8292682926829268
efficientnet_b0,42,sonda_lineal,original,sdnet_P,5,0.373755612543651,0.8373702422145328
efficientnet_b0,42,sonda_lineal,original,sdnet_P,6,0.3621825918129512,0.840630472854641
efficientnet_b0,42,sonda_lineal,original,sdnet_P,7,0.3526870053155082,0.8492201039861352
efficientnet_b0,42,sonda_lineal,original,sdnet_P,8,0.3446156350203923,0.8516579406631762
efficientnet_b0,42,sonda_lineal,original,sdnet_P,9,0.3382877954414913,0.8521739130434782
efficientnet_b0,42,sonda_lineal,original,sdnet_P,10,0.3319024932384491,0.8536585365853658
efficientnet_b0,42,sonda_lineal,original,sdnet_P,11,0.3268040326663426,0.8566433566433567
efficientnet_b0,42,sonda_lineal,original,sdnet_P,12,0.3221761953830719,0.8571428571428571
efficientnet_b0,42,sonda_lineal,original,sdnet_P,13,0.3192450472286769,0.8566493955094991
efficientnet_b0,42,sonda_lineal,original,sdnet_P,14,0.314073349237442,0.8566433566433567
efficientnet_b0,42,sonda_lineal,original,sdnet_P,15,0.3106436737946101,0.8596187175043327
efficientnet_b0,42,sonda_lineal,original,sdnet_P,16,0.3080426950114114,0.8556338028169014
efficientnet_b0,42,sonda_lineal,original,sdnet_P,17,0.3044773302759443,0.8601036269430051
efficientnet_b0,42,sonda_lineal,original,sdnet_P,18,0.3016889882087707,0.8596491228070176
efficientnet_b0,42,sonda_lineal,original,sdnet_P,19,0.300053596326283,0.863481228668942
efficientnet_b0,42,sonda_lineal,original,sdnet_P,20,0.2992986847673143,0.8611111111111112
efficientnet_b0,42,sonda_lineal,original,sdnet_P,21,0.2971317376409258,0.8606701940035273
efficientnet_b0,42,sonda_lineal,original,sdnet_P,22,0.2934935786042895,0.8644939965694682
efficientnet_b0,42,sonda_lineal,original,sdnet_P,23,0.2894334082092558,0.861646234676007
efficientnet_b0,42,sonda_lineal,original,sdnet_P,24,0.2881785893440247,0.863013698630137
efficientnet_b0,42,sonda_lineal,original,sdnet_P,25,0.2856687621559415,0.8636363636363636
efficientnet_b0,42,sonda_lineal,original,sdnet_P,26,0.2840233429840633,0.8679245283018868
efficientnet_b0,42,sonda_lineal,original,sdnet_P,27,0.2825657778126852,0.8651488616462347
efficientnet_b0,42,sonda_lineal,original,sdnet_P,28,0.2810294927869524,0.8651488616462347
efficientnet_b0,42,sonda_lineal,original,sdnet_P,29,0.27874579003879,0.8655172413793103
efficientnet_b0,42,sonda_lineal,original,sdnet_P,30,0.2774761663164411,0.8671328671328671
efficientnet_b0,42,sonda_lineal,original,sdnet_P,31,0.2756371791022164,0.8651488616462347
efficientnet_b0,42,sonda_lineal,original,sdnet_P,32,0.2739933117798396,0.8685121107266436
efficientnet_b0,42,sonda_lineal,original,sdnet_P,33,0.2734543018681662,0.8646748681898067
efficientnet_b0,42,sonda_lineal,original,sdnet_P,34,0.272728670324598,0.8685121107266436
efficientnet_b0,42,sonda_lineal,original,sdnet_P,35,0.2717073362214224,0.868824531516184
efficientnet_b0,42,sonda_lineal,original,sdnet_P,36,0.269562754205295,0.8657243816254417
efficientnet_b0,42,sonda_lineal,original,sdnet_P,37,0.2678758730207171,0.8668941979522184
efficientnet_b0,42,sonda_lineal,original,sdnet_P,38,0.2672112627540315,0.8706293706293706
efficientnet_b0,42,sonda_lineal,original,sdnet_P,39,0.2661082136631012,0.8646748681898067
efficientnet_b0,42,sonda_lineal,original,sdnet_P,40,0.263987489087241,0.8730434782608696
efficientnet_b0,42,sonda_lineal,original,sdnet_P,41,0.2625577428511211,0.8706293706293706
efficientnet_b0,42,sonda_lineal,original,sdnet_P,42,0.2610947105714253,0.8706293706293706
efficientnet_b0,42,sonda_lineal,original,sdnet_P,43,0.2599766325950622,0.8734835355285961
efficientnet_b0,42,sonda_lineal,original,sdnet_P,44,0.2589067825249263,0.8671328671328671
efficientnet_b0,42,sonda_lineal,original,sdnet_P,45,0.258005051272256,0.8724137931034482
efficientnet_b0,42,sonda_lineal,original,sdnet_P,46,0.2566077320064817,0.8646748681898067
efficientnet_b0,42,sonda_lineal,original,sdnet_P,47,0.2566953548363277,0.8666666666666667
efficientnet_b0,42,sonda_lineal,original,sdnet_P,48,0.2554864396367754,0.8771331058020477
efficientnet_b0,42,sonda_lineal,original,sdnet_P,49,0.2556800901889801,0.8632326820603907
efficientnet_b0,42,sonda_lineal,original,sdnet_P,50,0.2548826570170266,0.8794567062818336
efficientnet_b0,42,sonda_lineal,original,sdnet_P,51,0.2526272794178554,0.8700173310225303
efficientnet_b0,42,sonda_lineal,original,sdnet_P,52,0.2506122636795044,0.8671328671328671
efficientnet_b0,42,sonda_lineal,original,sdnet_P,53,0.2507120814493724,0.8715277777777778
efficientnet_b0,42,sonda_lineal,original,sdnet_P,54,0.2502593053238732,0.8752136752136752
efficientnet_b0,42,sonda_lineal,original,sdnet_P,55,0.2478010599953787,0.8691099476439791
efficientnet_b0,42,sonda_lineal,original,sdnet_P,56,0.2472993389197758,0.8686514886164624
efficientnet_b0,42,sonda_lineal,original,sdnet_P,57,0.2459072877679552,0.8747855917667239
efficientnet_b0,42,sonda_lineal,original,sdnet_P,58,0.2463744836194174,0.8691099476439791
efficientnet_b0,42,sonda_lineal,original,sdnet_P,59,0.2447955073629106,0.867595818815331
efficientnet_b0,42,sonda_lineal,original,sdnet_P,60,0.2435802061217171,0.8741496598639455
efficientnet_b0,42,sonda_lineal,original,sdnet_W,0,0.6394552186557225,0.7339805825242719
efficientnet_b0,42,sonda_lineal,original,sdnet_W,1,0.5194545371191842,0.7552986512524085
efficientnet_b0,42,sonda_lineal,original,sdnet_W,2,0.4670645858560289,0.7723880597014925
efficientnet_b0,42,sonda_lineal,original,sdnet_W,3,0.4349820394175393,0.7838827838827839
efficientnet_b0,42,sonda_lineal,original,sdnet_W,4,0.4165790425028119,0.7918968692449355
efficientnet_b0,42,sonda_lineal,original,sdnet_W,5,0.402448330777032,0.8
efficientnet_b0,42,sonda_lineal,original,sdnet_W,6,0.3906432330608368,0.8071428571428572
efficientnet_b0,42,sonda_lineal,original,sdnet_W,7,0.3829874054023198,0.8079710144927537
efficientnet_b0,42,sonda_lineal,original,sdnet_W,8,0.3761529065881456,0.8037383177570093
efficientnet_b0,42,sonda_lineal,original,sdnet_W,9,0.3710778193814414,0.809437386569873
efficientnet_b0,42,sonda_lineal,original,sdnet_W,10,0.3648915299347469,0.8114901256732495
efficientnet_b0,42,sonda_lineal,original,sdnet_W,11,0.3598082043443407,0.8130671506352087
efficientnet_b0,42,sonda_lineal,original,sdnet_W,12,0.3553620375905718,0.8161764705882353
efficientnet_b0,42,sonda_lineal,original,sdnet_W,13,0.3519140977518899,0.8176991150442477
efficientnet_b0,42,sonda_lineal,original,sdnet_W,14,0.3485932053838457,0.818348623853211
efficientnet_b0,42,sonda_lineal,original,sdnet_W,15,0.3459910772527967,0.8129496402877698
efficientnet_b0,42,sonda_lineal,original,sdnet_W,16,0.34191875066076,0.8191881918819188
efficientnet_b0,42,sonda_lineal,original,sdnet_W,17,0.3396055459976196,0.8176991150442477
efficientnet_b0,42,sonda_lineal,original,sdnet_W,18,0.337480343239648,0.8220640569395018
efficientnet_b0,42,sonda_lineal,original,sdnet_W,19,0.3347458801950727,0.8216216216216217
efficientnet_b0,42,sonda_lineal,original,sdnet_W,20,0.3329474702903202,0.8205128205128205
efficientnet_b0,42,sonda_lineal,original,sdnet_W,21,0.3335699978896549,0.8222222222222222
efficientnet_b0,42,sonda_lineal,original,sdnet_W,22,0.3277855391161782,0.8258527827648114
efficientnet_b0,42,sonda_lineal,original,sdnet_W,23,0.3266108817713601,0.8303249097472925
efficientnet_b0,42,sonda_lineal,original,sdnet_W,24,0.3238537323474884,0.8273381294964028
efficientnet_b0,42,sonda_lineal,original,sdnet_W,25,0.3220962587424687,0.8288288288288288
efficientnet_b0,42,sonda_lineal,original,sdnet_W,26,0.3203157913684845,0.8298611111111112
efficientnet_b0,42,sonda_lineal,original,sdnet_W,27,0.3204608062335423,0.8312611012433393
efficientnet_b0,42,sonda_lineal,original,sdnet_W,28,0.3185421429361615,0.8308823529411765
efficientnet_b0,42,sonda_lineal,original,sdnet_W,29,0.3168632624830518,0.8278388278388278
efficientnet_b0,42,sonda_lineal,original,sdnet_W,30,0.3138929402828216,0.831304347826087
efficientnet_b0,42,sonda_lineal,original,sdnet_W,31,0.3142829033306666,0.8208955223880597
efficientnet_b0,42,sonda_lineal,original,sdnet_W,32,0.3112517547607422,0.8321678321678322
efficientnet_b0,42,sonda_lineal,original,sdnet_W,33,0.3110432001522609,0.8339350180505415
efficientnet_b0,42,sonda_lineal,original,sdnet_W,34,0.3086955678462982,0.8369565217391305
efficientnet_b0,42,sonda_lineal,original,sdnet_W,35,0.3073952291693006,0.8336252189141856
efficientnet_b0,42,sonda_lineal,original,sdnet_W,36,0.3059450694492885,0.8321167883211679
efficientnet_b0,42,sonda_lineal,original,sdnet_W,37,0.3052530469213213,0.8371278458844134
efficientnet_b0,42,sonda_lineal,original,sdnet_W,38,0.3032089345795767,0.8321167883211679
efficientnet_b0,42,sonda_lineal,original,sdnet_W,39,0.3042579163823809,0.8339350180505415
efficientnet_b0,42,sonda_lineal,original,sdnet_W,40,0.3032598589999335,0.8347826086956521
efficientnet_b0,42,sonda_lineal,original,sdnet_W,41,0.3027938035556248,0.8391608391608392
efficientnet_b0,42,sonda_lineal,original,sdnet_W,42,0.3020612135955265,0.8265682656826568
efficientnet_b0,42,sonda_lineal,original,sdnet_W,43,0.3001880235331399,0.8339350180505415
efficientnet_b0,42,sonda_lineal,original,sdnet_W,44,0.2979313383783613,0.8399311531841652
efficientnet_b0,42,sonda_lineal,original,sdnet_W,45,0.3001961631434304,0.829981718464351
efficientnet_b0,42,sonda_lineal,original,sdnet_W,46,0.2983334142821175,0.8287292817679558
efficientnet_b0,42,sonda_lineal,original,sdnet_W,47,0.2976299520901271,0.8359240069084629
efficientnet_b0,42,sonda_lineal,original,sdnet_W,48,0.29624704514231,0.8395061728395061
efficientnet_b0,42,sonda_lineal,original,sdnet_W,49,0.2953052811963217,0.8257575757575758
efficientnet_b0,42,sonda_lineal,original,sdnet_W,50,0.2956491012232644,0.8364888123924269
efficientnet_b0,42,sonda_lineal,original,sdnet_W,51,0.2915227845736912,0.8297101449275363
efficientnet_b0,42,sonda_lineal,original,sdnet_W,52,0.2907222310134342,0.8318264014466547
efficientnet_b0,42,sonda_lineal,original,sdnet_W,53,0.2902834263869694,0.8374558303886925
efficientnet_b0,42,sonda_lineal,original,sdnet_W,54,0.2880822261742183,0.8339350180505415
efficientnet_b0,42,sonda_lineal,original,metu,0,0.3605814697912761,0.9882352941176472
efficientnet_b0,42,sonda_lineal,original,metu,1,0.1080658053074564,0.9899665551839464
efficientnet_b0,42,sonda_lineal,original,metu,2,0.058301536313125,0.9933333333333332
efficientnet_b0,42,sonda_lineal,original,metu,3,0.0426318440054144,0.9933333333333332
efficientnet_b0,42,sonda_lineal,original,metu,4,0.0350387547590902,0.9933333333333332
efficientnet_b0,42,sonda_lineal,original,metu,5,0.0306012327117579,0.994991652754591
efficientnet_b0,42,sonda_lineal,original,metu,6,0.0273672856603349,0.9966666666666668
efficientnet_b0,42,sonda_lineal,original,metu,7,0.0249243370017835,0.9966666666666668
efficientnet_b0,42,sonda_lineal,original,metu,8,0.02274486570486,0.9966666666666668
efficientnet_b0,42,sonda_lineal,original,metu,9,0.0210770680116755,0.9966666666666668
efficientnet_b0,42,sonda_lineal,original,metu,10,0.0196676163801125,0.9966666666666668
efficientnet_b0,42,sonda_lineal,original,metu,11,0.0183550847800714,0.9966666666666668
efficientnet_b0,42,sonda_lineal,original,metu,12,0.0171973446650164,0.9966666666666668
efficientnet_b0,42,sonda_lineal,original,metu,13,0.0162298502879483,0.9983361064891848
efficientnet_b0,42,sonda_lineal,original,metu,14,0.0153162823617458,0.9983361064891848
efficientnet_b0,42,sonda_lineal,original,metu,15,0.0145727620007736,0.9983361064891848
efficientnet_b0,42,sonda_lineal,original,metu,16,0.0138454837458474,0.9983361064891848
efficientnet_b0,42,sonda_lineal,original,metu,17,0.0132323616051248,0.9983361064891848
efficientnet_b0,42,sonda_lineal,original,metu,18,0.0126297315795506,0.9983361064891848
efficientnet_b0,42,sonda_lineal,original,metu,19,0.0121497196783976,0.9983361064891848
efficientnet_b0,42,sonda_lineal,original,metu,20,0.0116322061685579,0.9983361064891848
efficientnet_b0,42,sonda_lineal,original,metu,21,0.0111677759406822,0.9983361064891848
efficientnet_b0,42,sonda_lineal,original,metu,22,0.0107682535265173,0.9983361064891848
efficientnet_b0,42,sonda_lineal,original,metu,23,0.0103664699276643,0.9983361064891848
efficientnet_b0,43,sonda_lineal,original,sdnet_D,0,0.6297962481634958,0.7160940325497287
efficientnet_b0,43,sonda_lineal,original,sdnet_D,1,0.5263476484162467,0.7340425531914894
efficientnet_b0,43,sonda_lineal,original,sdnet_D,2,0.4845080535752433,0.7377938517179023
efficientnet_b0,43,sonda_lineal,original,sdnet_D,3,0.4605839649268559,0.7417475728155339
efficientnet_b0,43,sonda_lineal,original,sdnet_D,4,0.4427967648846762,0.7625649913344887
efficientnet_b0,43,sonda_lineal,original,sdnet_D,5,0.4370026407923017,0.7683823529411765
efficientnet_b0,43,sonda_lineal,original,sdnet_D,6,0.4265905616964612,0.7712665406427222
efficientnet_b0,43,sonda_lineal,original,sdnet_D,7,0.4190392100811004,0.7821229050279329
efficientnet_b0,43,sonda_lineal,original,sdnet_D,8,0.4142193537099021,0.7806691449814126
efficientnet_b0,43,sonda_lineal,original,sdnet_D,9,0.4099519567830222,0.7829313543599258
efficientnet_b0,43,sonda_lineal,original,sdnet_D,10,0.4080228747640337,0.7741935483870968
efficientnet_b0,43,sonda_lineal,original,sdnet_D,11,0.4031053517545973,0.77882797731569
efficientnet_b0,43,sonda_lineal,original,sdnet_D,12,0.4004053912843976,0.7851851851851852
efficientnet_b0,43,sonda_lineal,original,sdnet_D,13,0.3984344845158713,0.7804878048780488
efficientnet_b0,43,sonda_lineal,original,sdnet_D,14,0.3964687466621399,0.7786259541984732
efficientnet_b0,43,sonda_lineal,original,sdnet_D,15,0.3925421236242566,0.7854545454545454
efficientnet_b0,43,sonda_lineal,original,sdnet_D,16,0.3918205225467682,0.7819548872180451
efficientnet_b0,43,sonda_lineal,original,sdnet_D,17,0.3890955325535365,0.7850467289719626
efficientnet_b0,43,sonda_lineal,original,sdnet_D,18,0.3875739579541342,0.7867647058823529
efficientnet_b0,43,sonda_lineal,original,sdnet_D,19,0.3860504288332803,0.7867647058823529
efficientnet_b0,43,sonda_lineal,original,sdnet_D,20,0.3883276322909764,0.7786259541984732
efficientnet_b0,43,sonda_lineal,original,sdnet_D,21,0.3844913971424102,0.780114722753346
efficientnet_b0,43,sonda_lineal,original,sdnet_D,22,0.382402799980981,0.7899461400359067
efficientnet_b0,43,sonda_lineal,original,sdnet_D,23,0.3812960074629102,0.7822878228782287
efficientnet_b0,43,sonda_lineal,original,sdnet_D,24,0.3833429881504603,0.7909604519774012
efficientnet_b0,43,sonda_lineal,original,sdnet_D,25,0.3781628509930202,0.7862595419847328
efficientnet_b0,43,sonda_lineal,original,sdnet_D,26,0.3767139523369925,0.7876588021778584
efficientnet_b0,43,sonda_lineal,original,sdnet_D,27,0.3757519997869219,0.7910447761194029
efficientnet_b0,43,sonda_lineal,original,sdnet_D,28,0.375036255461829,0.7862318840579711
efficientnet_b0,43,sonda_lineal,original,sdnet_D,29,0.3734325897693634,0.7895716945996276
efficientnet_b0,43,sonda_lineal,original,sdnet_D,30,0.3727103911127363,0.7846715328467153
efficientnet_b0,43,sonda_lineal,original,sdnet_D,31,0.3732518538406917,0.7888888888888889
efficientnet_b0,43,sonda_lineal,original,sdnet_D,32,0.3704800222601209,0.7853211009174312
efficientnet_b0,43,sonda_lineal,original,sdnet_D,33,0.3703508343015398,0.7886792452830189
efficientnet_b0,43,sonda_lineal,original,sdnet_D,34,0.368170486007418,0.7838827838827839
efficientnet_b0,43,sonda_lineal,original,sdnet_D,35,0.3695513807024274,0.7875457875457875
efficientnet_b0,43,sonda_lineal,original,sdnet_D,36,0.3702004177229745,0.7923809523809524
efficientnet_b0,43,sonda_lineal,original,sdnet_D,37,0.3669813447339194,0.7910447761194029
efficientnet_b0,43,sonda_lineal,original,sdnet_D,38,0.3657324310711451,0.7881040892193308
efficientnet_b0,43,sonda_lineal,original,sdnet_D,39,0.3646838302271706,0.7837338262476895
efficientnet_b0,43,sonda_lineal,original,sdnet_D,40,0.364053406885692,0.7873134328358209
efficientnet_b0,43,sonda_lineal,original,sdnet_D,41,0.3636663622515542,0.7873134328358209
efficientnet_b0,43,sonda_lineal,original,sdnet_D,42,0.3636333509853908,0.7908745247148289
efficientnet_b0,43,sonda_lineal,original,sdnet_D,43,0.3638194968019213,0.7832422586520947
efficientnet_b0,43,sonda_lineal,original,sdnet_D,44,0.3626661550998687,0.7833935018050542
efficientnet_b0,43,sonda_lineal,original,sdnet_D,45,0.3621758002894265,0.7851851851851852
efficientnet_b0,43,sonda_lineal,original,sdnet_D,46,0.3619560366017478,0.7859778597785978
efficientnet_b0,43,sonda_lineal,original,sdnet_P,0,0.6350672020230974,0.7547770700636943
efficientnet_b0,43,sonda_lineal,original,sdnet_P,1,0.510952696119036,0.7671232876712328
efficientnet_b0,43,sonda_lineal,original,sdnet_P,2,0.4563621473312378,0.8055077452667814
efficientnet_b0,43,sonda_lineal,original,sdnet_P,3,0.4210048958233424,0.8227194492254734
efficientnet_b0,43,sonda_lineal,original,sdnet_P,4,0.4000109527792249,0.8316151202749141
efficientnet_b0,43,sonda_lineal,original,sdnet_P,5,0.3826902527468545,0.8231173380035026
efficientnet_b0,43,sonda_lineal,original,sdnet_P,6,0.3697419694491795,0.848381601362862
efficientnet_b0,43,sonda_lineal,original,sdnet_P,7,0.360286350761141,0.8359788359788359
efficientnet_b0,43,sonda_lineal,original,sdnet_P,8,0.3514535929475512,0.8430034129692833
efficientnet_b0,43,sonda_lineal,original,sdnet_P,9,0.345156819990703,0.8516579406631762
efficientnet_b0,43,sonda_lineal,original,sdnet_P,10,0.3375868499279022,0.8556521739130435
efficientnet_b0,43,sonda_lineal,original,sdnet_P,11,0.3323480388096401,0.8491228070175438
efficientnet_b0,43,sonda_lineal,original,sdnet_P,12,0.3276580332006727,0.8591065292096219
efficientnet_b0,43,sonda_lineal,original,sdnet_P,13,0.3239379595007215,0.8506151142355008
efficientnet_b0,43,sonda_lineal,original,sdnet_P,14,0.3197984172616686,0.8546409807355516
efficientnet_b0,43,sonda_lineal,original,sdnet_P,15,0.3153242089067186,0.8620102214650767
efficientnet_b0,43,sonda_lineal,original,sdnet_P,16,0.3139869700159345,0.8490230905861457
efficientnet_b0,43,sonda_lineal,original,sdnet_P,17,0.3115070530346461,0.863013698630137
efficientnet_b0,43,sonda_lineal,original,sdnet_P,18,0.308669410262789,0.8601036269430051
efficientnet_b0,43,sonda_lineal,original,sdnet_P,19,0.3049027175562722,0.8621908127208481
efficientnet_b0,43,sonda_lineal,original,sdnet_P,20,0.3023567824704306,0.8596187175043327
efficientnet_b0,43,sonda_lineal,original,sdnet_P,21,0.2984030384676797,0.8626086956521739
efficientnet_b0,43,sonda_lineal,original,sdnet_P,22,0.2965993329456874,0.8666666666666667
efficientnet_b0,43,sonda_lineal,original,sdnet_P,23,0.294543719632285,0.8640275387263339
efficientnet_b0,43,sonda_lineal,original,sdnet_P,24,0.2924562112774168,0.8671328671328671
efficientnet_b0,43,sonda_lineal,original,sdnet_P,25,0.2900024315289088,0.8650519031141869
efficientnet_b0,43,sonda_lineal,original,sdnet_P,26,0.2883874465738024,0.8670120898100173
efficientnet_b0,43,sonda_lineal,original,sdnet_P,27,0.2858546807084764,0.8691099476439791
efficientnet_b0,43,sonda_lineal,original,sdnet_P,28,0.2856870763642447,0.8691099476439791
efficientnet_b0,43,sonda_lineal,original,sdnet_P,29,0.2830925026961735,0.8595890410958904
efficientnet_b0,43,sonda_lineal,original,sdnet_P,30,0.2806915157181876,0.8671328671328671
efficientnet_b0,43,sonda_lineal,original,sdnet_P,31,0.2798818051815033,0.8689655172413793
efficientnet_b0,43,sonda_lineal,original,sdnet_P,32,0.2779735875129699,0.8710801393728222
efficientnet_b0,43,sonda_lineal,original,sdnet_P,33,0.2764403287002018,0.8710801393728222
efficientnet_b0,43,sonda_lineal,original,sdnet_P,34,0.27512754542487,0.867595818815331
efficientnet_b0,43,sonda_lineal,original,sdnet_P,35,0.2735388159751892,0.8674698795180723
efficientnet_b0,43,sonda_lineal,original,sdnet_P,36,0.2725657314913613,0.8631578947368421
efficientnet_b0,43,sonda_lineal,original,sdnet_P,37,0.2712746119499206,0.8700173310225303
efficientnet_b0,43,sonda_lineal,original,sdnet_P,38,0.2700120644909995,0.8700173310225303
efficientnet_b0,43,sonda_lineal,original,sdnet_P,39,0.2691486324582781,0.8646748681898067
efficientnet_b0,43,sonda_lineal,original,sdnet_P,40,0.2681008206095014,0.8710801393728222
efficientnet_b0,43,sonda_lineal,original,sdnet_P,41,0.2666587432793209,0.865979381443299
efficientnet_b0,43,sonda_lineal,original,sdnet_P,42,0.2646622702053615,0.8686514886164624
efficientnet_b0,43,sonda_lineal,original,sdnet_W,0,0.6303490499087743,0.7711267605633803
efficientnet_b0,43,sonda_lineal,original,sdnet_W,1,0.5140242425033025,0.7728813559322034
efficientnet_b0,43,sonda_lineal,original,sdnet_W,2,0.4645034876891545,0.7818181818181819
efficientnet_b0,43,sonda_lineal,original,sdnet_W,3,0.4334833642414638,0.7955390334572491
efficientnet_b0,43,sonda_lineal,original,sdnet_W,4,0.4131944635936192,0.7985739750445633
efficientnet_b0,43,sonda_lineal,original,sdnet_W,5,0.4010564010483878,0.8007380073800738
efficientnet_b0,43,sonda_lineal,original,sdnet_W,6,0.3895350417069026,0.802158273381295
efficientnet_b0,43,sonda_lineal,original,sdnet_W,7,0.3823363312653133,0.8043087971274686
efficientnet_b0,43,sonda_lineal,original,sdnet_W,8,0.3760174318722316,0.8079710144927537
efficientnet_b0,43,sonda_lineal,original,sdnet_W,9,0.3691732590539114,0.8109090909090909
efficientnet_b0,43,sonda_lineal,original,sdnet_W,10,0.3638995431150709,0.8093525179856115
efficientnet_b0,43,sonda_lineal,original,sdnet_W,11,0.359885972908565,0.8185185185185185
efficientnet_b0,43,sonda_lineal,original,sdnet_W,12,0.3557860444273267,0.8160291438979964
efficientnet_b0,43,sonda_lineal,original,sdnet_W,13,0.3519622256074633,0.8176795580110497
efficientnet_b0,43,sonda_lineal,original,sdnet_W,14,0.3488339371340615,0.8191881918819188
efficientnet_b0,43,sonda_lineal,original,sdnet_W,15,0.3446840247086116,0.8163992869875223
efficientnet_b0,43,sonda_lineal,original,sdnet_W,16,0.3416328537464141,0.8191881918819188
efficientnet_b0,43,sonda_lineal,original,sdnet_W,17,0.3391587892600468,0.8190127970749543
efficientnet_b0,43,sonda_lineal,original,sdnet_W,18,0.3369185064520155,0.8218181818181818
efficientnet_b0,43,sonda_lineal,original,sdnet_W,19,0.3345921019145421,0.8237410071942446
efficientnet_b0,43,sonda_lineal,original,sdnet_W,20,0.3317763841152191,0.8168498168498168
efficientnet_b0,43,sonda_lineal,original,sdnet_W,21,0.3304201660837446,0.8254545454545454
efficientnet_b0,43,sonda_lineal,original,sdnet_W,22,0.3277255608354296,0.8264758497316637
efficientnet_b0,43,sonda_lineal,original,sdnet_W,23,0.3256830232484,0.8273381294964028
efficientnet_b0,43,sonda_lineal,original,sdnet_W,24,0.324476227419717,0.8220183486238533
efficientnet_b0,43,sonda_lineal,original,sdnet_W,25,0.3216149205820901,0.8350877192982457
efficientnet_b0,43,sonda_lineal,original,sdnet_W,26,0.3211997737203325,0.8226691042047533
efficientnet_b0,43,sonda_lineal,original,sdnet_W,27,0.3189850200925554,0.8248175182481752
efficientnet_b0,43,sonda_lineal,original,sdnet_W,28,0.317700799192701,0.831304347826087
efficientnet_b0,43,sonda_lineal,original,sdnet_W,29,0.3154051761967795,0.8267148014440433
efficientnet_b0,43,sonda_lineal,original,sdnet_W,30,0.3138242278780256,0.8309352517985612
efficientnet_b0,43,sonda_lineal,original,sdnet_W,31,0.3133523534025464,0.8315412186379928
efficientnet_b0,43,sonda_lineal,original,sdnet_W,32,0.3124925351142883,0.8359240069084629
efficientnet_b0,43,sonda_lineal,original,sdnet_W,33,0.3113168142523084,0.8357664233576643
efficientnet_b0,43,sonda_lineal,original,sdnet_W,34,0.3086437031200953,0.8339350180505415
efficientnet_b0,43,sonda_lineal,original,sdnet_W,35,0.3072628120013645,0.8380281690140845
efficientnet_b0,43,sonda_lineal,original,sdnet_W,36,0.305979755946568,0.8378870673952641
efficientnet_b0,43,sonda_lineal,original,sdnet_W,37,0.3051653615065983,0.8321428571428572
efficientnet_b0,43,sonda_lineal,original,sdnet_W,38,0.3034956698758261,0.8333333333333334
efficientnet_b0,43,sonda_lineal,original,sdnet_W,39,0.3038477497441428,0.8330275229357799
efficientnet_b0,43,sonda_lineal,original,sdnet_W,40,0.3036085188388824,0.8351648351648352
efficientnet_b0,43,sonda_lineal,original,sdnet_W,41,0.3008151004995618,0.8324324324324325
efficientnet_b0,43,sonda_lineal,original,sdnet_W,42,0.3003661690439497,0.8351254480286738
efficientnet_b0,43,sonda_lineal,original,sdnet_W,43,0.2982353113378797,0.8336314847942755
efficientnet_b0,43,sonda_lineal,original,sdnet_W,44,0.297769877399717,0.8413547237076648
efficientnet_b0,43,sonda_lineal,original,sdnet_W,45,0.2959929403236934,0.8300536672629696
efficientnet_b0,43,sonda_lineal,original,sdnet_W,46,0.2961812734603882,0.8395061728395061
efficientnet_b0,43,sonda_lineal,original,sdnet_W,47,0.2947303324086325,0.8394160583941606
efficientnet_b0,43,sonda_lineal,original,sdnet_W,48,0.2958417843069349,0.8351254480286738
efficientnet_b0,43,sonda_lineal,original,sdnet_W,49,0.2951088551112584,0.8397212543554007
efficientnet_b0,43,sonda_lineal,original,sdnet_W,50,0.2919566742011479,0.829443447037702
efficientnet_b0,43,sonda_lineal,original,sdnet_W,51,0.2912108514990125,0.840630472854641
efficientnet_b0,43,sonda_lineal,original,sdnet_W,52,0.29195480125291,0.8393782383419689
efficientnet_b0,43,sonda_lineal,original,sdnet_W,53,0.2906755973611559,0.8339350180505415
efficientnet_b0,43,sonda_lineal,original,sdnet_W,54,0.2884394104140145,0.8430335097001763
efficientnet_b0,43,sonda_lineal,original,sdnet_W,55,0.2890281106744494,0.8350515463917526
efficientnet_b0,43,sonda_lineal,original,sdnet_W,56,0.2928786052976336,0.8339350180505415
efficientnet_b0,43,sonda_lineal,original,sdnet_W,57,0.2897168055602482,0.8333333333333334
efficientnet_b0,43,sonda_lineal,original,sdnet_W,58,0.2863352588244847,0.840630472854641
efficientnet_b0,43,sonda_lineal,original,sdnet_W,59,0.2850901516846248,0.8300536672629696
efficientnet_b0,43,sonda_lineal,original,sdnet_W,60,0.2836828277792249,0.8348457350272233
efficientnet_b0,43,sonda_lineal,original,sdnet_W,61,0.2835136036361966,0.840630472854641
efficientnet_b0,43,sonda_lineal,original,sdnet_W,62,0.282841021503721,0.8424778761061947
efficientnet_b0,43,sonda_lineal,original,sdnet_W,63,0.2818571862152644,0.8324324324324325
efficientnet_b0,43,sonda_lineal,original,sdnet_W,64,0.2815454069205693,0.8363636363636363
efficientnet_b0,43,sonda_lineal,original,metu,0,0.4368871428285326,0.9899665551839464
efficientnet_b0,43,sonda_lineal,original,metu,1,0.1302130342807088,0.9899665551839464
efficientnet_b0,43,sonda_lineal,original,metu,2,0.0677931218700749,0.991652754590985
efficientnet_b0,43,sonda_lineal,original,metu,3,0.0487384992837905,0.991652754590985
efficientnet_b0,43,sonda_lineal,original,metu,4,0.039811081801142,0.9933110367892976
efficientnet_b0,43,sonda_lineal,original,metu,5,0.0345577755996159,0.994991652754591
efficientnet_b0,43,sonda_lineal,original,metu,6,0.0308392850841794,0.9966666666666668
efficientnet_b0,43,sonda_lineal,original,metu,7,0.0279759842370237,0.9966666666666668
efficientnet_b0,43,sonda_lineal,original,metu,8,0.0256334112371717,0.9966666666666668
efficientnet_b0,43,sonda_lineal,original,metu,9,0.0237264394227947,0.9966666666666668
efficientnet_b0,43,sonda_lineal,original,metu,10,0.022025773285755,0.9966666666666668
efficientnet_b0,43,sonda_lineal,original,metu,11,0.0205617888165371,0.9966666666666668
efficientnet_b0,43,sonda_lineal,original,metu,12,0.0193279072269797,0.9966666666666668
efficientnet_b0,43,sonda_lineal,original,metu,13,0.0181999592642698,0.9966666666666668
efficientnet_b0,43,sonda_lineal,original,metu,14,0.0172374361114842,0.9983361064891848
efficientnet_b0,43,sonda_lineal,original,metu,15,0.0163487729749509,0.9983361064891848
efficientnet_b0,43,sonda_lineal,original,metu,16,0.0155370317878467,0.9983361064891848
efficientnet_b0,43,sonda_lineal,original,metu,17,0.014824536123446,0.9983361064891848
efficientnet_b0,43,sonda_lineal,original,metu,18,0.0141765531525015,0.9983361064891848
efficientnet_b0,43,sonda_lineal,original,metu,19,0.0135606636532715,0.9983361064891848
efficientnet_b0,43,sonda_lineal,original,metu,20,0.0130324433105332,0.9983361064891848
efficientnet_b0,43,sonda_lineal,original,metu,21,0.012552864216268,0.9983361064891848
efficientnet_b0,43,sonda_lineal,original,metu,22,0.0121217665289129,0.9983361064891848
efficientnet_b0,43,sonda_lineal,original,metu,23,0.0116556707716413,0.9983361064891848
efficientnet_b0,43,sonda_lineal,original,metu,24,0.0112719199540359,0.9983361064891848
efficientnet_b0,44,sonda_lineal,original,sdnet_D,0,0.6121632150241307,0.7084870848708487
efficientnet_b0,44,sonda_lineal,original,sdnet_D,1,0.5219043343407768,0.7282415630550622
efficientnet_b0,44,sonda_lineal,original,sdnet_D,2,0.4802416798046657,0.7234848484848485
efficientnet_b0,44,sonda_lineal,original,sdnet_D,3,0.4576044344902039,0.7411764705882353
efficientnet_b0,44,sonda_lineal,original,sdnet_D,4,0.4439734409536634,0.7725631768953068
efficientnet_b0,44,sonda_lineal,original,sdnet_D,5,0.4328933256013053,0.7795992714025501
efficientnet_b0,44,sonda_lineal,original,sdnet_D,6,0.4282457874502454,0.7578125
efficientnet_b0,44,sonda_lineal,original,sdnet_D,7,0.4184162650789533,0.7771428571428571
efficientnet_b0,44,sonda_lineal,original,sdnet_D,8,0.4154594760281699,0.7853211009174312
efficientnet_b0,44,sonda_lineal,original,sdnet_D,9,0.4092080155440739,0.777988614800759
efficientnet_b0,44,sonda_lineal,original,sdnet_D,10,0.4056081220081874,0.7843866171003717
efficientnet_b0,44,sonda_lineal,original,sdnet_D,11,0.4027225754942213,0.7873134328358209
efficientnet_b0,44,sonda_lineal,original,sdnet_D,12,0.3998080769606999,0.7827715355805244
efficientnet_b0,44,sonda_lineal,original,sdnet_D,13,0.3966765904426574,0.7817836812144212
efficientnet_b0,44,sonda_lineal,original,sdnet_D,14,0.3960191554682595,0.7861060329067642
efficientnet_b0,44,sonda_lineal,original,sdnet_D,15,0.3925376657077244,0.7819548872180451
efficientnet_b0,44,sonda_lineal,original,sdnet_D,16,0.3909474773066384,0.7895716945996276
efficientnet_b0,44,sonda_lineal,original,sdnet_D,17,0.3899548055444445,0.783427495291902
efficientnet_b0,44,sonda_lineal,original,sdnet_D,18,0.3883126745905195,0.7840909090909091
efficientnet_b0,44,sonda_lineal,original,sdnet_D,19,0.3852645376750401,0.7910447761194029
efficientnet_b0,44,sonda_lineal,original,sdnet_D,20,0.3868787215437207,0.7925233644859813
efficientnet_b0,44,sonda_lineal,original,sdnet_D,21,0.3836164355278015,0.7784200385356455
efficientnet_b0,44,sonda_lineal,original,sdnet_D,22,0.3817786635671343,0.7868852459016393
efficientnet_b0,44,sonda_lineal,original,sdnet_D,23,0.3803987043244498,0.7901701323251418
efficientnet_b0,44,sonda_lineal,original,sdnet_D,24,0.3775594755581447,0.7870036101083032
efficientnet_b0,44,sonda_lineal,original,sdnet_D,25,0.3787580226148878,0.7878787878787878
efficientnet_b0,44,sonda_lineal,original,sdnet_D,26,0.3765230260576521,0.7893738140417458
efficientnet_b0,44,sonda_lineal,original,sdnet_D,27,0.376619941677366,0.7859778597785978
efficientnet_b0,44,sonda_lineal,original,sdnet_D,28,0.3760176881722041,0.7875457875457875
efficientnet_b0,44,sonda_lineal,original,sdnet_D,29,0.3741039049625396,0.7862318840579711
efficientnet_b0,44,sonda_lineal,original,sdnet_D,30,0.3739240625926426,0.7874306839186691
efficientnet_b0,44,sonda_lineal,original,sdnet_P,0,0.5947304558753967,0.7623604465709729
efficientnet_b0,44,sonda_lineal,original,sdnet_P,1,0.4928161559786115,0.7657342657342657
efficientnet_b0,44,sonda_lineal,original,sdnet_P,2,0.4451069356713976,0.803448275862069
efficientnet_b0,44,sonda_lineal,original,sdnet_P,3,0.413380890744073,0.8148148148148148
efficientnet_b0,44,sonda_lineal,original,sdnet_P,4,0.39415436063494,0.8412162162162162
efficientnet_b0,44,sonda_lineal,original,sdnet_P,5,0.3797533001218523,0.8303886925795053
efficientnet_b0,44,sonda_lineal,original,sdnet_P,6,0.3668854176998138,0.8517241379310345
efficientnet_b0,44,sonda_lineal,original,sdnet_P,7,0.3573631150381905,0.8551724137931035
efficientnet_b0,44,sonda_lineal,original,sdnet_P,8,0.3497386816569737,0.8537005163511188
efficientnet_b0,44,sonda_lineal,original,sdnet_P,9,0.3422840178012848,0.8541666666666666
efficientnet_b0,44,sonda_lineal,original,sdnet_P,10,0.337031752041408,0.8456140350877193
efficientnet_b0,44,sonda_lineal,original,sdnet_P,11,0.3310311283384051,0.8566493955094991
efficientnet_b0,44,sonda_lineal,original,sdnet_P,12,0.3268918917860303,0.8485915492957746
efficientnet_b0,44,sonda_lineal,original,sdnet_P,13,0.3221498681817736,0.8601036269430051
efficientnet_b0,44,sonda_lineal,original,sdnet_P,14,0.3176593862261091,0.8556521739130435
efficientnet_b0,44,sonda_lineal,original,sdnet_P,15,0.3140392228535243,0.8611111111111112
efficientnet_b0,44,sonda_lineal,original,sdnet_P,16,0.3110272817952292,0.8596187175043327
efficientnet_b0,44,sonda_lineal,original,sdnet_P,17,0.3078825107642582,0.8576388888888888
efficientnet_b0,44,sonda_lineal,original,sdnet_P,18,0.3051169286455427,0.8576388888888888
efficientnet_b0,44,sonda_lineal,original,sdnet_P,19,0.302913030215672,0.8596491228070176
efficientnet_b0,44,sonda_lineal,original,sdnet_P,20,0.3004495855740138,0.8640275387263339
efficientnet_b0,44,sonda_lineal,original,sdnet_P,21,0.2979701367446354,0.8611599297012302
efficientnet_b0,44,sonda_lineal,original,sdnet_P,22,0.2952824772255761,0.8674698795180723
efficientnet_b0,44,sonda_lineal,original,sdnet_P,23,0.2927524837425777,0.8586387434554974
efficientnet_b0,44,sonda_lineal,original,sdnet_P,24,0.291550315788814,0.864957264957265
efficientnet_b0,44,sonda_lineal,original,sdnet_P,25,0.2894010776281356,0.8631578947368421
efficientnet_b0,44,sonda_lineal,original,sdnet_P,26,0.2872065770626068,0.8611111111111112
efficientnet_b0,44,sonda_lineal,original,sdnet_P,27,0.2851558666569846,0.8651488616462347
efficientnet_b0,44,sonda_lineal,original,sdnet_P,28,0.283642623254231,0.8620689655172413
efficientnet_b0,44,sonda_lineal,original,sdnet_P,29,0.2815721912043435,0.867595818815331
efficientnet_b0,44,sonda_lineal,original,sdnet_P,30,0.2798562422820499,0.8710801393728222
efficientnet_b0,44,sonda_lineal,original,sdnet_P,31,0.27900277699743,0.8661971830985915
efficientnet_b0,44,sonda_lineal,original,sdnet_P,32,0.2765285638400486,0.8625429553264605
efficientnet_b0,44,sonda_lineal,original,sdnet_P,33,0.275138509443828,0.8646748681898067
efficientnet_b0,44,sonda_lineal,original,sdnet_P,34,0.2756169470718929,0.8663282571912013
efficientnet_b0,44,sonda_lineal,original,sdnet_P,35,0.2734372563021524,0.8646748681898067
efficientnet_b0,44,sonda_lineal,original,sdnet_P,36,0.2720754250458309,0.8606701940035273
efficientnet_b0,44,sonda_lineal,original,sdnet_P,37,0.2698756636892046,0.8644939965694682
efficientnet_b0,44,sonda_lineal,original,sdnet_P,38,0.2705497826848711,0.8666666666666667
efficientnet_b0,44,sonda_lineal,original,sdnet_P,39,0.268036190697125,0.8691099476439791
efficientnet_b0,44,sonda_lineal,original,sdnet_P,40,0.2658873491627829,0.8710801393728222
efficientnet_b0,44,sonda_lineal,original,sdnet_W,0,0.6165421073777335,0.7592592592592593
efficientnet_b0,44,sonda_lineal,original,sdnet_W,1,0.5085444145543234,0.7758620689655172
efficientnet_b0,44,sonda_lineal,original,sdnet_W,2,0.4570222057615007,0.7756653992395437
efficientnet_b0,44,sonda_lineal,original,sdnet_W,3,0.4310125567231859,0.7871939736346516
efficientnet_b0,44,sonda_lineal,original,sdnet_W,4,0.4121361633709499,0.8034782608695652
efficientnet_b0,44,sonda_lineal,original,sdnet_W,5,0.400218209198543,0.8
efficientnet_b0,44,sonda_lineal,original,sdnet_W,6,0.3892916102068764,0.8058608058608059
efficientnet_b0,44,sonda_lineal,original,sdnet_W,7,0.3804292925766536,0.8065099457504521
efficientnet_b0,44,sonda_lineal,original,sdnet_W,8,0.374448903117861,0.8072072072072072
efficientnet_b0,44,sonda_lineal,original,sdnet_W,9,0.3677541540350232,0.8139963167587477
efficientnet_b0,44,sonda_lineal,original,sdnet_W,10,0.363363596541541,0.8093525179856115
efficientnet_b0,44,sonda_lineal,original,sdnet_W,11,0.3584898693220956,0.8136200716845878
efficientnet_b0,44,sonda_lineal,original,sdnet_W,12,0.3562284255027771,0.8170055452865065
efficientnet_b0,44,sonda_lineal,original,sdnet_W,13,0.3517596386160169,0.8161764705882353
efficientnet_b0,44,sonda_lineal,original,sdnet_W,14,0.351309837273189,0.8347529812606473
efficientnet_b0,44,sonda_lineal,original,sdnet_W,15,0.3463506272860935,0.818348623853211
efficientnet_b0,44,sonda_lineal,original,sdnet_W,16,0.3420817424569811,0.8191881918819188
efficientnet_b0,44,sonda_lineal,original,sdnet_W,17,0.3417281901836395,0.8161764705882353
efficientnet_b0,44,sonda_lineal,original,sdnet_W,18,0.3371278512477875,0.8231173380035026
efficientnet_b0,44,sonda_lineal,original,sdnet_W,19,0.3362860294750758,0.8176795580110497
efficientnet_b0,44,sonda_lineal,original,sdnet_W,20,0.3347025113446372,0.8191881918819188
efficientnet_b0,44,sonda_lineal,original,sdnet_W,21,0.3314306482246943,0.8168498168498168
efficientnet_b0,44,sonda_lineal,original,sdnet_W,22,0.3279333640847887,0.8258527827648114
efficientnet_b0,44,sonda_lineal,original,sdnet_W,23,0.3259712925979069,0.8239564428312159
efficientnet_b0,44,sonda_lineal,original,sdnet_W,24,0.327506274495806,0.8327526132404182
efficientnet_b0,44,sonda_lineal,original,metu,0,0.3881590278659548,0.9882747068676716
efficientnet_b0,44,sonda_lineal,original,metu,1,0.1164668553641864,0.9882747068676716
efficientnet_b0,44,sonda_lineal,original,metu,2,0.062327638225896,0.9933333333333332
efficientnet_b0,44,sonda_lineal,original,metu,3,0.0452557932691914,0.9933333333333332
efficientnet_b0,44,sonda_lineal,original,metu,4,0.0372651716215269,0.994991652754591
efficientnet_b0,44,sonda_lineal,original,metu,5,0.032215098036187,0.994991652754591
efficientnet_b0,44,sonda_lineal,original,metu,6,0.0288297887785094,0.994991652754591
efficientnet_b0,44,sonda_lineal,original,metu,7,0.0262363379767962,0.994991652754591
efficientnet_b0,44,sonda_lineal,original,metu,8,0.0240409309417009,0.994991652754591
efficientnet_b0,44,sonda_lineal,original,metu,9,0.0222450043154614,0.994991652754591
efficientnet_b0,44,sonda_lineal,original,metu,10,0.0206963677331805,0.9966666666666668
efficientnet_b0,44,sonda_lineal,original,metu,11,0.019318026165877,0.9966666666666668
efficientnet_b0,44,sonda_lineal,original,metu,12,0.0181753994311605,0.9983361064891848
efficientnet_b0,44,sonda_lineal,original,metu,13,0.0170925454476049,0.9983361064891848
efficientnet_b0,44,sonda_lineal,original,metu,14,0.0162011790594884,0.9983361064891848
efficientnet_b0,44,sonda_lineal,original,metu,15,0.0153390267917088,0.9983361064891848
efficientnet_b0,44,sonda_lineal,original,metu,16,0.0146335121936031,0.9983361064891848
efficientnet_b0,44,sonda_lineal,original,metu,17,0.0139559068477579,0.9983361064891848
efficientnet_b0,44,sonda_lineal,original,metu,18,0.0133217695887599,0.9983361064891848
efficientnet_b0,44,sonda_lineal,original,metu,19,0.0128144425685916,0.9983361064891848
efficientnet_b0,44,sonda_lineal,original,metu,20,0.0122589793748089,0.9983361064891848
efficientnet_b0,44,sonda_lineal,original,metu,21,0.0118017614819109,0.9983361064891848
efficientnet_b0,44,sonda_lineal,original,metu,22,0.0113394255723272,0.9983361064891848
mobilenetv3_small_100,42,sonda_lineal,original,sdnet_D,0,0.5781680147988456,0.7159090909090909
mobilenetv3_small_100,42,sonda_lineal,original,sdnet_D,1,0.4900434437819889,0.704
mobilenetv3_small_100,42,sonda_lineal,original,sdnet_D,2,0.4683672085830143,0.7168316831683168
mobilenetv3_small_100,42,sonda_lineal,original,sdnet_D,3,0.4517086684703827,0.7553191489361702
mobilenetv3_small_100,42,sonda_lineal,original,sdnet_D,4,0.444288386787687,0.7532467532467533
mobilenetv3_small_100,42,sonda_lineal,original,sdnet_D,5,0.4384859526157379,0.7397260273972602
mobilenetv3_small_100,42,sonda_lineal,original,sdnet_D,6,0.4297295994418008,0.7397260273972602
mobilenetv3_small_100,42,sonda_lineal,original,sdnet_D,7,0.4250350107465471,0.7590132827324478
mobilenetv3_small_100,42,sonda_lineal,original,sdnet_D,8,0.419143933568682,0.7602996254681648
mobilenetv3_small_100,42,sonda_lineal,original,sdnet_D,9,0.4161988006319319,0.7609942638623327
mobilenetv3_small_100,42,sonda_lineal,original,sdnet_D,10,0.4137815398829323,0.7636363636363637
mobilenetv3_small_100,42,sonda_lineal,original,sdnet_D,11,0.4116049567290715,0.763302752293578
mobilenetv3_small_100,42,sonda_lineal,original,sdnet_D,12,0.4097291624546051,0.7606679035250464
mobilenetv3_small_100,42,sonda_lineal,original,sdnet_D,13,0.4074113433701651,0.7635009310986964
mobilenetv3_small_100,42,sonda_lineal,original,sdnet_D,14,0.4075192502566746,0.7601476014760148
mobilenetv3_small_100,42,sonda_lineal,original,sdnet_D,15,0.4041622367927006,0.7697841726618705
mobilenetv3_small_100,42,sonda_lineal,original,sdnet_D,16,0.3999928670270102,0.7553816046966731
mobilenetv3_small_100,42,sonda_lineal,original,sdnet_D,17,0.4003532281943729,0.7637051039697542
mobilenetv3_small_100,42,sonda_lineal,original,sdnet_D,18,0.3972368502616882,0.7695099818511797
mobilenetv3_small_100,42,sonda_lineal,original,sdnet_D,19,0.3964368559632982,0.7631578947368421
mobilenetv3_small_100,42,sonda_lineal,original,sdnet_D,20,0.3956383465017591,0.7626168224299066
mobilenetv3_small_100,42,sonda_lineal,original,sdnet_D,21,0.3943377189976828,0.758220502901354
mobilenetv3_small_100,42,sonda_lineal,original,sdnet_D,22,0.3922517740726471,0.7717996289424861
mobilenetv3_small_100,42,sonda_lineal,original,sdnet_D,23,0.3912039385523115,0.7622641509433963
mobilenetv3_small_100,42,sonda_lineal,original,sdnet_D,24,0.3899946890558515,0.7683823529411765
mobilenetv3_small_100,42,sonda_lineal,original,sdnet_D,25,0.3896034147058214,0.7628083491461101
mobilenetv3_small_100,42,sonda_lineal,original,sdnet_D,26,0.3861168709823063,0.7802385008517888
mobilenetv3_small_100,42,sonda_lineal,original,sdnet_D,27,0.3917630662236895,0.7726432532347505
mobilenetv3_small_100,42,sonda_lineal,original,sdnet_D,28,0.3908626171520778,0.7628083491461101
mobilenetv3_small_100,42,sonda_lineal,original,sdnet_D,29,0.3858656183310917,0.7642585551330798
mobilenetv3_small_100,42,sonda_lineal,original,sdnet_D,30,0.3844911909103393,0.7700934579439253
mobilenetv3_small_100,42,sonda_lineal,original,sdnet_D,31,0.3837859681674412,0.7613636363636364
mobilenetv3_small_100,42,sonda_lineal,original,sdnet_D,32,0.3826509666442871,0.7661141804788214
mobilenetv3_small_100,42,sonda_lineal,original,sdnet_D,33,0.3823160927636282,0.7692307692307693
mobilenetv3_small_100,42,sonda_lineal,original,sdnet_D,34,0.3806741208689553,0.769811320754717
mobilenetv3_small_100,42,sonda_lineal,original,sdnet_D,35,0.3805617696898324,0.7769784172661871
mobilenetv3_small_100,42,sonda_lineal,original,sdnet_D,36,0.3792916749204908,0.7604562737642585
mobilenetv3_small_100,42,sonda_lineal,original,sdnet_P,0,0.5362868031433651,0.7875647668393783
mobilenetv3_small_100,42,sonda_lineal,original,sdnet_P,1,0.4273088502883911,0.7913669064748201
mobilenetv3_small_100,42,sonda_lineal,original,sdnet_P,2,0.3974489503247397,0.7964601769911505
mobilenetv3_small_100,42,sonda_lineal,original,sdnet_P,3,0.3764545101778848,0.8269896193771626
mobilenetv3_small_100,42,sonda_lineal,original,sdnet_P,4,0.3633799343449729,0.8330404217926186
mobilenetv3_small_100,42,sonda_lineal,original,sdnet_P,5,0.3550917710576738,0.8492201039861352
mobilenetv3_small_100,42,sonda_lineal,original,sdnet_P,6,0.347346224784851,0.8471001757469244
mobilenetv3_small_100,42,sonda_lineal,original,sdnet_P,7,0.341114125762667,0.8506944444444444
mobilenetv3_small_100,42,sonda_lineal,original,sdnet_P,8,0.3372353822844369,0.8377896613190731
mobilenetv3_small_100,42,sonda_lineal,original,sdnet_P,9,0.3319822950022561,0.8576388888888888
mobilenetv3_small_100,42,sonda_lineal,original,sdnet_P,10,0.3278694318022047,0.8537414965986394
mobilenetv3_small_100,42,sonda_lineal,original,sdnet_P,11,0.3227079010009765,0.8581314878892734
mobilenetv3_small_100,42,sonda_lineal,original,sdnet_P,12,0.319237356867109,0.8600682593856656
mobilenetv3_small_100,42,sonda_lineal,original,sdnet_P,13,0.3201659653867994,0.8590604026845637
mobilenetv3_small_100,42,sonda_lineal,original,sdnet_P,14,0.3159104837690081,0.8614864864864865
mobilenetv3_small_100,42,sonda_lineal,original,sdnet_P,15,0.3109000032288687,0.8571428571428571
mobilenetv3_small_100,42,sonda_lineal,original,sdnet_P,16,0.3091174023491995,0.8520499108734403
mobilenetv3_small_100,42,sonda_lineal,original,sdnet_P,17,0.3073359446866172,0.8590831918505942
mobilenetv3_small_100,42,sonda_lineal,original,sdnet_P,18,0.3035734905515398,0.8625429553264605
mobilenetv3_small_100,42,sonda_lineal,original,sdnet_P,19,0.3013069917474474,0.865979381443299
mobilenetv3_small_100,42,sonda_lineal,original,sdnet_P,20,0.2995300439425877,0.862876254180602
mobilenetv3_small_100,42,sonda_lineal,original,sdnet_P,21,0.3008559451784406,0.8596187175043327
mobilenetv3_small_100,42,sonda_lineal,original,sdnet_P,22,0.2961760875156947,0.8641975308641975
mobilenetv3_small_100,42,sonda_lineal,original,sdnet_P,23,0.2976942343371255,0.8586206896551725
mobilenetv3_small_100,42,sonda_lineal,original,sdnet_P,24,0.2944180076462881,0.8681135225375626
mobilenetv3_small_100,42,sonda_lineal,original,sdnet_P,25,0.2917056371484484,0.8683760683760684
mobilenetv3_small_100,42,sonda_lineal,original,sdnet_P,26,0.2885659887109484,0.8666666666666667
mobilenetv3_small_100,42,sonda_lineal,original,sdnet_P,27,0.2905124698366437,0.8645833333333334
mobilenetv3_small_100,42,sonda_lineal,original,sdnet_P,28,0.2891993294443403,0.8606271777003485
mobilenetv3_small_100,42,sonda_lineal,original,sdnet_P,29,0.2855274060794285,0.8601036269430051
mobilenetv3_small_100,42,sonda_lineal,original,sdnet_P,30,0.284837760754994,0.8717948717948718
mobilenetv3_small_100,42,sonda_lineal,original,sdnet_P,31,0.2827560131890433,0.8664383561643836
mobilenetv3_small_100,42,sonda_lineal,original,sdnet_P,32,0.2822760338442666,0.8644939965694682
mobilenetv3_small_100,42,sonda_lineal,original,sdnet_P,33,0.2803984483650752,0.865979381443299
mobilenetv3_small_100,42,sonda_lineal,original,sdnet_P,34,0.2797991265569414,0.8596187175043327
mobilenetv3_small_100,42,sonda_lineal,original,sdnet_P,35,0.2789425734111241,0.8716216216216216
mobilenetv3_small_100,42,sonda_lineal,original,sdnet_P,36,0.2768918634312493,0.8655172413793103
mobilenetv3_small_100,42,sonda_lineal,original,sdnet_P,37,0.2756034631388528,0.8679245283018868
mobilenetv3_small_100,42,sonda_lineal,original,sdnet_P,38,0.2757524575505938,0.8674698795180723
mobilenetv3_small_100,42,sonda_lineal,original,sdnet_P,39,0.2743371205670493,0.8601398601398601
mobilenetv3_small_100,42,sonda_lineal,original,sdnet_P,40,0.2731992297513144,0.868824531516184
mobilenetv3_small_100,42,sonda_lineal,original,sdnet_W,0,0.5876615771225521,0.7504761904761905
mobilenetv3_small_100,42,sonda_lineal,original,sdnet_W,1,0.4941316056251525,0.7298387096774194
mobilenetv3_small_100,42,sonda_lineal,original,sdnet_W,2,0.4626678594521113,0.7470817120622568
mobilenetv3_small_100,42,sonda_lineal,original,sdnet_W,3,0.444759897334235,0.7660311958405546
mobilenetv3_small_100,42,sonda_lineal,original,sdnet_W,4,0.4349684773172651,0.7700534759358288
mobilenetv3_small_100,42,sonda_lineal,original,sdnet_W,5,0.4272246878487723,0.7613636363636364
mobilenetv3_small_100,42,sonda_lineal,original,sdnet_W,6,0.4187653221402849,0.7730496453900709
mobilenetv3_small_100,42,sonda_lineal,original,sdnet_W,7,0.4143378496170044,0.7791741472172352
mobilenetv3_small_100,42,sonda_lineal,original,sdnet_W,8,0.4095208963326045,0.7591522157996147
mobilenetv3_small_100,42,sonda_lineal,original,sdnet_W,9,0.4051423575196947,0.7689393939393939
mobilenetv3_small_100,42,sonda_lineal,original,sdnet_W,10,0.4013582956790924,0.7783783783783784
mobilenetv3_small_100,42,sonda_lineal,original,sdnet_W,11,0.3986270388535091,0.7878787878787878
mobilenetv3_small_100,42,sonda_lineal,original,sdnet_W,12,0.3942110191072736,0.7886323268206039
mobilenetv3_small_100,42,sonda_lineal,original,sdnet_W,13,0.3917396918364934,0.8
mobilenetv3_small_100,42,sonda_lineal,original,sdnet_W,14,0.3887977072170802,0.7777777777777778
mobilenetv3_small_100,42,sonda_lineal,original,sdnet_W,15,0.3901534116268157,0.7950530035335689
mobilenetv3_small_100,42,sonda_lineal,original,sdnet_W,16,0.3837608887468065,0.7926605504587156
mobilenetv3_small_100,42,sonda_lineal,original,sdnet_W,17,0.382032287972314,0.8028169014084507
mobilenetv3_small_100,42,sonda_lineal,original,sdnet_W,18,0.38213025195258,0.7964285714285714
mobilenetv3_small_100,42,sonda_lineal,original,sdnet_W,19,0.3790734560149056,0.8034782608695652
mobilenetv3_small_100,42,sonda_lineal,original,sdnet_W,20,0.3777325591019221,0.804920913884007
mobilenetv3_small_100,42,sonda_lineal,original,sdnet_W,21,0.3837825906276703,0.7964285714285714
mobilenetv3_small_100,42,sonda_lineal,original,sdnet_W,22,0.3771225828783853,0.8021978021978022
mobilenetv3_small_100,42,sonda_lineal,original,sdnet_W,23,0.3742777788639068,0.777988614800759
mobilenetv3_small_100,42,sonda_lineal,original,sdnet_W,24,0.3777277890273502,0.7956989247311828
mobilenetv3_small_100,42,sonda_lineal,original,sdnet_W,25,0.3735229189055306,0.8081494057724957
mobilenetv3_small_100,42,sonda_lineal,original,sdnet_W,26,0.3740588825089591,0.7961783439490446
mobilenetv3_small_100,42,sonda_lineal,original,sdnet_W,27,0.3758724401678358,0.7993366500829188
mobilenetv3_small_100,42,sonda_lineal,original,sdnet_W,28,0.3762667518002646,0.7963963963963964
mobilenetv3_small_100,42,sonda_lineal,original,sdnet_W,29,0.3710336863994598,0.7786259541984732
mobilenetv3_small_100,42,sonda_lineal,original,sdnet_W,30,0.3665672576427459,0.7964285714285714
mobilenetv3_small_100,42,sonda_lineal,original,sdnet_W,31,0.3653551529135023,0.7948717948717948
mobilenetv3_small_100,42,sonda_lineal,original,sdnet_W,32,0.3636206865310669,0.7943262411347518
mobilenetv3_small_100,42,sonda_lineal,original,sdnet_W,33,0.3631989157199859,0.7978910369068541
mobilenetv3_small_100,42,sonda_lineal,original,sdnet_W,34,0.3625451828752245,0.7942238267148014
mobilenetv3_small_100,42,sonda_lineal,original,sdnet_W,35,0.3608236733504704,0.7950089126559715
mobilenetv3_small_100,42,sonda_lineal,original,metu,0,0.3025599178246089,0.998330550918197
mobilenetv3_small_100,42,sonda_lineal,original,metu,1,0.0617559374655996,0.9983361064891848
mobilenetv3_small_100,42,sonda_lineal,original,metu,2,0.0293163997679948,0.9983361064891848
mobilenetv3_small_100,42,sonda_lineal,original,metu,3,0.0205198943189212,0.9983361064891848
mobilenetv3_small_100,42,sonda_lineal,original,metu,4,0.0166028005097593,0.9983361064891848
mobilenetv3_small_100,42,sonda_lineal,original,metu,5,0.0143573361848081,0.9983361064891848
mobilenetv3_small_100,42,sonda_lineal,original,metu,6,0.0127773687988519,0.9983361064891848
mobilenetv3_small_100,42,sonda_lineal,original,metu,7,0.0115956059523991,0.9983361064891848
mobilenetv3_small_100,42,sonda_lineal,original,metu,8,0.0105453221233827,0.9983361064891848
mobilenetv3_small_100,42,sonda_lineal,original,metu,9,0.0096682829143745,0.9983361064891848
mobilenetv3_small_100,42,sonda_lineal,original,metu,10,0.0089643842434244,0.9983361064891848
mobilenetv3_small_100,42,sonda_lineal,original,metu,11,0.0083140747967575,0.9983361064891848
mobilenetv3_small_100,43,sonda_lineal,original,sdnet_D,0,0.6051946432249886,0.7210626185958254
mobilenetv3_small_100,43,sonda_lineal,original,sdnet_D,1,0.4937745005743844,0.7387387387387387
mobilenetv3_small_100,43,sonda_lineal,original,sdnet_D,2,0.4655212272916521,0.7481751824817519
mobilenetv3_small_100,43,sonda_lineal,original,sdnet_D,3,0.4497210802350725,0.7293666026871402
mobilenetv3_small_100,43,sonda_lineal,original,sdnet_D,4,0.4376107115404946,0.7634408602150538
mobilenetv3_small_100,43,sonda_lineal,original,sdnet_D,5,0.4368939537661416,0.76
mobilenetv3_small_100,43,sonda_lineal,original,sdnet_D,6,0.4296976268291473,0.7608695652173914
mobilenetv3_small_100,43,sonda_lineal,original,sdnet_D,7,0.4243103679588862,0.7640449438202247
mobilenetv3_small_100,43,sonda_lineal,original,sdnet_D,8,0.4183747952325004,0.7604562737642585
mobilenetv3_small_100,43,sonda_lineal,original,sdnet_D,9,0.4148259747028351,0.7669724770642202
mobilenetv3_small_100,43,sonda_lineal,original,sdnet_D,10,0.4143488526344299,0.7657992565055762
mobilenetv3_small_100,43,sonda_lineal,original,sdnet_D,11,0.4109889873436519,0.7571701720841301
mobilenetv3_small_100,43,sonda_lineal,original,sdnet_D,12,0.4082114514282771,0.7604562737642585
mobilenetv3_small_100,43,sonda_lineal,original,sdnet_D,13,0.4055438944271632,0.7575757575757576
mobilenetv3_small_100,43,sonda_lineal,original,sdnet_D,14,0.4034747276987348,0.7608286252354048
mobilenetv3_small_100,43,sonda_lineal,original,sdnet_D,15,0.402796915939876,0.7752212389380531
mobilenetv3_small_100,43,sonda_lineal,original,sdnet_D,16,0.4015487747532981,0.7622641509433963
mobilenetv3_small_100,43,sonda_lineal,original,sdnet_D,17,0.3986382005895887,0.7617260787992496
mobilenetv3_small_100,43,sonda_lineal,original,sdnet_D,18,0.3961483367851802,0.7631578947368421
mobilenetv3_small_100,43,sonda_lineal,original,sdnet_D,19,0.3959927764960698,0.7631578947368421
mobilenetv3_small_100,43,sonda_lineal,original,sdnet_D,20,0.3947098975522177,0.7677902621722846
mobilenetv3_small_100,43,sonda_lineal,original,sdnet_D,21,0.3936672726699284,0.7586206896551724
mobilenetv3_small_100,43,sonda_lineal,original,sdnet_D,22,0.391316111598696,0.7677902621722846
mobilenetv3_small_100,43,sonda_lineal,original,sdnet_D,23,0.3905545677457537,0.7777777777777778
mobilenetv3_small_100,43,sonda_lineal,original,sdnet_D,24,0.3911639838559287,0.7675675675675676
mobilenetv3_small_100,43,sonda_lineal,original,sdnet_D,25,0.3898107823303767,0.768361581920904
mobilenetv3_small_100,43,sonda_lineal,original,sdnet_D,26,0.3874588784149715,0.7755102040816326
mobilenetv3_small_100,43,sonda_lineal,original,sdnet_D,27,0.385656669991357,0.769811320754717
mobilenetv3_small_100,43,sonda_lineal,original,sdnet_D,28,0.3854208498341697,0.7787934186471663
mobilenetv3_small_100,43,sonda_lineal,original,sdnet_D,29,0.3840026717526572,0.7651515151515151
mobilenetv3_small_100,43,sonda_lineal,original,sdnet_D,30,0.3851370040008,0.770949720670391
mobilenetv3_small_100,43,sonda_lineal,original,sdnet_D,31,0.3902041501658303,0.7633587786259542
mobilenetv3_small_100,43,sonda_lineal,original,sdnet_D,32,0.3846595799922943,0.7758007117437722
mobilenetv3_small_100,43,sonda_lineal,original,sdnet_D,33,0.3822182272161756,0.7717391304347826
mobilenetv3_small_100,43,sonda_lineal,original,sdnet_D,34,0.3812054462092263,0.775
mobilenetv3_small_100,43,sonda_lineal,original,sdnet_D,35,0.3841302154745374,0.782608695652174
mobilenetv3_small_100,43,sonda_lineal,original,sdnet_D,36,0.3892485010623931,0.7661141804788214
mobilenetv3_small_100,43,sonda_lineal,original,sdnet_D,37,0.3830540076323918,0.7652495378927912
mobilenetv3_small_100,43,sonda_lineal,original,sdnet_D,38,0.3788592430523463,0.7660377358490567
mobilenetv3_small_100,43,sonda_lineal,original,sdnet_D,39,0.3771760281494685,0.7663551401869159
mobilenetv3_small_100,43,sonda_lineal,original,sdnet_D,40,0.3758073805059705,0.7666034155597723
mobilenetv3_small_100,43,sonda_lineal,original,sdnet_D,41,0.3767583964552198,0.7654784240150094
mobilenetv3_small_100,43,sonda_lineal,original,sdnet_D,42,0.3758992551054273,0.7567567567567568
mobilenetv3_small_100,43,sonda_lineal,original,sdnet_D,43,0.377317944083895,0.7654784240150094
mobilenetv3_small_100,43,sonda_lineal,original,sdnet_D,44,0.3746111825534275,0.7731397459165155
mobilenetv3_small_100,43,sonda_lineal,original,sdnet_D,45,0.3741524616309574,0.7799642218246869
mobilenetv3_small_100,43,sonda_lineal,original,sdnet_P,0,0.5806100283350263,0.7720465890183028
mobilenetv3_small_100,43,sonda_lineal,original,sdnet_P,1,0.4394341213362557,0.7904599659284497
mobilenetv3_small_100,43,sonda_lineal,original,sdnet_P,2,0.4032730616841997,0.8070796460176991
mobilenetv3_small_100,43,sonda_lineal,original,sdnet_P,3,0.3802411714621952,0.8210526315789474
mobilenetv3_small_100,43,sonda_lineal,original,sdnet_P,4,0.3696230694225856,0.8291873963515755
mobilenetv3_small_100,43,sonda_lineal,original,sdnet_P,5,0.3604928452627999,0.8397212543554007
mobilenetv3_small_100,43,sonda_lineal,original,sdnet_P,6,0.3512792427199227,0.8546409807355516
mobilenetv3_small_100,43,sonda_lineal,original,sdnet_P,7,0.3444216012954711,0.8428571428571429
mobilenetv3_small_100,43,sonda_lineal,original,sdnet_P,8,0.3372226861545018,0.852233676975945
mobilenetv3_small_100,43,sonda_lineal,original,sdnet_P,9,0.3349861701897212,0.8484848484848485
mobilenetv3_small_100,43,sonda_lineal,original,sdnet_P,10,0.3305118947369712,0.8581436077057794
mobilenetv3_small_100,43,sonda_lineal,original,sdnet_P,11,0.3258784479754312,0.8484848484848485
mobilenetv3_small_100,43,sonda_lineal,original,sdnet_P,12,0.32328777551651,0.8561643835616438
mobilenetv3_small_100,43,sonda_lineal,original,sdnet_P,13,0.3188062979493822,0.8542372881355932
mobilenetv3_small_100,43,sonda_lineal,original,sdnet_P,14,0.3197223946026393,0.8551236749116607
mobilenetv3_small_100,43,sonda_lineal,original,sdnet_P,15,0.3114593645504542,0.8610634648370498
mobilenetv3_small_100,43,sonda_lineal,original,sdnet_P,16,0.3099462262221745,0.8640275387263339
mobilenetv3_small_100,43,sonda_lineal,original,sdnet_P,17,0.3089807982104165,0.8615916955017301
mobilenetv3_small_100,43,sonda_lineal,original,sdnet_P,18,0.3079859973703112,0.8509212730318257
mobilenetv3_small_100,43,sonda_lineal,original,sdnet_P,19,0.3068595606940133,0.8591065292096219
mobilenetv3_small_100,43,sonda_lineal,original,sdnet_P,20,0.3022339476857866,0.8621908127208481
mobilenetv3_small_100,43,sonda_lineal,original,sdnet_P,21,0.3004999039854322,0.8610634648370498
mobilenetv3_small_100,43,sonda_lineal,original,sdnet_P,22,0.297195120368685,0.8620689655172413
mobilenetv3_small_100,43,sonda_lineal,original,sdnet_P,23,0.2959770018713815,0.8620689655172413
mobilenetv3_small_100,43,sonda_lineal,original,sdnet_P,24,0.2941310416800635,0.8635578583765112
mobilenetv3_small_100,43,sonda_lineal,original,sdnet_P,25,0.2924836390359061,0.8625429553264605
mobilenetv3_small_100,43,sonda_lineal,original,sdnet_P,26,0.2906668683460781,0.8576329331046312
mobilenetv3_small_100,43,sonda_lineal,original,sdnet_W,0,0.6013988300732204,0.7168316831683168
mobilenetv3_small_100,43,sonda_lineal,original,sdnet_W,1,0.4895925547395434,0.7743055555555556
mobilenetv3_small_100,43,sonda_lineal,original,sdnet_W,2,0.4584502618653434,0.7906976744186046
mobilenetv3_small_100,43,sonda_lineal,original,sdnet_W,3,0.4427345851489476,0.7684021543985637
mobilenetv3_small_100,43,sonda_lineal,original,sdnet_W,4,0.4303937341485704,0.7868284228769498
mobilenetv3_small_100,43,sonda_lineal,original,sdnet_W,5,0.4225887606825147,0.7758007117437722
mobilenetv3_small_100,43,sonda_lineal,original,sdnet_W,6,0.4162524780205318,0.7925170068027211
mobilenetv3_small_100,43,sonda_lineal,original,sdnet_W,7,0.4123788862568991,0.7929824561403509
mobilenetv3_small_100,43,sonda_lineal,original,sdnet_W,8,0.4074540851797376,0.7892074198988196
mobilenetv3_small_100,43,sonda_lineal,original,sdnet_W,9,0.4039682817459106,0.7910189982728842
mobilenetv3_small_100,43,sonda_lineal,original,sdnet_W,10,0.3989533615112304,0.7944732297063903
mobilenetv3_small_100,43,sonda_lineal,original,sdnet_W,11,0.3963530164105551,0.7876588021778584
mobilenetv3_small_100,43,sonda_lineal,original,sdnet_W,12,0.3943771289076124,0.7943262411347518
mobilenetv3_small_100,43,sonda_lineal,original,sdnet_W,13,0.3927612933090755,0.7851851851851852
mobilenetv3_small_100,43,sonda_lineal,original,sdnet_W,14,0.3909119924477168,0.768642447418738
mobilenetv3_small_100,43,sonda_lineal,original,sdnet_W,15,0.384245251928057,0.7863554757630161
mobilenetv3_small_100,43,sonda_lineal,original,sdnet_W,16,0.3824369622979845,0.7845303867403315
mobilenetv3_small_100,43,sonda_lineal,original,sdnet_W,17,0.3804548977102552,0.7861060329067642
mobilenetv3_small_100,43,sonda_lineal,original,sdnet_W,18,0.3792478261675153,0.7811320754716982
mobilenetv3_small_100,43,sonda_lineal,original,sdnet_W,19,0.3796725288459233,0.7845303867403315
mobilenetv3_small_100,43,sonda_lineal,original,sdnet_W,20,0.3779978999069759,0.7781954887218046
mobilenetv3_small_100,43,sonda_lineal,original,metu,0,0.3588736129658563,0.9966666666666668
mobilenetv3_small_100,43,sonda_lineal,original,metu,1,0.0712921746288027,0.9966666666666668
mobilenetv3_small_100,43,sonda_lineal,original,metu,2,0.033242083074791,0.9983361064891848
mobilenetv3_small_100,43,sonda_lineal,original,metu,3,0.022935267952936,0.9983361064891848
mobilenetv3_small_100,43,sonda_lineal,original,metu,4,0.0185797249632222,0.9983361064891848
mobilenetv3_small_100,43,sonda_lineal,original,metu,5,0.0160089963887419,0.9983361064891848
mobilenetv3_small_100,43,sonda_lineal,original,metu,6,0.0142329581667269,0.9983361064891848
mobilenetv3_small_100,43,sonda_lineal,original,metu,7,0.012855681383184,0.9983361064891848
mobilenetv3_small_100,43,sonda_lineal,original,metu,8,0.011724313066474,0.9983361064891848
mobilenetv3_small_100,43,sonda_lineal,original,metu,9,0.0108501918560692,0.9983361064891848
mobilenetv3_small_100,43,sonda_lineal,original,metu,10,0.0100393842719495,0.9983361064891848
mobilenetv3_small_100,43,sonda_lineal,original,metu,11,0.0091983015409537,0.9983361064891848
mobilenetv3_small_100,43,sonda_lineal,original,metu,12,0.0086043484349335,0.9983361064891848
mobilenetv3_small_100,44,sonda_lineal,original,sdnet_D,0,0.654341904776437,0.7074569789674953
mobilenetv3_small_100,44,sonda_lineal,original,sdnet_D,1,0.5062259141036443,0.72
mobilenetv3_small_100,44,sonda_lineal,original,sdnet_D,2,0.4687040732588087,0.7296786389413988
mobilenetv3_small_100,44,sonda_lineal,original,sdnet_D,3,0.4537162911891937,0.7401574803149606
mobilenetv3_small_100,44,sonda_lineal,original,sdnet_D,4,0.4433683548654828,0.7476280834914611
mobilenetv3_small_100,44,sonda_lineal,original,sdnet_D,5,0.4344602717672075,0.7586206896551724
mobilenetv3_small_100,44,sonda_lineal,original,sdnet_D,6,0.4323353844029562,0.764378478664193
mobilenetv3_small_100,44,sonda_lineal,original,sdnet_D,7,0.4241629651614598,0.7595419847328244
mobilenetv3_small_100,44,sonda_lineal,original,sdnet_D,8,0.4216498219966888,0.7651515151515151
mobilenetv3_small_100,44,sonda_lineal,original,sdnet_D,9,0.4197492028985705,0.7590132827324478
mobilenetv3_small_100,44,sonda_lineal,original,sdnet_D,10,0.4146691106046949,0.7709090909090909
mobilenetv3_small_100,44,sonda_lineal,original,sdnet_D,11,0.4129745071274893,0.7689530685920578
mobilenetv3_small_100,44,sonda_lineal,original,sdnet_D,12,0.4106998475960323,0.7723132969034608
mobilenetv3_small_100,44,sonda_lineal,original,sdnet_D,13,0.4070906485830035,0.7599243856332704
mobilenetv3_small_100,44,sonda_lineal,original,sdnet_D,14,0.406492475100926,0.763302752293578
mobilenetv3_small_100,44,sonda_lineal,original,sdnet_D,15,0.4029234685216631,0.7647058823529411
mobilenetv3_small_100,44,sonda_lineal,original,sdnet_D,16,0.4035295357022966,0.7606679035250464
mobilenetv3_small_100,44,sonda_lineal,original,sdnet_D,17,0.402798969745636,0.7622641509433963
mobilenetv3_small_100,44,sonda_lineal,original,sdnet_D,18,0.4004490550926753,0.7590132827324478
mobilenetv3_small_100,44,sonda_lineal,original,sdnet_D,19,0.3967468179975237,0.7620817843866171
mobilenetv3_small_100,44,sonda_lineal,original,sdnet_D,20,0.4011826273373195,0.7635009310986964
mobilenetv3_small_100,44,sonda_lineal,original,sdnet_D,21,0.3955922366891588,0.7620889748549323
mobilenetv3_small_100,44,sonda_lineal,original,sdnet_D,22,0.3944596770831516,0.7675276752767528
mobilenetv3_small_100,44,sonda_lineal,original,sdnet_P,0,0.6136668140547616,0.7641996557659209
mobilenetv3_small_100,44,sonda_lineal,original,sdnet_P,1,0.4555883365018027,0.7841105354058722
mobilenetv3_small_100,44,sonda_lineal,original,sdnet_P,2,0.4093117887633187,0.7964285714285714
mobilenetv3_small_100,44,sonda_lineal,original,sdnet_P,3,0.3853637880938393,0.8150807899461401
mobilenetv3_small_100,44,sonda_lineal,original,sdnet_P,4,0.3722626444271633,0.8327759197324415
mobilenetv3_small_100,44,sonda_lineal,original,sdnet_P,5,0.3604883829184941,0.8441330998248686
mobilenetv3_small_100,44,sonda_lineal,original,sdnet_P,6,0.3533730503490992,0.8309352517985612
mobilenetv3_small_100,44,sonda_lineal,original,sdnet_P,7,0.3451878350121634,0.8517887563884157
mobilenetv3_small_100,44,sonda_lineal,original,sdnet_P,8,0.3428853498186384,0.8571428571428571
mobilenetv3_small_100,44,sonda_lineal,original,sdnet_P,9,0.3343636652401515,0.8610634648370498
mobilenetv3_small_100,44,sonda_lineal,original,sdnet_P,10,0.3328063559532165,0.8464285714285714
mobilenetv3_small_100,44,sonda_lineal,original,sdnet_P,11,0.3274016124861581,0.8571428571428571
mobilenetv3_small_100,44,sonda_lineal,original,sdnet_P,12,0.3230775272846222,0.8586387434554974
mobilenetv3_small_100,44,sonda_lineal,original,sdnet_P,13,0.3184988810334886,0.856655290102389
mobilenetv3_small_100,44,sonda_lineal,original,sdnet_P,14,0.3155850464957101,0.8537005163511188
mobilenetv3_small_100,44,sonda_lineal,original,sdnet_P,15,0.3129111068589347,0.8641114982578397
mobilenetv3_small_100,44,sonda_lineal,original,sdnet_P,16,0.3118151136807033,0.8601036269430051
mobilenetv3_small_100,44,sonda_lineal,original,sdnet_P,17,0.3078396608148302,0.8581196581196581
mobilenetv3_small_100,44,sonda_lineal,original,sdnet_P,18,0.306136326789856,0.8605442176870748
mobilenetv3_small_100,44,sonda_lineal,original,sdnet_P,19,0.3058218685218266,0.8621291448516579
mobilenetv3_small_100,44,sonda_lineal,original,sdnet_P,20,0.3023480793407985,0.8605442176870748
mobilenetv3_small_100,44,sonda_lineal,original,sdnet_P,21,0.3005199137755803,0.8656195462478184
mobilenetv3_small_100,44,sonda_lineal,original,sdnet_P,22,0.2978014419760023,0.8625429553264605
mobilenetv3_small_100,44,sonda_lineal,original,sdnet_P,23,0.2959494635037013,0.8615384615384616
mobilenetv3_small_100,44,sonda_lineal,original,sdnet_P,24,0.296673309462411,0.8614357262103506
mobilenetv3_small_100,44,sonda_lineal,original,sdnet_P,25,0.295751919065203,0.863406408094435
mobilenetv3_small_100,44,sonda_lineal,original,sdnet_P,26,0.2922360255037035,0.8650519031141869
mobilenetv3_small_100,44,sonda_lineal,original,sdnet_P,27,0.2910567232540675,0.8661971830985915
mobilenetv3_small_100,44,sonda_lineal,original,sdnet_P,28,0.2897268686975751,0.864957264957265
mobilenetv3_small_100,44,sonda_lineal,original,sdnet_P,29,0.2882408348151615,0.8701517706576728
mobilenetv3_small_100,44,sonda_lineal,original,sdnet_P,30,0.28617676956313,0.868824531516184
mobilenetv3_small_100,44,sonda_lineal,original,sdnet_P,31,0.2859239721298218,0.861646234676007
mobilenetv3_small_100,44,sonda_lineal,original,sdnet_P,32,0.2834325279508318,0.8674698795180723
mobilenetv3_small_100,44,sonda_lineal,original,sdnet_P,33,0.2828270677157811,0.8665511265164645
mobilenetv3_small_100,44,sonda_lineal,original,sdnet_P,34,0.2838580267769949,0.8642384105960265
mobilenetv3_small_100,44,sonda_lineal,original,sdnet_P,35,0.2821423998900822,0.8682432432432432
mobilenetv3_small_100,44,sonda_lineal,original,sdnet_P,36,0.2797806053502219,0.8611599297012302
mobilenetv3_small_100,44,sonda_lineal,original,sdnet_P,37,0.2780472207069397,0.8741496598639455
mobilenetv3_small_100,44,sonda_lineal,original,sdnet_P,38,0.2768094474928719,0.8694158075601375
mobilenetv3_small_100,44,sonda_lineal,original,sdnet_P,39,0.2767308095523289,0.8636363636363636
mobilenetv3_small_100,44,sonda_lineal,original,sdnet_P,40,0.2760318567071642,0.865979381443299
mobilenetv3_small_100,44,sonda_lineal,original,sdnet_P,41,0.2739072780949729,0.8662207357859532
mobilenetv3_small_100,44,sonda_lineal,original,sdnet_P,42,0.2786053700106484,0.8711864406779661
mobilenetv3_small_100,44,sonda_lineal,original,sdnet_P,43,0.2747818483625139,0.8503649635036497
mobilenetv3_small_100,44,sonda_lineal,original,sdnet_P,44,0.2819497151034218,0.8679867986798679
mobilenetv3_small_100,44,sonda_lineal,original,sdnet_P,45,0.2742566563401903,0.8657718120805369
mobilenetv3_small_100,44,sonda_lineal,original,sdnet_P,46,0.2722652988774436,0.8641114982578397
mobilenetv3_small_100,44,sonda_lineal,original,sdnet_P,47,0.2703017500468663,0.8660869565217392
mobilenetv3_small_100,44,sonda_lineal,original,sdnet_W,0,0.6480401706695557,0.711864406779661
mobilenetv3_small_100,44,sonda_lineal,original,sdnet_W,1,0.5079543541158948,0.7661016949152543
mobilenetv3_small_100,44,sonda_lineal,original,sdnet_W,2,0.4671455442905426,0.7522603978300181
mobilenetv3_small_100,44,sonda_lineal,original,sdnet_W,3,0.4509711839471544,0.7366336633663366
mobilenetv3_small_100,44,sonda_lineal,original,sdnet_W,4,0.4377444313253675,0.7598566308243727
mobilenetv3_small_100,44,sonda_lineal,original,sdnet_W,5,0.4295967314924512,0.7596330275229358
mobilenetv3_small_100,44,sonda_lineal,original,sdnet_W,6,0.4249212944507599,0.7683823529411765
mobilenetv3_small_100,44,sonda_lineal,original,sdnet_W,7,0.416404994555882,0.7547169811320755
mobilenetv3_small_100,44,sonda_lineal,original,sdnet_W,8,0.412459488255637,0.7751371115173674
mobilenetv3_small_100,44,sonda_lineal,original,sdnet_W,9,0.4077734540190015,0.7763401109057301
mobilenetv3_small_100,44,sonda_lineal,original,sdnet_W,10,0.4035439676897866,0.7902946273830156
mobilenetv3_small_100,44,sonda_lineal,original,sdnet_W,11,0.3997368095602308,0.7863554757630161
mobilenetv3_small_100,44,sonda_lineal,original,sdnet_W,12,0.398898742539542,0.7811320754716982
mobilenetv3_small_100,44,sonda_lineal,original,sdnet_W,13,0.3938628205231257,0.7611650485436893
mobilenetv3_small_100,44,sonda_lineal,original,sdnet_W,14,0.3930908472197396,0.7985865724381626
mobilenetv3_small_100,44,sonda_lineal,original,sdnet_W,15,0.3902832746505737,0.7957371225577264
mobilenetv3_small_100,44,sonda_lineal,original,sdnet_W,16,0.3864049741200038,0.7888888888888889
mobilenetv3_small_100,44,sonda_lineal,original,sdnet_W,17,0.3870545259543828,0.7715930902111324
mobilenetv3_small_100,44,sonda_lineal,original,sdnet_W,18,0.3838849580287933,0.7985865724381626
mobilenetv3_small_100,44,sonda_lineal,original,sdnet_W,19,0.3801028404917035,0.7985480943738656
mobilenetv3_small_100,44,sonda_lineal,original,sdnet_W,20,0.3809389320441654,0.8014184397163121
mobilenetv3_small_100,44,sonda_lineal,original,sdnet_W,21,0.3778043280329023,0.7796610169491526
mobilenetv3_small_100,44,sonda_lineal,original,sdnet_W,22,0.3806242098127093,0.7918968692449355
mobilenetv3_small_100,44,sonda_lineal,original,sdnet_W,23,0.3738105091026851,0.7941712204007286
mobilenetv3_small_100,44,sonda_lineal,original,sdnet_W,24,0.3766352771009718,0.8014184397163121
mobilenetv3_small_100,44,sonda_lineal,original,sdnet_W,25,0.3767396490914481,0.8082191780821918
mobilenetv3_small_100,44,sonda_lineal,original,sdnet_W,26,0.3729827174118587,0.8089500860585198
mobilenetv3_small_100,44,sonda_lineal,original,sdnet_W,27,0.3699309398446764,0.7963636363636364
mobilenetv3_small_100,44,sonda_lineal,original,sdnet_W,28,0.3686545944213867,0.7985739750445633
mobilenetv3_small_100,44,sonda_lineal,original,sdnet_W,29,0.3675481215545109,0.7948717948717948
mobilenetv3_small_100,44,sonda_lineal,original,sdnet_W,30,0.3664337679318019,0.7978533094812165
mobilenetv3_small_100,44,sonda_lineal,original,sdnet_W,31,0.3679579125131879,0.7739463601532567
mobilenetv3_small_100,44,sonda_lineal,original,sdnet_W,32,0.367526581457683,0.7897623400365631
mobilenetv3_small_100,44,sonda_lineal,original,sdnet_W,33,0.3659179808412279,0.7897623400365631
mobilenetv3_small_100,44,sonda_lineal,original,sdnet_W,34,0.3663006862572261,0.8066115702479338
mobilenetv3_small_100,44,sonda_lineal,original,sdnet_W,35,0.3653088847228459,0.7985865724381626
mobilenetv3_small_100,44,sonda_lineal,original,sdnet_W,36,0.3616361808776855,0.7912885662431942
mobilenetv3_small_100,44,sonda_lineal,original,metu,0,0.3508933561614581,0.9916247906197656
mobilenetv3_small_100,44,sonda_lineal,original,metu,1,0.070850231626204,0.9933110367892976
mobilenetv3_small_100,44,sonda_lineal,original,metu,2,0.0327963077064071,0.9983361064891848
mobilenetv3_small_100,44,sonda_lineal,original,metu,3,0.0228608875189508,0.9983361064891848
mobilenetv3_small_100,44,sonda_lineal,original,metu,4,0.0182277525109904,0.9983361064891848
mobilenetv3_small_100,44,sonda_lineal,original,metu,5,0.0156656657052891,0.9983361064891848
mobilenetv3_small_100,44,sonda_lineal,original,metu,6,0.0138760027395827,0.9983361064891848
mobilenetv3_small_100,44,sonda_lineal,original,metu,7,0.012542221413127,0.9983361064891848
mobilenetv3_small_100,44,sonda_lineal,original,metu,8,0.0114063517802527,0.9983361064891848
mobilenetv3_small_100,44,sonda_lineal,original,metu,9,0.0104989615135959,0.9983361064891848
mobilenetv3_small_100,44,sonda_lineal,original,metu,10,0.0097266981564462,0.9983361064891848
mobilenetv3_small_100,44,sonda_lineal,original,metu,11,0.0089592231251299,0.9983361064891848
mobilenetv3_small_100,44,sonda_lineal,original,metu,12,0.0083970072918704,0.9983361064891848
vit_tiny_patch16_224,42,sonda_lineal,original,sdnet_D,0,0.7475963197435651,0.626746506986028
vit_tiny_patch16_224,42,sonda_lineal,original,sdnet_D,1,0.5766990903445652,0.7072758037225042
vit_tiny_patch16_224,42,sonda_lineal,original,sdnet_D,2,0.5348119480269296,0.6931818181818182
vit_tiny_patch16_224,42,sonda_lineal,original,sdnet_D,3,0.5149104704175677,0.7221238938053097
vit_tiny_patch16_224,42,sonda_lineal,original,sdnet_D,4,0.5010226202011109,0.7245841035120147
vit_tiny_patch16_224,42,sonda_lineal,original,sdnet_D,5,0.4937072764124189,0.71939736346516
vit_tiny_patch16_224,42,sonda_lineal,original,sdnet_D,6,0.4844178807735443,0.7272727272727273
vit_tiny_patch16_224,42,sonda_lineal,original,sdnet_D,7,0.4786491177763258,0.7289719626168224
vit_tiny_patch16_224,42,sonda_lineal,original,sdnet_D,8,0.4734853083746774,0.724202626641651
vit_tiny_patch16_224,42,sonda_lineal,original,sdnet_D,9,0.4694431791986738,0.7231638418079096
vit_tiny_patch16_224,42,sonda_lineal,original,sdnet_D,10,0.4669162973335811,0.7351351351351352
vit_tiny_patch16_224,42,sonda_lineal,original,sdnet_D,11,0.4635182700838361,0.7345454545454545
vit_tiny_patch16_224,42,sonda_lineal,original,sdnet_D,12,0.4603866626535143,0.7283018867924528
vit_tiny_patch16_224,42,sonda_lineal,original,sdnet_D,13,0.4577047695432391,0.7306967984934086
vit_tiny_patch16_224,42,sonda_lineal,original,sdnet_D,14,0.4576135235173361,0.7344632768361582
vit_tiny_patch16_224,42,sonda_lineal,original,sdnet_D,15,0.4549922437327248,0.7474048442906575
vit_tiny_patch16_224,42,sonda_lineal,original,sdnet_D,16,0.4527589166164398,0.7378640776699029
vit_tiny_patch16_224,42,sonda_lineal,original,sdnet_D,17,0.4530374901635306,0.7321772639691715
vit_tiny_patch16_224,42,sonda_lineal,original,sdnet_D,18,0.4477059354100908,0.740072202166065
vit_tiny_patch16_224,42,sonda_lineal,original,sdnet_D,19,0.4478163913318089,0.7381818181818182
vit_tiny_patch16_224,42,sonda_lineal,original,sdnet_D,20,0.446929223878043,0.7346938775510204
vit_tiny_patch16_224,42,sonda_lineal,original,sdnet_D,21,0.4464279333182743,0.735812133072407
vit_tiny_patch16_224,42,sonda_lineal,original,sdnet_D,22,0.4428499039581843,0.7433962264150943
vit_tiny_patch16_224,42,sonda_lineal,original,sdnet_D,23,0.4412988608224051,0.7350746268656716
vit_tiny_patch16_224,42,sonda_lineal,original,sdnet_D,24,0.4400017147404807,0.7378277153558053
vit_tiny_patch16_224,42,sonda_lineal,original,sdnet_D,25,0.439877518926348,0.746615087040619
vit_tiny_patch16_224,42,sonda_lineal,original,sdnet_P,0,0.8387512387548174,0.6570397111913358
vit_tiny_patch16_224,42,sonda_lineal,original,sdnet_P,1,0.5682822247913906,0.733446519524618
vit_tiny_patch16_224,42,sonda_lineal,original,sdnet_P,2,0.5001467834200178,0.7557117750439367
vit_tiny_patch16_224,42,sonda_lineal,original,sdnet_P,3,0.4663075419834682,0.782608695652174
vit_tiny_patch16_224,42,sonda_lineal,original,sdnet_P,4,0.4460571467876434,0.7873462214411248
vit_tiny_patch16_224,42,sonda_lineal,original,sdnet_P,5,0.4315404972008296,0.8027681660899654
vit_tiny_patch16_224,42,sonda_lineal,original,sdnet_P,6,0.4206019873278481,0.7929824561403509
vit_tiny_patch16_224,42,sonda_lineal,original,sdnet_P,7,0.4112405157089233,0.8027923211169284
vit_tiny_patch16_224,42,sonda_lineal,original,sdnet_P,8,0.4048164597579411,0.804920913884007
vit_tiny_patch16_224,42,sonda_lineal,original,sdnet_P,9,0.3976596990653446,0.8192771084337349
vit_tiny_patch16_224,42,sonda_lineal,original,sdnet_P,10,0.393646924836295,0.8178694158075601
vit_tiny_patch16_224,42,sonda_lineal,original,sdnet_P,11,0.389408403805324,0.8132635253054101
vit_tiny_patch16_224,42,sonda_lineal,original,sdnet_P,12,0.3850872736317771,0.8145580589254766
vit_tiny_patch16_224,42,sonda_lineal,original,sdnet_P,13,0.3846804015977042,0.831946755407654
vit_tiny_patch16_224,42,sonda_lineal,original,sdnet_P,14,0.381071184192385,0.8206896551724138
vit_tiny_patch16_224,42,sonda_lineal,original,sdnet_P,15,0.3765298008918762,0.8202443280977313
vit_tiny_patch16_224,42,sonda_lineal,original,sdnet_P,16,0.3738441591603415,0.8224956063268892
vit_tiny_patch16_224,42,sonda_lineal,original,sdnet_P,17,0.3714975185053689,0.8338983050847457
vit_tiny_patch16_224,42,sonda_lineal,original,sdnet_P,18,0.3696958225114005,0.8237347294938918
vit_tiny_patch16_224,42,sonda_lineal,original,sdnet_P,19,0.3679770639964512,0.8290155440414507
vit_tiny_patch16_224,42,sonda_lineal,original,sdnet_P,20,0.3668339792319706,0.8391376451077943
vit_tiny_patch16_224,42,sonda_lineal,original,sdnet_P,21,0.3703483647959573,0.8189806678383128
vit_tiny_patch16_224,42,sonda_lineal,original,sdnet_P,22,0.3640151596069336,0.8251748251748252
vit_tiny_patch16_224,42,sonda_lineal,original,sdnet_P,23,0.36290875349726,0.8304498269896193
vit_tiny_patch16_224,42,sonda_lineal,original,sdnet_P,24,0.3615212874753135,0.8397976391231029
vit_tiny_patch16_224,42,sonda_lineal,original,sdnet_P,25,0.3586322072574071,0.8290155440414507
vit_tiny_patch16_224,42,sonda_lineal,original,sdnet_P,26,0.3554383167198726,0.8358714043993232
vit_tiny_patch16_224,42,sonda_lineal,original,sdnet_P,27,0.3577037591593606,0.8336192109777015
vit_tiny_patch16_224,42,sonda_lineal,original,sdnet_P,28,0.3576465003831046,0.8191489361702128
vit_tiny_patch16_224,42,sonda_lineal,original,sdnet_P,29,0.3538440600463322,0.8292682926829268
vit_tiny_patch16_224,42,sonda_lineal,original,sdnet_P,30,0.3535943119866507,0.838160136286201
vit_tiny_patch16_224,42,sonda_lineal,original,sdnet_P,31,0.3522472071647644,0.8339100346020761
vit_tiny_patch16_224,42,sonda_lineal,original,sdnet_P,32,0.3520132153374808,0.8344827586206897
vit_tiny_patch16_224,42,sonda_lineal,original,sdnet_P,33,0.3509119008268628,0.8292682926829268
vit_tiny_patch16_224,42,sonda_lineal,original,sdnet_P,34,0.3493164454187665,0.8292682926829268
vit_tiny_patch16_224,42,sonda_lineal,original,sdnet_W,0,0.7743397794451032,0.56
vit_tiny_patch16_224,42,sonda_lineal,original,sdnet_W,1,0.6029242597307478,0.6948529411764706
vit_tiny_patch16_224,42,sonda_lineal,original,sdnet_W,2,0.5406575798988342,0.7409948542024014
vit_tiny_patch16_224,42,sonda_lineal,original,sdnet_W,3,0.5040923093046461,0.7534722222222222
vit_tiny_patch16_224,42,sonda_lineal,original,sdnet_W,4,0.4817945308344705,0.7692307692307693
vit_tiny_patch16_224,42,sonda_lineal,original,sdnet_W,5,0.4677523282596043,0.7756521739130435
vit_tiny_patch16_224,42,sonda_lineal,original,sdnet_W,6,0.4568730505875178,0.7848537005163512
vit_tiny_patch16_224,42,sonda_lineal,original,sdnet_W,7,0.449997934954507,0.7829181494661922
vit_tiny_patch16_224,42,sonda_lineal,original,sdnet_W,8,0.4438383609907967,0.7647058823529411
vit_tiny_patch16_224,42,sonda_lineal,original,sdnet_W,9,0.4391026789801461,0.7873462214411248
vit_tiny_patch16_224,42,sonda_lineal,original,sdnet_W,10,0.4349512987477438,0.7966666666666666
vit_tiny_patch16_224,42,sonda_lineal,original,sdnet_W,11,0.4312045352799551,0.797274275979557
vit_tiny_patch16_224,42,sonda_lineal,original,sdnet_W,12,0.4260992705821991,0.7864768683274022
vit_tiny_patch16_224,42,sonda_lineal,original,sdnet_W,13,0.4245970453534807,0.7902946273830156
vit_tiny_patch16_224,42,sonda_lineal,original,sdnet_W,14,0.4256650805473327,0.7902946273830156
vit_tiny_patch16_224,42,sonda_lineal,original,sdnet_W,15,0.4222257200309208,0.7900826446280992
vit_tiny_patch16_224,42,sonda_lineal,original,sdnet_W,16,0.4168250250816345,0.7950530035335689
vit_tiny_patch16_224,42,sonda_lineal,original,sdnet_W,17,0.4151654526165553,0.7972508591065293
vit_tiny_patch16_224,42,sonda_lineal,original,sdnet_W,18,0.4120381702695574,0.7931034482758621
vit_tiny_patch16_224,42,sonda_lineal,original,sdnet_W,19,0.4112522651468004,0.7959866220735786
vit_tiny_patch16_224,42,sonda_lineal,original,sdnet_W,20,0.4101813760825566,0.7966101694915254
vit_tiny_patch16_224,42,sonda_lineal,original,sdnet_W,21,0.4208132513931819,0.7943760984182777
vit_tiny_patch16_224,42,sonda_lineal,original,metu,0,0.5526632705756597,0.9273021001615508
vit_tiny_patch16_224,42,sonda_lineal,original,metu,1,0.1683139803579875,0.9866220735785952
vit_tiny_patch16_224,42,sonda_lineal,original,metu,2,0.0793406029684203,0.9933110367892976
vit_tiny_patch16_224,42,sonda_lineal,original,metu,3,0.0527040798749242,0.9949748743718592
vit_tiny_patch16_224,42,sonda_lineal,original,metu,4,0.0417467983492783,0.9949748743718592
vit_tiny_patch16_224,42,sonda_lineal,original,metu,5,0.0357291178831032,0.9949748743718592
vit_tiny_patch16_224,42,sonda_lineal,original,metu,6,0.0317369689366647,0.9949748743718592
vit_tiny_patch16_224,42,sonda_lineal,original,metu,7,0.0287598735626254,0.9949748743718592
vit_tiny_patch16_224,42,sonda_lineal,original,metu,8,0.0263032333659274,0.9949748743718592
vit_tiny_patch16_224,42,sonda_lineal,original,metu,9,0.0243813424025263,0.9949748743718592
vit_tiny_patch16_224,42,sonda_lineal,original,metu,10,0.0227308584856135,0.9949748743718592
vit_tiny_patch16_224,42,sonda_lineal,original,metu,11,0.021295778522534,0.9949748743718592
vit_tiny_patch16_224,42,sonda_lineal,original,metu,12,0.0200447364257914,0.9949748743718592
vit_tiny_patch16_224,42,sonda_lineal,original,metu,13,0.0190048446612698,0.9966555183946488
vit_tiny_patch16_224,42,sonda_lineal,original,metu,14,0.0180664359458855,0.9966555183946488
vit_tiny_patch16_224,42,sonda_lineal,original,metu,15,0.0171965192577668,0.9966555183946488
vit_tiny_patch16_224,42,sonda_lineal,original,metu,16,0.0164940320168222,0.9966555183946488
vit_tiny_patch16_224,42,sonda_lineal,original,metu,17,0.0157622942168797,0.9966555183946488
vit_tiny_patch16_224,42,sonda_lineal,original,metu,18,0.0151831929385662,0.9966555183946488
vit_tiny_patch16_224,42,sonda_lineal,original,metu,19,0.0146272636204957,0.9966555183946488
vit_tiny_patch16_224,42,sonda_lineal,original,metu,20,0.0141228281600134,0.9966555183946488
vit_tiny_patch16_224,42,sonda_lineal,original,metu,21,0.0137093492783606,0.9966555183946488
vit_tiny_patch16_224,42,sonda_lineal,original,metu,22,0.0132357912404196,0.9966555183946488
vit_tiny_patch16_224,42,sonda_lineal,original,metu,23,0.0128095956412809,0.9966555183946488
vit_tiny_patch16_224,43,sonda_lineal,original,sdnet_D,0,0.7011430859565735,0.7027914614121511
vit_tiny_patch16_224,43,sonda_lineal,original,sdnet_D,1,0.5547554499762399,0.6906474820143885
vit_tiny_patch16_224,43,sonda_lineal,original,sdnet_D,2,0.5229895939145769,0.6948529411764706
vit_tiny_patch16_224,43,sonda_lineal,original,sdnet_D,3,0.5034130317824227,0.7
vit_tiny_patch16_224,43,sonda_lineal,original,sdnet_D,4,0.4868462009089334,0.7353463587921847
vit_tiny_patch16_224,43,sonda_lineal,original,sdnet_D,5,0.4832299038342067,0.737410071942446
vit_tiny_patch16_224,43,sonda_lineal,original,sdnet_D,6,0.4774190633637564,0.7429577464788732
vit_tiny_patch16_224,43,sonda_lineal,original,sdnet_D,7,0.4744055989810398,0.7424511545293073
vit_tiny_patch16_224,43,sonda_lineal,original,sdnet_D,8,0.4687769368716649,0.7289377289377289
vit_tiny_patch16_224,43,sonda_lineal,original,sdnet_D,9,0.4644488954544067,0.7377938517179023
vit_tiny_patch16_224,43,sonda_lineal,original,sdnet_D,10,0.4620906770229339,0.740072202166065
vit_tiny_patch16_224,43,sonda_lineal,original,sdnet_D,11,0.4598361194133759,0.7258687258687259
vit_tiny_patch16_224,43,sonda_lineal,original,sdnet_D,12,0.4586504355498723,0.7332053742802304
vit_tiny_patch16_224,43,sonda_lineal,original,sdnet_D,13,0.4559277238164629,0.7269230769230769
vit_tiny_patch16_224,43,sonda_lineal,original,sdnet_D,14,0.452048008441925,0.7337057728119181
vit_tiny_patch16_224,43,sonda_lineal,original,sdnet_D,15,0.4524648536954607,0.7625649913344887
vit_tiny_patch16_224,43,sonda_lineal,original,sdnet_D,16,0.450556594644274,0.7374301675977654
vit_tiny_patch16_224,43,sonda_lineal,original,sdnet_D,17,0.4483329154763903,0.7372400756143668
vit_tiny_patch16_224,43,sonda_lineal,original,sdnet_D,18,0.444722535269601,0.7314285714285714
vit_tiny_patch16_224,43,sonda_lineal,original,sdnet_D,19,0.4438003408908844,0.7358834244080146
vit_tiny_patch16_224,43,sonda_lineal,original,sdnet_D,20,0.4444829521860395,0.7406015037593985
vit_tiny_patch16_224,43,sonda_lineal,original,sdnet_D,21,0.4427713845457349,0.732824427480916
vit_tiny_patch16_224,43,sonda_lineal,original,sdnet_D,22,0.4398881214005606,0.7356746765249538
vit_tiny_patch16_224,43,sonda_lineal,original,sdnet_D,23,0.4383981941427503,0.7425373134328358
vit_tiny_patch16_224,43,sonda_lineal,original,sdnet_D,24,0.4380605786187308,0.75
vit_tiny_patch16_224,43,sonda_lineal,original,sdnet_D,25,0.4360676581518991,0.7346153846153847
vit_tiny_patch16_224,43,sonda_lineal,original,sdnet_P,0,0.789850913797106,0.6924219910846954
vit_tiny_patch16_224,43,sonda_lineal,original,sdnet_P,1,0.5560266048567636,0.7045871559633028
vit_tiny_patch16_224,43,sonda_lineal,original,sdnet_P,2,0.4872164561067308,0.7721088435374149
vit_tiny_patch16_224,43,sonda_lineal,original,sdnet_P,3,0.4550845636640276,0.7835051546391752
vit_tiny_patch16_224,43,sonda_lineal,original,sdnet_P,4,0.4360076299735478,0.7932203389830509
vit_tiny_patch16_224,43,sonda_lineal,original,sdnet_P,5,0.4235415707315717,0.7810858143607706
vit_tiny_patch16_224,43,sonda_lineal,original,sdnet_P,6,0.4137544551917484,0.7972508591065293
vit_tiny_patch16_224,43,sonda_lineal,original,sdnet_P,7,0.4057547901357923,0.7971781305114638
vit_tiny_patch16_224,43,sonda_lineal,original,sdnet_P,8,0.399438190800803,0.8114478114478114
vit_tiny_patch16_224,43,sonda_lineal,original,sdnet_P,9,0.3959181131635393,0.8137931034482758
vit_tiny_patch16_224,43,sonda_lineal,original,sdnet_P,10,0.3895435929298401,0.8166089965397924
vit_tiny_patch16_224,43,sonda_lineal,original,sdnet_P,11,0.386907730613436,0.8172413793103448
vit_tiny_patch16_224,43,sonda_lineal,original,sdnet_P,12,0.3824200541632516,0.8161888701517707
vit_tiny_patch16_224,43,sonda_lineal,original,sdnet_P,13,0.3803478559425899,0.8225255972696246
vit_tiny_patch16_224,43,sonda_lineal,original,sdnet_P,14,0.378777642079762,0.8159722222222222
vit_tiny_patch16_224,43,sonda_lineal,original,sdnet_P,15,0.3735208209923335,0.8247078464106845
vit_tiny_patch16_224,43,sonda_lineal,original,sdnet_P,16,0.3726794588565826,0.8198970840480274
vit_tiny_patch16_224,43,sonda_lineal,original,sdnet_P,17,0.3705133983067104,0.8184931506849316
vit_tiny_patch16_224,43,sonda_lineal,original,sdnet_P,18,0.3709615034716469,0.8264462809917356
vit_tiny_patch16_224,43,sonda_lineal,original,sdnet_P,19,0.3688903728553227,0.8231292517006803
vit_tiny_patch16_224,43,sonda_lineal,original,sdnet_P,20,0.3655710065364838,0.8169014084507042
vit_tiny_patch16_224,43,sonda_lineal,original,sdnet_P,21,0.3655266787324633,0.8203389830508474
vit_tiny_patch16_224,43,sonda_lineal,original,sdnet_P,22,0.3616659442016056,0.8191126279863481
vit_tiny_patch16_224,43,sonda_lineal,original,sdnet_P,23,0.3622844297545297,0.825503355704698
vit_tiny_patch16_224,43,sonda_lineal,original,sdnet_P,24,0.3604314008780888,0.8184931506849316
vit_tiny_patch16_224,43,sonda_lineal,original,sdnet_P,25,0.3580825201102665,0.8186528497409327
vit_tiny_patch16_224,43,sonda_lineal,original,sdnet_P,26,0.3569999270779745,0.8211243611584327
vit_tiny_patch16_224,43,sonda_lineal,original,sdnet_P,27,0.3558583809648241,0.8158347676419966
vit_tiny_patch16_224,43,sonda_lineal,original,sdnet_P,28,0.3554588449001312,0.821917808219178
vit_tiny_patch16_224,43,sonda_lineal,original,sdnet_W,0,0.7058207218987601,0.6945244956772334
vit_tiny_patch16_224,43,sonda_lineal,original,sdnet_W,1,0.5734746272223337,0.7114754098360656
vit_tiny_patch16_224,43,sonda_lineal,original,sdnet_W,2,0.525257147380284,0.7171171171171171
vit_tiny_patch16_224,43,sonda_lineal,original,sdnet_W,3,0.4913563575063433,0.7105263157894737
vit_tiny_patch16_224,43,sonda_lineal,original,sdnet_W,4,0.4726879865782601,0.7789799072642968
vit_tiny_patch16_224,43,sonda_lineal,original,sdnet_W,5,0.4644344018186842,0.7642857142857142
vit_tiny_patch16_224,43,sonda_lineal,original,sdnet_W,6,0.453443089553288,0.783068783068783
vit_tiny_patch16_224,43,sonda_lineal,original,sdnet_W,7,0.4460663202830723,0.7902097902097902
vit_tiny_patch16_224,43,sonda_lineal,original,sdnet_W,8,0.4406788783414023,0.7904599659284497
vit_tiny_patch16_224,43,sonda_lineal,original,sdnet_W,9,0.437152088369642,0.7966101694915254
vit_tiny_patch16_224,43,sonda_lineal,original,sdnet_W,10,0.4331610231740134,0.8033613445378152
vit_tiny_patch16_224,43,sonda_lineal,original,sdnet_W,11,0.4300322813647134,0.7903780068728522
vit_tiny_patch16_224,43,sonda_lineal,original,sdnet_W,12,0.4290222731658391,0.806070826306914
vit_tiny_patch16_224,43,sonda_lineal,original,sdnet_W,13,0.429467020205089,0.7985480943738656
vit_tiny_patch16_224,43,sonda_lineal,original,sdnet_W,14,0.4265278131621224,0.7829313543599258
vit_tiny_patch16_224,43,sonda_lineal,original,sdnet_W,15,0.4192276181493486,0.8060200668896321
vit_tiny_patch16_224,43,sonda_lineal,original,sdnet_W,16,0.4174401458672114,0.7992957746478874
vit_tiny_patch16_224,43,sonda_lineal,original,sdnet_W,17,0.4160001673017229,0.7951388888888888
vit_tiny_patch16_224,43,sonda_lineal,original,sdnet_W,18,0.4141531865937369,0.8
vit_tiny_patch16_224,43,sonda_lineal,original,sdnet_W,19,0.4136239218711853,0.7985865724381626
vit_tiny_patch16_224,43,sonda_lineal,original,sdnet_W,20,0.4124623218604497,0.8036036036036036
vit_tiny_patch16_224,43,sonda_lineal,original,sdnet_W,21,0.4106358771664756,0.7992957746478874
vit_tiny_patch16_224,43,sonda_lineal,original,sdnet_W,22,0.4088550882680075,0.802013422818792
vit_tiny_patch16_224,43,sonda_lineal,original,metu,0,0.6707606669834681,0.9372937293729372
vit_tiny_patch16_224,43,sonda_lineal,original,metu,1,0.1807051851919719,0.991652754590985
vit_tiny_patch16_224,43,sonda_lineal,original,metu,2,0.0813198216472353,0.994991652754591
vit_tiny_patch16_224,43,sonda_lineal,original,metu,3,0.0542211374427591,0.994991652754591
vit_tiny_patch16_224,43,sonda_lineal,original,metu,4,0.042960703756128,0.994991652754591
vit_tiny_patch16_224,43,sonda_lineal,original,metu,5,0.0365050724787371,0.9966555183946488
vit_tiny_patch16_224,43,sonda_lineal,original,metu,6,0.0323763884178229,0.9966555183946488
vit_tiny_patch16_224,43,sonda_lineal,original,metu,7,0.0293220305868557,0.9966555183946488
vit_tiny_patch16_224,43,sonda_lineal,original,metu,8,0.0269076497427054,0.9966555183946488
vit_tiny_patch16_224,43,sonda_lineal,original,metu,9,0.0250016546036515,0.9966555183946488
vit_tiny_patch16_224,43,sonda_lineal,original,metu,10,0.0232290876231023,0.9966555183946488
vit_tiny_patch16_224,43,sonda_lineal,original,metu,11,0.0217637865671089,0.9966555183946488
vit_tiny_patch16_224,43,sonda_lineal,original,metu,12,0.020531370740916,0.9966555183946488
vit_tiny_patch16_224,43,sonda_lineal,original,metu,13,0.0195210224177156,0.9966555183946488
vit_tiny_patch16_224,43,sonda_lineal,original,metu,14,0.0184921607694455,0.9966555183946488
vit_tiny_patch16_224,43,sonda_lineal,original,metu,15,0.0176767880948526,0.9966555183946488
vit_tiny_patch16_224,44,sonda_lineal,original,sdnet_D,0,0.8443183534485953,0.5551601423487544
vit_tiny_patch16_224,44,sonda_lineal,original,sdnet_D,1,0.6284797075816563,0.6973684210526315
vit_tiny_patch16_224,44,sonda_lineal,original,sdnet_D,2,0.5643965704100472,0.6454183266932271
vit_tiny_patch16_224,44,sonda_lineal,original,sdnet_D,3,0.5373590476172311,0.6981818181818182
vit_tiny_patch16_224,44,sonda_lineal,original,sdnet_D,4,0.5150114050933293,0.7272727272727273
vit_tiny_patch16_224,44,sonda_lineal,original,sdnet_D,5,0.5031351751940591,0.7196969696969697
vit_tiny_patch16_224,44,sonda_lineal,original,sdnet_D,6,0.4922445978437151,0.7065637065637066
vit_tiny_patch16_224,44,sonda_lineal,original,sdnet_D,7,0.4845084636551993,0.7372262773722628
vit_tiny_patch16_224,44,sonda_lineal,original,sdnet_D,8,0.4779375006471361,0.7366482504604052
vit_tiny_patch16_224,44,sonda_lineal,original,sdnet_D,9,0.4728470415728433,0.7306967984934086
vit_tiny_patch16_224,44,sonda_lineal,original,sdnet_D,10,0.4686668121814727,0.7349177330895795
vit_tiny_patch16_224,44,sonda_lineal,original,sdnet_D,11,0.4654329133033752,0.7339449541284404
vit_tiny_patch16_224,44,sonda_lineal,original,sdnet_D,12,0.4628611833708627,0.7425373134328358
vit_tiny_patch16_224,44,sonda_lineal,original,sdnet_D,13,0.4597753351075309,0.7238095238095238
vit_tiny_patch16_224,44,sonda_lineal,original,sdnet_D,14,0.458949134179524,0.7387387387387387
vit_tiny_patch16_224,44,sonda_lineal,original,sdnet_D,15,0.4550770270824432,0.7415730337078652
vit_tiny_patch16_224,44,sonda_lineal,original,sdnet_D,16,0.4536189023086003,0.7350746268656716
vit_tiny_patch16_224,44,sonda_lineal,original,sdnet_D,17,0.4521138266154698,0.732824427480916
vit_tiny_patch16_224,44,sonda_lineal,original,sdnet_D,18,0.4518441113403865,0.7318982387475538
vit_tiny_patch16_224,44,sonda_lineal,original,sdnet_D,19,0.4472339934962136,0.7412844036697248
vit_tiny_patch16_224,44,sonda_lineal,original,sdnet_D,20,0.4481684848240443,0.7458866544789763
vit_tiny_patch16_224,44,sonda_lineal,original,sdnet_D,21,0.4461752503258841,0.7297830374753451
vit_tiny_patch16_224,44,sonda_lineal,original,sdnet_D,22,0.4452641056265149,0.7368421052631579
vit_tiny_patch16_224,44,sonda_lineal,original,sdnet_D,23,0.4413346861089979,0.7335907335907336
vit_tiny_patch16_224,44,sonda_lineal,original,sdnet_D,24,0.4397675243445805,0.7663230240549829
vit_tiny_patch16_224,44,sonda_lineal,original,sdnet_D,25,0.4424693245547158,0.7358490566037735
vit_tiny_patch16_224,44,sonda_lineal,original,sdnet_D,26,0.4405149977547782,0.7417475728155339
vit_tiny_patch16_224,44,sonda_lineal,original,sdnet_D,27,0.4383697530201503,0.732943469785575
vit_tiny_patch16_224,44,sonda_lineal,original,sdnet_D,28,0.4392002032484327,0.7392120075046904
vit_tiny_patch16_224,44,sonda_lineal,original,sdnet_D,29,0.4357684600353241,0.7467166979362101
vit_tiny_patch16_224,44,sonda_lineal,original,sdnet_D,30,0.4352123190675463,0.7557932263814616
vit_tiny_patch16_224,44,sonda_lineal,original,sdnet_D,31,0.4347064190251486,0.7347740667976425
vit_tiny_patch16_224,44,sonda_lineal,original,sdnet_D,32,0.433768436397825,0.7400379506641366
vit_tiny_patch16_224,44,sonda_lineal,original,sdnet_D,33,0.4362209590843746,0.75
vit_tiny_patch16_224,44,sonda_lineal,original,sdnet_D,34,0.4385884463787078,0.7648054145516074
vit_tiny_patch16_224,44,sonda_lineal,original,sdnet_P,0,0.8428616227422442,0.7054054054054054
vit_tiny_patch16_224,44,sonda_lineal,original,sdnet_P,1,0.568032477583204,0.7072243346007605
vit_tiny_patch16_224,44,sonda_lineal,original,sdnet_P,2,0.5010551968642644,0.7755775577557755
vit_tiny_patch16_224,44,sonda_lineal,original,sdnet_P,3,0.464145039490291,0.7662565905096661
vit_tiny_patch16_224,44,sonda_lineal,original,sdnet_P,4,0.4502379153456006,0.7876712328767124
vit_tiny_patch16_224,44,sonda_lineal,original,sdnet_P,5,0.4357175394466945,0.7879858657243817
vit_tiny_patch16_224,44,sonda_lineal,original,sdnet_P,6,0.4232066343511854,0.7937608318890814
vit_tiny_patch16_224,44,sonda_lineal,original,sdnet_P,7,0.414069755758558,0.8
vit_tiny_patch16_224,44,sonda_lineal,original,sdnet_P,8,0.4081709577356066,0.8089500860585198
vit_tiny_patch16_224,44,sonda_lineal,original,sdnet_P,9,0.4008742097445896,0.7985865724381626
vit_tiny_patch16_224,44,sonda_lineal,original,sdnet_P,10,0.3965358117648533,0.8028169014084507
vit_tiny_patch16_224,44,sonda_lineal,original,sdnet_P,11,0.3914661516462053,0.806282722513089
vit_tiny_patch16_224,44,sonda_lineal,original,sdnet_P,12,0.389363295180457,0.7978533094812165
vit_tiny_patch16_224,44,sonda_lineal,original,sdnet_P,13,0.3851024562971932,0.8104347826086956
vit_tiny_patch16_224,44,sonda_lineal,original,sdnet_P,14,0.3812833188261305,0.8112874779541446
vit_tiny_patch16_224,44,sonda_lineal,original,sdnet_P,15,0.378714873279844,0.8104347826086956
vit_tiny_patch16_224,44,sonda_lineal,original,sdnet_P,16,0.3756516911302294,0.8113879003558719
vit_tiny_patch16_224,44,sonda_lineal,original,sdnet_P,17,0.3738631154809679,0.8243478260869566
vit_tiny_patch16_224,44,sonda_lineal,original,sdnet_P,18,0.3720087093966348,0.8169014084507042
vit_tiny_patch16_224,44,sonda_lineal,original,sdnet_P,19,0.3705146086215973,0.8133802816901409
vit_tiny_patch16_224,44,sonda_lineal,original,sdnet_P,20,0.368672912802015,0.825938566552901
vit_tiny_patch16_224,44,sonda_lineal,original,sdnet_P,21,0.3664204835891723,0.8189806678383128
vit_tiny_patch16_224,44,sonda_lineal,original,sdnet_P,22,0.364766674212047,0.823327615780446
vit_tiny_patch16_224,44,sonda_lineal,original,sdnet_P,23,0.3630597158840724,0.8202443280977313
vit_tiny_patch16_224,44,sonda_lineal,original,sdnet_P,24,0.3620892182418278,0.8271186440677966
vit_tiny_patch16_224,44,sonda_lineal,original,sdnet_P,25,0.362068121433258,0.8221070811744386
vit_tiny_patch16_224,44,sonda_lineal,original,sdnet_P,26,0.360228213923318,0.8204225352112676
vit_tiny_patch16_224,44,sonda_lineal,original,sdnet_P,27,0.3589045189108167,0.8221070811744386
vit_tiny_patch16_224,44,sonda_lineal,original,sdnet_P,28,0.3573573579107012,0.8253424657534246
vit_tiny_patch16_224,44,sonda_lineal,original,sdnet_P,29,0.3560976816926683,0.8227194492254734
vit_tiny_patch16_224,44,sonda_lineal,original,sdnet_P,30,0.3550686601230076,0.8261617900172117
vit_tiny_patch16_224,44,sonda_lineal,original,sdnet_P,31,0.3541637131146022,0.8180242634315424
vit_tiny_patch16_224,44,sonda_lineal,original,sdnet_P,32,0.3527401675496782,0.8313458262350937
vit_tiny_patch16_224,44,sonda_lineal,original,sdnet_P,33,0.3518323593480246,0.8191489361702128
vit_tiny_patch16_224,44,sonda_lineal,original,sdnet_P,34,0.3528872420106615,0.8266666666666667
vit_tiny_patch16_224,44,sonda_lineal,original,sdnet_P,35,0.3518948183740888,0.8208695652173913
vit_tiny_patch16_224,44,sonda_lineal,original,sdnet_P,36,0.3509591477257864,0.8224956063268892
vit_tiny_patch16_224,44,sonda_lineal,original,sdnet_P,37,0.3489236148766109,0.831918505942275
vit_tiny_patch16_224,44,sonda_lineal,original,sdnet_P,38,0.3496261417865753,0.8235294117647058
vit_tiny_patch16_224,44,sonda_lineal,original,sdnet_P,39,0.3495614649568285,0.8189806678383128
vit_tiny_patch16_224,44,sonda_lineal,original,sdnet_P,40,0.349534671987806,0.8293515358361775
vit_tiny_patch16_224,44,sonda_lineal,original,sdnet_P,41,0.3465123547826494,0.8341708542713567
vit_tiny_patch16_224,44,sonda_lineal,original,sdnet_P,42,0.3499668099199022,0.8247422680412371
vit_tiny_patch16_224,44,sonda_lineal,original,sdnet_P,43,0.3475926073959896,0.815742397137746
vit_tiny_patch16_224,44,sonda_lineal,original,sdnet_P,44,0.353097334248679,0.8303715670436187
vit_tiny_patch16_224,44,sonda_lineal,original,sdnet_P,45,0.3527604821750096,0.831081081081081
vit_tiny_patch16_224,44,sonda_lineal,original,sdnet_P,46,0.3473439019066947,0.8199643493761141
vit_tiny_patch16_224,44,sonda_lineal,original,sdnet_P,47,0.3457374020985194,0.8293515358361775
vit_tiny_patch16_224,44,sonda_lineal,original,sdnet_P,48,0.3421176993846893,0.8333333333333334
vit_tiny_patch16_224,44,sonda_lineal,original,sdnet_P,49,0.3417014966692243,0.8324873096446701
vit_tiny_patch16_224,44,sonda_lineal,original,sdnet_P,50,0.3406173649856022,0.8263888888888888
vit_tiny_patch16_224,44,sonda_lineal,original,sdnet_P,51,0.3400644470964159,0.8336134453781513
vit_tiny_patch16_224,44,sonda_lineal,original,sdnet_W,0,0.7380140720094953,0.6026871401151631
vit_tiny_patch16_224,44,sonda_lineal,original,sdnet_W,1,0.5835024772371564,0.724812030075188
vit_tiny_patch16_224,44,sonda_lineal,original,sdnet_W,2,0.5197973821844374,0.7426470588235294
vit_tiny_patch16_224,44,sonda_lineal,original,sdnet_W,3,0.4854238777501242,0.75
vit_tiny_patch16_224,44,sonda_lineal,original,sdnet_W,4,0.4648664905343737,0.7782945736434108
vit_tiny_patch16_224,44,sonda_lineal,original,sdnet_W,5,0.4549566784926823,0.7656529516994633
vit_tiny_patch16_224,44,sonda_lineal,original,sdnet_W,6,0.4421831589085715,0.7783595113438045
vit_tiny_patch16_224,44,sonda_lineal,original,sdnet_W,7,0.4341285490989685,0.7924528301886793
vit_tiny_patch16_224,44,sonda_lineal,original,sdnet_W,8,0.4300321100439344,0.7986348122866894
vit_tiny_patch16_224,44,sonda_lineal,original,sdnet_W,9,0.4246591184820447,0.7909407665505227
vit_tiny_patch16_224,44,sonda_lineal,original,sdnet_W,10,0.4220309914861406,0.7937608318890814
vit_tiny_patch16_224,44,sonda_lineal,original,sdnet_W,11,0.4177887122971671,0.8020477815699659
vit_tiny_patch16_224,44,sonda_lineal,original,sdnet_W,12,0.417004873071398,0.795774647887324
vit_tiny_patch16_224,44,sonda_lineal,original,sdnet_W,13,0.4132415524550846,0.7906137184115524
vit_tiny_patch16_224,44,sonda_lineal,original,sdnet_W,14,0.4148075715133122,0.7941176470588235
vit_tiny_patch16_224,44,sonda_lineal,original,sdnet_W,15,0.4109615470681871,0.7986348122866894
vit_tiny_patch16_224,44,sonda_lineal,original,sdnet_W,16,0.4067497864791325,0.7922535211267606
vit_tiny_patch16_224,44,sonda_lineal,original,sdnet_W,17,0.4068282692773001,0.7892857142857143
vit_tiny_patch16_224,44,sonda_lineal,original,sdnet_W,18,0.4046091355596269,0.8033898305084746
vit_tiny_patch16_224,44,sonda_lineal,original,sdnet_W,19,0.4027892090593065,0.8055555555555556
vit_tiny_patch16_224,44,sonda_lineal,original,sdnet_W,20,0.4045595765113831,0.7964912280701755
vit_tiny_patch16_224,44,sonda_lineal,original,sdnet_W,21,0.4017048607553754,0.7884267631103075
vit_tiny_patch16_224,44,sonda_lineal,original,sdnet_W,22,0.4033087195668902,0.7921847246891652
vit_tiny_patch16_224,44,sonda_lineal,original,sdnet_W,23,0.3976566502026149,0.7935943060498221
vit_tiny_patch16_224,44,sonda_lineal,original,sdnet_W,24,0.400871718100139,0.8033613445378152
vit_tiny_patch16_224,44,sonda_lineal,original,sdnet_W,25,0.3961188772746495,0.8033333333333333
vit_tiny_patch16_224,44,sonda_lineal,original,sdnet_W,26,0.3945866404260907,0.7937062937062938
vit_tiny_patch16_224,44,sonda_lineal,original,sdnet_W,27,0.3935539196218763,0.7950089126559715
vit_tiny_patch16_224,44,sonda_lineal,original,sdnet_W,28,0.3926678087030138,0.795774647887324
vit_tiny_patch16_224,44,sonda_lineal,original,sdnet_W,29,0.3923890355655125,0.797153024911032
vit_tiny_patch16_224,44,sonda_lineal,original,metu,0,0.830641165460859,0.7994579945799458
vit_tiny_patch16_224,44,sonda_lineal,original,metu,1,0.2597003671952656,0.9744463373083475
vit_tiny_patch16_224,44,sonda_lineal,original,metu,2,0.11466412467615945,0.9881956155143339
vit_tiny_patch16_224,44,sonda_lineal,original,metu,3,0.07042811885476112,0.9949748743718593
vit_tiny_patch16_224,44,sonda_lineal,original,metu,4,0.05260481776935714,0.9966555183946488
vit_tiny_patch16_224,44,sonda_lineal,original,metu,5,0.04404474266937801,0.9966555183946488
vit_tiny_patch16_224,44,sonda_lineal,original,metu,6,0.03856732498322214,0.9966555183946488
vit_tiny_patch16_224,44,sonda_lineal,original,metu,7,0.034704062065907884,0.9966555183946488
vit_tiny_patch16_224,44,sonda_lineal,original,metu,8,0.031679806177105224,0.9966555183946488
vit_tiny_patch16_224,44,sonda_lineal,original,metu,9,0.029273248250995365,0.9966555183946488
vit_tiny_patch16_224,44,sonda_lineal,original,metu,10,0.027198146358132363,0.9966555183946488
vit_tiny_patch16_224,44,sonda_lineal,original,metu,11,0.025508362555078098,0.9966555183946488
vit_tiny_patch16_224,44,sonda_lineal,original,metu,12,0.023949894638998166,0.9966555183946488
vit_tiny_patch16_224,44,sonda_lineal,original,metu,13,0.02267250840153013,0.9966555183946488
vit_tiny_patch16_224,44,sonda_lineal,original,metu,14,0.021501775586179325,0.9966555183946488
