arquitectura,semilla,condicion,particion,dominio_train,epoca,perdida_train,f1_val,exactitud_val
resnet18,42,baseline,original,sdnet_D,0,0.6189773031643458,0.717391304347826,0.6966666666666667
resnet18,42,baseline,original,sdnet_D,1,0.4581278918470655,0.6976744186046512,0.7616666666666667
resnet18,42,baseline,original,sdnet_D,2,0.3717823425361088,0.7619047619047619,0.8
resnet18,42,baseline,original,sdnet_D,3,0.314902537039348,0.7701149425287356,0.8
resnet18,42,baseline,original,sdnet_D,4,0.2726705477918897,0.7844660194174757,0.815
resnet18,42,baseline,original,sdnet_D,5,0.2242800377096448,0.7733333333333333,0.8016666666666666
resnet18,42,baseline,original,sdnet_D,6,0.1781730054106031,0.7868217054263565,0.8166666666666667
resnet18,42,baseline,original,sdnet_D,7,0.1412812172515051,0.8077601410934744,0.8183333333333334
resnet18,42,baseline,original,sdnet_D,8,0.1248500669854027,0.7927272727272727,0.81
resnet18,42,baseline,original,sdnet_D,9,0.1148069644825799,0.8,0.8133333333333334
resnet18,42,baseline,original,sdnet_D,10,0.1075217534388814,0.8051948051948052,0.825
resnet18,42,baseline,original,sdnet_P,0,0.6243642585618155,0.7616511318242344,0.7016666666666667
resnet18,42,baseline,original,sdnet_P,1,0.4116071695940835,0.8185185185185185,0.8366666666666667
resnet18,42,baseline,original,sdnet_P,2,0.2900507427964892,0.835820895522388,0.8533333333333334
resnet18,42,baseline,original,sdnet_P,3,0.2200289230687277,0.8647686832740213,0.8733333333333333
resnet18,42,baseline,original,sdnet_P,4,0.1714431158133915,0.872852233676976,0.8766666666666667
resnet18,42,baseline,original,sdnet_P,5,0.1293791585309165,0.8704318936877077,0.87
resnet18,42,baseline,original,sdnet_P,6,0.0967241382598877,0.875,0.8766666666666667
resnet18,42,baseline,original,sdnet_P,7,0.0703913493241582,0.8794567062818336,0.8816666666666667
resnet18,42,baseline,original,sdnet_P,8,0.0622147303393908,0.8831615120274914,0.8866666666666667
resnet18,42,baseline,original,sdnet_P,9,0.0539803222886153,0.8854700854700854,0.8883333333333333
resnet18,42,baseline,original,sdnet_P,10,0.0496783652901649,0.8835616438356164,0.8866666666666667
resnet18,42,baseline,original,sdnet_P,11,0.0458842023142746,0.8816466552315609,0.885
resnet18,42,baseline,original,sdnet_W,0,0.5874012621811459,0.7722473604826546,0.7483333333333333
resnet18,42,baseline,original,sdnet_W,1,0.4003793905462537,0.8029197080291971,0.82
resnet18,42,baseline,original,sdnet_W,2,0.3041705628803798,0.7984790874524715,0.8233333333333334
resnet18,42,baseline,original,sdnet_W,3,0.239682999423572,0.8155038759689922,0.8016666666666666
resnet18,42,baseline,original,sdnet_W,4,0.1892588192224502,0.8313856427378965,0.8316666666666667
resnet18,42,baseline,original,sdnet_W,5,0.1526206732647759,0.856175972927242,0.8583333333333333
resnet18,42,baseline,original,sdnet_W,6,0.1153873567496027,0.8576449912126538,0.865
resnet18,42,baseline,original,sdnet_W,7,0.0966619117770876,0.8186528497409327,0.825
resnet18,42,baseline,original,sdnet_W,8,0.079048544381346,0.8339100346020761,0.84
resnet18,42,baseline,original,sdnet_W,9,0.0685678139967577,0.8452173913043478,0.8516666666666667
resnet18,42,baseline,original,metu,0,0.3184041555012975,0.9917081260364844,0.9916666666666668
resnet18,42,baseline,original,metu,1,0.0250640587269195,0.9966666666666668,0.9966666666666668
resnet18,42,baseline,original,metu,2,0.0087706264840172,1.0,1.0
resnet18,42,baseline,original,metu,3,0.0048617839819884,0.998330550918197,0.9983333333333332
resnet18,42,baseline,original,metu,4,0.0038604141555593,0.998330550918197,0.9983333333333332
resnet18,42,baseline,original,metu,5,0.00397628771374,0.998330550918197,0.9983333333333332
resnet18,43,baseline,original,sdnet_D,0,0.623252432686942,0.7085714285714285,0.66
resnet18,43,baseline,original,sdnet_D,1,0.4638148466178349,0.7653846153846153,0.7966666666666666
resnet18,43,baseline,original,sdnet_D,2,0.379568167584283,0.7534516765285996,0.7916666666666666
resnet18,43,baseline,original,sdnet_D,3,0.3221483017717089,0.6978723404255319,0.7633333333333333
resnet18,43,baseline,original,sdnet_D,4,0.2600880407435553,0.7921146953405018,0.8066666666666666
resnet18,43,baseline,original,sdnet_D,5,0.2251258935247148,0.7879799666110183,0.7883333333333333
resnet18,43,baseline,original,sdnet_D,6,0.1888287559577396,0.7933579335793358,0.8133333333333334
resnet18,43,baseline,original,sdnet_D,7,0.1625508712019239,0.7992565055762082,0.82
resnet18,43,baseline,original,sdnet_D,8,0.1327606236083167,0.8041958041958042,0.8133333333333334
resnet18,43,baseline,original,sdnet_D,9,0.1162630346843174,0.8090277777777778,0.8166666666666667
resnet18,43,baseline,original,sdnet_D,10,0.109818751003061,0.8097731239092496,0.8183333333333334
resnet18,43,baseline,original,sdnet_D,11,0.1064202903849738,0.818815331010453,0.8266666666666667
resnet18,43,baseline,original,sdnet_P,0,0.6067773924555098,0.804093567251462,0.7766666666666666
resnet18,43,baseline,original,sdnet_P,1,0.3948227604797908,0.8546099290780141,0.8633333333333333
resnet18,43,baseline,original,sdnet_P,2,0.2796515933104924,0.8758620689655172,0.88
resnet18,43,baseline,original,sdnet_P,3,0.2140642201048987,0.8774834437086093,0.8766666666666667
resnet18,43,baseline,original,sdnet_P,4,0.169009604879788,0.8866666666666667,0.8866666666666667
resnet18,43,baseline,original,sdnet_P,5,0.1292758751767022,0.888135593220339,0.89
resnet18,43,baseline,original,sdnet_P,6,0.0922229724696704,0.8952702702702703,0.8966666666666666
resnet18,43,baseline,original,sdnet_P,7,0.0770392297421182,0.9047619047619048,0.9066666666666666
resnet18,43,baseline,original,sdnet_P,8,0.0667905194418771,0.905084745762712,0.9066666666666666
resnet18,43,baseline,original,sdnet_P,9,0.0490485249033996,0.9134125636672326,0.915
resnet18,43,baseline,original,sdnet_P,10,0.0494231425332171,0.9041095890410958,0.9066666666666666
resnet18,43,baseline,original,sdnet_P,11,0.051732273155025,0.905982905982906,0.9083333333333332
resnet18,43,baseline,original,sdnet_W,0,0.5952434512547085,0.7477477477477478,0.72
resnet18,43,baseline,original,sdnet_W,1,0.4006473691122872,0.8121645796064401,0.825
resnet18,43,baseline,original,sdnet_W,2,0.3097229669775281,0.7866868381240545,0.765
resnet18,43,baseline,original,sdnet_W,3,0.2432326659134456,0.8247422680412371,0.83
resnet18,43,baseline,original,sdnet_W,4,0.1909962389298847,0.8253968253968254,0.835
resnet18,43,baseline,original,sdnet_W,5,0.1510314573560442,0.8506944444444444,0.8566666666666667
resnet18,43,baseline,original,sdnet_W,6,0.1197034004756382,0.8528925619834711,0.8516666666666667
resnet18,43,baseline,original,sdnet_W,7,0.091229918790715,0.8363636363636363,0.85
resnet18,43,baseline,original,sdnet_W,8,0.0828940910526684,0.8503401360544217,0.8533333333333334
resnet18,43,baseline,original,sdnet_W,9,0.0665841740156923,0.8537005163511188,0.8583333333333333
resnet18,43,baseline,original,sdnet_W,10,0.0617123542619603,0.8500881834215167,0.8583333333333333
resnet18,43,baseline,original,sdnet_W,11,0.0611900284673486,0.8465608465608465,0.855
resnet18,43,baseline,original,metu,0,0.327590811082295,0.9933554817275748,0.9933333333333332
resnet18,43,baseline,original,metu,1,0.0210323450794177,0.9966555183946488,0.9966666666666668
resnet18,43,baseline,original,metu,2,0.0085206162929534,0.9966555183946488,0.9966666666666668
resnet18,43,baseline,original,metu,3,0.0058574034885636,0.9983361064891848,0.9983333333333332
resnet18,43,baseline,original,metu,4,0.0028898230627445,0.9966555183946488,0.9966666666666668
resnet18,43,baseline,original,metu,5,0.00197733014822,0.9966555183946488,0.9966666666666668
resnet18,43,baseline,original,metu,6,0.0027405613657486,0.9966555183946488,0.9966666666666668
resnet18,44,baseline,original,sdnet_D,0,0.6200912172453744,0.7025089605734767,0.7233333333333334
resnet18,44,baseline,original,sdnet_D,1,0.4689640084334782,0.7166666666666667,0.7733333333333333
resnet18,44,baseline,original,sdnet_D,2,0.3880245646408626,0.7545638945233266,0.7983333333333333
resnet18,44,baseline,original,sdnet_D,3,0.3316550622667585,0.7653846153846153,0.7966666666666666
resnet18,44,baseline,original,sdnet_D,4,0.2741013873474938,0.780114722753346,0.8083333333333333
resnet18,44,baseline,original,sdnet_D,5,0.2237858068943023,0.7765151515151515,0.8033333333333333
resnet18,44,baseline,original,sdnet_D,6,0.188623720066888,0.7913669064748201,0.8066666666666666
resnet18,44,baseline,original,sdnet_D,7,0.1614301151037216,0.8040201005025126,0.805
resnet18,44,baseline,original,sdnet_D,8,0.1339951861756188,0.7787610619469026,0.7916666666666666
resnet18,44,baseline,original,sdnet_D,9,0.1105152629102979,0.8020477815699659,0.8066666666666666
resnet18,44,baseline,original,sdnet_D,10,0.1070685253824506,0.7929203539823009,0.805
resnet18,44,baseline,original,sdnet_P,0,0.6269461386544364,0.7624161073825504,0.705
resnet18,44,baseline,original,sdnet_P,1,0.4195387033053807,0.8390596745027125,0.8516666666666667
resnet18,44,baseline,original,sdnet_P,2,0.3070403388568333,0.8700361010830325,0.88
resnet18,44,baseline,original,sdnet_P,3,0.2316518982819148,0.8821428571428571,0.89
resnet18,44,baseline,original,sdnet_P,4,0.1693855246475764,0.8770053475935828,0.885
resnet18,44,baseline,original,sdnet_P,5,0.1344959833792277,0.8837209302325582,0.8833333333333333
resnet18,44,baseline,original,sdnet_P,6,0.1036808791330882,0.8824531516183987,0.885
resnet18,44,baseline,original,sdnet_P,7,0.0909849107265472,0.89,0.89
resnet18,44,baseline,original,sdnet_P,8,0.0655134840096746,0.8802698145025295,0.8816666666666667
resnet18,44,baseline,original,sdnet_P,9,0.0549892446185861,0.8870431893687708,0.8866666666666667
resnet18,44,baseline,original,sdnet_P,10,0.0562291514447757,0.8795986622073578,0.88
resnet18,44,baseline,original,sdnet_W,0,0.6035328999587468,0.7648902821316614,0.75
resnet18,44,baseline,original,sdnet_W,1,0.4194166135787964,0.6383928571428571,0.73
resnet18,44,baseline,original,sdnet_W,2,0.3287008059024811,0.7648183556405354,0.795
resnet18,44,baseline,original,sdnet_W,3,0.264691012927464,0.7914230019493177,0.8216666666666667
resnet18,44,baseline,original,sdnet_W,4,0.2060072488444192,0.8356643356643356,0.8433333333333334
resnet18,44,baseline,original,sdnet_W,5,0.1659365915400641,0.8411552346570397,0.8533333333333334
resnet18,44,baseline,original,sdnet_W,6,0.1235642229233469,0.8388214904679376,0.845
resnet18,44,baseline,original,sdnet_W,7,0.1020239993929863,0.8601036269430051,0.865
resnet18,44,baseline,original,sdnet_W,8,0.0897044512203761,0.8405797101449275,0.8533333333333334
resnet18,44,baseline,original,sdnet_W,9,0.0717844873241015,0.8387096774193549,0.8416666666666667
resnet18,44,baseline,original,sdnet_W,10,0.0673532028709139,0.8522920203735145,0.855
resnet18,44,baseline,original,metu,0,0.3240122693138463,0.9786535303776684,0.9783333333333334
resnet18,44,baseline,original,metu,1,0.0305500700165118,0.9949748743718592,0.995
resnet18,44,baseline,original,metu,2,0.0079509292343365,0.998330550918197,0.9983333333333332
resnet18,44,baseline,original,metu,3,0.0067538384893643,0.9966555183946488,0.9966666666666668
resnet18,44,baseline,original,metu,4,0.0030657278187572,1.0,1.0
resnet18,44,baseline,original,metu,5,0.0029751180750983,1.0,1.0
resnet18,44,baseline,original,metu,6,0.001967033191717,0.9966555183946488,0.9966666666666668
resnet18,44,baseline,original,metu,7,0.0019360177860861,0.9966555183946488,0.9966666666666668
efficientnet_b0,42,baseline,original,sdnet_D,0,1.4198274946212768,0.7260726072607261,0.7233333333333334
efficientnet_b0,42,baseline,original,sdnet_D,1,0.5109886901719229,0.7602523659305994,0.7466666666666667
efficientnet_b0,42,baseline,original,sdnet_D,2,0.1988997310400009,0.7642857142857142,0.78
efficientnet_b0,42,baseline,original,sdnet_D,3,0.1543355722512517,0.7783783783783784,0.795
efficientnet_b0,42,baseline,original,sdnet_D,4,0.0662888131397111,0.781981981981982,0.7983333333333333
efficientnet_b0,42,baseline,original,sdnet_D,5,0.0482347382711512,0.7964601769911505,0.8083333333333333
efficientnet_b0,42,baseline,original,sdnet_D,6,0.0345485052945358,0.7970479704797048,0.8166666666666667
efficientnet_b0,42,baseline,original,sdnet_D,7,0.0182588715638433,0.7992831541218638,0.8133333333333334
efficientnet_b0,42,baseline,original,sdnet_D,8,0.0147485615525926,0.7985739750445633,0.8116666666666666
efficientnet_b0,42,baseline,original,sdnet_D,9,0.019534171542951,0.8056042031523643,0.815
efficientnet_b0,42,baseline,original,sdnet_D,10,0.008372436083321,0.7985611510791367,0.8133333333333334
efficientnet_b0,42,baseline,original,sdnet_D,11,0.01237108115639,0.800711743772242,0.8133333333333334
efficientnet_b0,42,baseline,original,sdnet_P,0,1.3897279936926703,0.8135593220338984,0.7983333333333333
efficientnet_b0,42,baseline,original,sdnet_P,1,0.3804600326504026,0.8532423208191127,0.8566666666666667
efficientnet_b0,42,baseline,original,sdnet_P,2,0.1630344260164669,0.8542713567839196,0.855
efficientnet_b0,42,baseline,original,sdnet_P,3,0.0962006204468863,0.8541666666666666,0.86
efficientnet_b0,42,baseline,original,sdnet_P,4,0.0732250512923513,0.8663282571912013,0.8683333333333333
efficientnet_b0,42,baseline,original,sdnet_P,5,0.0578815991963659,0.8620689655172413,0.8666666666666667
efficientnet_b0,42,baseline,original,sdnet_P,6,0.0236350036518914,0.867595818815331,0.8733333333333333
efficientnet_b0,42,baseline,original,sdnet_P,7,0.025439436824194,0.8518518518518519,0.8533333333333334
efficientnet_b0,42,baseline,original,sdnet_P,8,0.009319277236105,0.8657243816254417,0.8733333333333333
efficientnet_b0,42,baseline,original,sdnet_P,9,0.0110355802891509,0.8760611205432938,0.8783333333333333
efficientnet_b0,42,baseline,original,sdnet_P,10,0.0088364548768316,0.863481228668942,0.8666666666666667
efficientnet_b0,42,baseline,original,sdnet_P,11,0.0115244531631469,0.872852233676976,0.8766666666666667
efficientnet_b0,42,baseline,original,sdnet_W,0,1.4291792229243687,0.749185667752443,0.7433333333333333
efficientnet_b0,42,baseline,original,sdnet_W,1,0.5008287559236799,0.7802385008517888,0.785
efficientnet_b0,42,baseline,original,sdnet_W,2,0.1866693757261548,0.7993197278911565,0.8033333333333333
efficientnet_b0,42,baseline,original,sdnet_W,3,0.1064978519082069,0.8006644518272426,0.8
efficientnet_b0,42,baseline,original,sdnet_W,4,0.0744848611525126,0.8068376068376069,0.8116666666666666
efficientnet_b0,42,baseline,original,sdnet_W,5,0.0586458984655993,0.8074324324324325,0.81
efficientnet_b0,42,baseline,original,sdnet_W,6,0.0244025426677295,0.8266199649737302,0.835
efficientnet_b0,42,baseline,original,sdnet_W,7,0.0162577526058469,0.8129251700680272,0.8166666666666667
efficientnet_b0,42,baseline,original,sdnet_W,8,0.0165177641063928,0.8202443280977313,0.8283333333333334
efficientnet_b0,42,baseline,original,sdnet_W,9,0.0083003447763621,0.8273504273504273,0.8316666666666667
efficientnet_b0,42,baseline,original,sdnet_W,10,0.0090061885969979,0.8151986183074266,0.8216666666666667
efficientnet_b0,42,baseline,original,sdnet_W,11,0.0050292259853865,0.8117443868739206,0.8183333333333334
efficientnet_b0,42,baseline,original,metu,0,0.2528395634437246,0.998330550918197,0.9983333333333332
efficientnet_b0,42,baseline,original,metu,1,0.0309486271653853,1.0,1.0
efficientnet_b0,42,baseline,original,metu,2,0.0110357134257044,0.9983361064891848,0.9983333333333332
efficientnet_b0,42,baseline,original,metu,3,0.0063053535563605,0.998330550918197,0.9983333333333332
efficientnet_b0,42,baseline,original,metu,4,0.0110324917095044,0.9966555183946488,0.9966666666666668
efficientnet_b0,43,baseline,original,sdnet_D,0,1.3366383613858903,0.7372013651877133,0.7433333333333333
efficientnet_b0,43,baseline,original,sdnet_D,1,0.4471029281616211,0.7379679144385026,0.755
efficientnet_b0,43,baseline,original,sdnet_D,2,0.2356217151028769,0.7289377289377289,0.7533333333333333
efficientnet_b0,43,baseline,original,sdnet_D,3,0.1170869977559362,0.7590987868284229,0.7683333333333333
efficientnet_b0,43,baseline,original,sdnet_D,4,0.0631659618126494,0.7758007117437722,0.79
efficientnet_b0,43,baseline,original,sdnet_D,5,0.063369080722332,0.762589928057554,0.78
efficientnet_b0,43,baseline,original,sdnet_D,6,0.0402633194625377,0.7711711711711712,0.7883333333333333
efficientnet_b0,43,baseline,original,sdnet_D,7,0.0261259266308375,0.7683823529411765,0.79
efficientnet_b0,43,baseline,original,sdnet_P,0,1.4543078878947666,0.8013355592654424,0.8016666666666666
efficientnet_b0,43,baseline,original,sdnet_P,1,0.3854278634275709,0.8229166666666666,0.83
efficientnet_b0,43,baseline,original,sdnet_P,2,0.1625542861223221,0.856655290102389,0.86
efficientnet_b0,43,baseline,original,sdnet_P,3,0.1032885439055306,0.8470588235294118,0.8483333333333334
efficientnet_b0,43,baseline,original,sdnet_P,4,0.068913328392165,0.858603066439523,0.8616666666666667
efficientnet_b0,43,baseline,original,sdnet_P,5,0.0378625350771471,0.867595818815331,0.8733333333333333
efficientnet_b0,43,baseline,original,sdnet_P,6,0.0307569901458919,0.8862478777589134,0.8883333333333333
efficientnet_b0,43,baseline,original,sdnet_P,7,0.015451279412955,0.8784722222222222,0.8833333333333333
efficientnet_b0,43,baseline,original,sdnet_P,8,0.013851007978831,0.8808290155440415,0.885
efficientnet_b0,43,baseline,original,sdnet_P,9,0.006814650851967,0.8732394366197183,0.88
efficientnet_b0,43,baseline,original,sdnet_W,0,1.440873953955514,0.7644151565074135,0.7616666666666667
efficientnet_b0,43,baseline,original,sdnet_W,1,0.4637550903218133,0.7647058823529411,0.7733333333333333
efficientnet_b0,43,baseline,original,sdnet_W,2,0.1742918466244425,0.7891156462585034,0.7933333333333333
efficientnet_b0,43,baseline,original,sdnet_W,3,0.1190717736099447,0.7913188647746243,0.7916666666666666
efficientnet_b0,43,baseline,original,sdnet_W,4,0.0715971377491951,0.7925170068027211,0.7966666666666666
efficientnet_b0,43,baseline,original,sdnet_W,5,0.0418205857702664,0.8055555555555556,0.8133333333333334
efficientnet_b0,43,baseline,original,sdnet_W,6,0.0310906174725719,0.8149405772495756,0.8183333333333334
efficientnet_b0,43,baseline,original,sdnet_W,7,0.0260337308953915,0.8131487889273357,0.82
efficientnet_b0,43,baseline,original,sdnet_W,8,0.0153498722399984,0.8125,0.82
efficientnet_b0,43,baseline,original,sdnet_W,9,0.0110671911707946,0.800711743772242,0.8133333333333334
efficientnet_b0,43,baseline,original,metu,0,0.2040546845964438,0.9983361064891848,0.9983333333333332
efficientnet_b0,43,baseline,original,metu,1,0.010418729696955,0.994991652754591,0.995
efficientnet_b0,43,baseline,original,metu,2,0.0092010822892189,0.994991652754591,0.995
efficientnet_b0,43,baseline,original,metu,3,0.0241569256782947,0.9933333333333332,0.9933333333333332
efficientnet_b0,44,baseline,original,sdnet_D,0,1.4842633731024606,0.7100977198697068,0.7033333333333334
efficientnet_b0,44,baseline,original,sdnet_D,1,0.5224077131067003,0.7394957983193278,0.7416666666666667
efficientnet_b0,44,baseline,original,sdnet_D,2,0.2464160931110382,0.725925925925926,0.7533333333333333
efficientnet_b0,44,baseline,original,sdnet_D,3,0.1425933582442147,0.7542662116040956,0.76
efficientnet_b0,44,baseline,original,sdnet_D,4,0.084669322839805,0.7614035087719299,0.7733333333333333
efficientnet_b0,44,baseline,original,sdnet_D,5,0.039238137602806,0.7697841726618705,0.7866666666666666
efficientnet_b0,44,baseline,original,sdnet_D,6,0.025001976447446,0.7637655417406749,0.7783333333333333
efficientnet_b0,44,baseline,original,sdnet_D,7,0.0325113769939967,0.7627416520210897,0.775
efficientnet_b0,44,baseline,original,sdnet_D,8,0.0146250465086528,0.768141592920354,0.7816666666666666
efficientnet_b0,44,baseline,original,sdnet_P,0,1.3993665034430367,0.8244766505636071,0.8183333333333334
efficientnet_b0,44,baseline,original,sdnet_P,1,0.4749125223500388,0.8413793103448276,0.8466666666666667
efficientnet_b0,44,baseline,original,sdnet_P,2,0.2132968607970646,0.8457538994800693,0.8516666666666667
efficientnet_b0,44,baseline,original,sdnet_P,3,0.1375659781694412,0.8527918781725888,0.855
efficientnet_b0,44,baseline,original,sdnet_P,4,0.0671104429023606,0.8506944444444444,0.8566666666666667
efficientnet_b0,44,baseline,original,sdnet_P,5,0.0342969695904425,0.8724137931034482,0.8766666666666667
efficientnet_b0,44,baseline,original,sdnet_P,6,0.0253490656188556,0.8698630136986302,0.8733333333333333
efficientnet_b0,44,baseline,original,sdnet_P,7,0.0256611317821911,0.8711864406779661,0.8733333333333333
efficientnet_b0,44,baseline,original,sdnet_P,8,0.011053428319948,0.8679245283018868,0.8716666666666667
resnet18,42,baseline,agrupada,sdnet_D,0,0.6153728231251668,0.6769825918762089,0.7216666666666667
resnet18,42,baseline,agrupada,sdnet_D,1,0.4608097268523072,0.7428571428571429,0.775
resnet18,42,baseline,agrupada,sdnet_D,2,0.3813914456813455,0.7652859960552268,0.8016666666666666
resnet18,42,baseline,agrupada,sdnet_D,3,0.3087211554856609,0.7417218543046358,0.74
resnet18,42,baseline,agrupada,sdnet_D,4,0.2602552483622118,0.7603603603603604,0.7783333333333333
resnet18,42,baseline,agrupada,sdnet_D,5,0.2067706967858101,0.7664233576642335,0.7866666666666666
resnet18,42,baseline,agrupada,sdnet_D,6,0.1691296801721449,0.7683823529411765,0.79
resnet18,42,baseline,agrupada,sdnet_D,7,0.1370570225359724,0.7862318840579711,0.8033333333333333
resnet18,42,baseline,agrupada,sdnet_D,8,0.1110538380930749,0.7772020725388601,0.785
resnet18,42,baseline,agrupada,sdnet_D,9,0.0973576929393432,0.7849829351535836,0.79
resnet18,42,baseline,agrupada,sdnet_D,10,0.0927627792890123,0.7843137254901961,0.7983333333333333
resnet18,42,baseline,agrupada,sdnet_P,0,0.6155839440633925,0.7787114845938375,0.7366666666666667
resnet18,42,baseline,agrupada,sdnet_P,1,0.4021808316381715,0.8252252252252252,0.8383333333333334
resnet18,42,baseline,agrupada,sdnet_P,2,0.2857413710878907,0.8694096601073346,0.8783333333333333
resnet18,42,baseline,agrupada,sdnet_P,3,0.2157633493701331,0.8516746411483254,0.845
resnet18,42,baseline,agrupada,sdnet_P,4,0.17317830903067,0.8862478777589134,0.8883333333333333
resnet18,42,baseline,agrupada,sdnet_P,5,0.1200718289013389,0.8874172185430463,0.8866666666666667
resnet18,42,baseline,agrupada,sdnet_P,6,0.0941876993762503,0.8911222780569514,0.8916666666666667
resnet18,42,baseline,agrupada,sdnet_P,7,0.0676725895231147,0.8873949579831932,0.8883333333333333
resnet18,42,baseline,agrupada,sdnet_P,8,0.0592270001286654,0.8892561983471075,0.8883333333333333
resnet18,42,baseline,agrupada,sdnet_P,9,0.0507180384058746,0.8811881188118812,0.88
resnet18,42,baseline,agrupada,sdnet_W,0,0.5899057622436139,0.7853577371048253,0.785
resnet18,42,baseline,agrupada,sdnet_W,1,0.4256372973215666,0.7723440134907251,0.775
resnet18,42,baseline,agrupada,sdnet_W,2,0.3357565310790384,0.8154362416107382,0.8166666666666667
resnet18,42,baseline,agrupada,sdnet_W,3,0.2780304739586741,0.8261617900172117,0.8316666666666667
resnet18,42,baseline,agrupada,sdnet_W,4,0.2205760177090871,0.8368794326241135,0.8466666666666667
resnet18,42,baseline,agrupada,sdnet_W,5,0.170369625927733,0.8461538461538461,0.8466666666666667
resnet18,42,baseline,agrupada,sdnet_W,6,0.138846880154644,0.8481675392670157,0.855
resnet18,42,baseline,agrupada,sdnet_W,7,0.1044244076225826,0.8494983277591973,0.85
resnet18,42,baseline,agrupada,sdnet_W,8,0.0858502444817865,0.8513513513513513,0.8533333333333334
resnet18,42,baseline,agrupada,sdnet_W,9,0.0792649738544182,0.8433333333333334,0.8433333333333334
resnet18,42,baseline,agrupada,sdnet_W,10,0.0700657560456571,0.8498293515358362,0.8533333333333334
resnet18,42,baseline,agrupada,sdnet_W,11,0.0682507105707693,0.8561525129982669,0.8616666666666667
resnet18,42,baseline,agrupada,metu,0,0.3184041555012975,0.9917081260364844,0.9916666666666668
resnet18,42,baseline,agrupada,metu,1,0.0250640587269195,0.9966666666666668,0.9966666666666668
resnet18,42,baseline,agrupada,metu,2,0.0087706264840172,1.0,1.0
resnet18,42,baseline,agrupada,metu,3,0.0048617839819884,0.998330550918197,0.9983333333333332
resnet18,42,baseline,agrupada,metu,4,0.0038604141555593,0.998330550918197,0.9983333333333332
resnet18,42,baseline,agrupada,metu,5,0.00397628771374,0.998330550918197,0.9983333333333332
resnet18,43,baseline,agrupada,sdnet_D,0,0.6264856900242592,0.6781609195402298,0.72
resnet18,43,baseline,agrupada,sdnet_D,1,0.4845863926753723,0.7386363636363636,0.77
resnet18,43,baseline,agrupada,sdnet_D,2,0.4006376282774287,0.7654784240150094,0.7916666666666666
resnet18,43,baseline,agrupada,sdnet_D,3,0.3355069262089489,0.7639639639639639,0.7816666666666666
resnet18,43,baseline,agrupada,sdnet_D,4,0.2717754850713469,0.7658862876254181,0.7666666666666667
resnet18,43,baseline,agrupada,sdnet_D,5,0.2242573326225761,0.7868284228769498,0.795
resnet18,43,baseline,agrupada,sdnet_D,6,0.1924677911851046,0.7781954887218046,0.8033333333333333
resnet18,43,baseline,agrupada,sdnet_D,7,0.1589067780071025,0.8014059753954306,0.8116666666666666
resnet18,43,baseline,agrupada,sdnet_D,8,0.1341120768365242,0.8047945205479452,0.81
resnet18,43,baseline,agrupada,sdnet_D,9,0.1234936104403982,0.8034188034188035,0.8083333333333333
resnet18,43,baseline,agrupada,sdnet_D,10,0.1216573606828133,0.8102564102564103,0.815
resnet18,43,baseline,agrupada,sdnet_D,11,0.1102221691565547,0.8068965517241379,0.8133333333333334
resnet18,43,baseline,agrupada,sdnet_P,0,0.6053956066961769,0.7332457293035479,0.6616666666666666
resnet18,43,baseline,agrupada,sdnet_P,1,0.4102601867356746,0.8376068376068376,0.8416666666666667
resnet18,43,baseline,agrupada,sdnet_P,2,0.2788432628988362,0.8664383561643836,0.87
resnet18,43,baseline,agrupada,sdnet_P,3,0.2204492498430416,0.8669950738916257,0.865
resnet18,43,baseline,agrupada,sdnet_P,4,0.1704051460507962,0.8888888888888888,0.8883333333333333
resnet18,43,baseline,agrupada,sdnet_P,5,0.1294437914765138,0.891846921797005,0.8916666666666667
resnet18,43,baseline,agrupada,sdnet_P,6,0.0941296199886061,0.89419795221843,0.8966666666666666
resnet18,43,baseline,agrupada,sdnet_P,7,0.0801599241417946,0.8991735537190083,0.8983333333333333
resnet18,43,baseline,agrupada,sdnet_P,8,0.0561760178036827,0.9005059021922428,0.9016666666666666
resnet18,43,baseline,agrupada,sdnet_P,9,0.0549060367744603,0.8972267536704731,0.895
resnet18,43,baseline,agrupada,sdnet_P,10,0.057966730845489,0.8932676518883416,0.8916666666666667
resnet18,43,baseline,agrupada,sdnet_P,11,0.0465864503179951,0.9063545150501672,0.9066666666666666
resnet18,43,baseline,agrupada,sdnet_W,0,0.6028539313686837,0.7901591895803184,0.7583333333333333
resnet18,43,baseline,agrupada,sdnet_W,1,0.4327683072724788,0.7843866171003717,0.8066666666666666
resnet18,43,baseline,agrupada,sdnet_W,2,0.3378583794875111,0.8134453781512605,0.815
resnet18,43,baseline,agrupada,sdnet_W,3,0.2613077451428063,0.8380281690140845,0.8466666666666667
resnet18,43,baseline,agrupada,sdnet_W,4,0.2124193512707305,0.8294314381270903,0.83
resnet18,43,baseline,agrupada,sdnet_W,5,0.1627555680360725,0.8152173913043478,0.83
resnet18,43,baseline,agrupada,sdnet_W,6,0.1250064842778144,0.818018018018018,0.8316666666666667
resnet18,43,baseline,agrupada,metu,0,0.327590811082295,0.9933554817275748,0.9933333333333332
resnet18,43,baseline,agrupada,metu,1,0.0210323450794177,0.9966555183946488,0.9966666666666668
resnet18,43,baseline,agrupada,metu,2,0.0085206162929534,0.9966555183946488,0.9966666666666668
resnet18,43,baseline,agrupada,metu,3,0.0058574034885636,0.9983361064891848,0.9983333333333332
resnet18,43,baseline,agrupada,metu,4,0.0028898230627445,0.9966555183946488,0.9966666666666668
resnet18,43,baseline,agrupada,metu,5,0.00197733014822,0.9966555183946488,0.9966666666666668
resnet18,43,baseline,agrupada,metu,6,0.0027405613657486,0.9966555183946488,0.9966666666666668
resnet18,44,baseline,agrupada,sdnet_D,0,0.6199039293278893,0.7,0.73
resnet18,44,baseline,agrupada,sdnet_D,1,0.4664018637413601,0.7575221238938054,0.7716666666666666
resnet18,44,baseline,agrupada,sdnet_D,2,0.3815369189643173,0.7480916030534351,0.78
resnet18,44,baseline,agrupada,sdnet_D,3,0.323140861962339,0.736,0.78
resnet18,44,baseline,agrupada,sdnet_D,4,0.2697786689876652,0.7541589648798521,0.7783333333333333
resnet18,44,baseline,agrupada,sdnet_P,0,0.6176797221461646,0.7380645161290322,0.6616666666666666
resnet18,44,baseline,agrupada,sdnet_P,1,0.4138039494161125,0.8338870431893688,0.8333333333333334
resnet18,44,baseline,agrupada,sdnet_P,2,0.2931367090065702,0.8700173310225303,0.875
resnet18,44,baseline,agrupada,sdnet_P,3,0.2147449812014326,0.866779089376054,0.8683333333333333
resnet18,44,baseline,agrupada,sdnet_P,4,0.16887448251033,0.875,0.8766666666666667
resnet18,44,baseline,agrupada,sdnet_P,5,0.1264285251176614,0.8655737704918033,0.8633333333333333
resnet18,44,baseline,agrupada,sdnet_P,6,0.0966295562416529,0.865814696485623,0.86
resnet18,44,baseline,agrupada,sdnet_P,7,0.0739040370467755,0.8781302170283807,0.8783333333333333
resnet18,44,baseline,agrupada,sdnet_P,8,0.0619732178479647,0.8790849673202614,0.8766666666666667
resnet18,44,baseline,agrupada,sdnet_P,9,0.0527029392369788,0.8785357737104825,0.8783333333333333
resnet18,44,baseline,agrupada,sdnet_P,10,0.0501466918281085,0.8743882544861338,0.8716666666666667
resnet18,44,baseline,agrupada,sdnet_P,11,0.0484796390902224,0.8776508972267537,0.875
resnet18,44,baseline,agrupada,sdnet_W,0,0.6053663349837708,0.7791741472172352,0.795
resnet18,44,baseline,agrupada,sdnet_W,1,0.4245723683628247,0.8189806678383128,0.8283333333333334
resnet18,44,baseline,agrupada,sdnet_W,2,0.3257713375546092,0.8145896656534954,0.7966666666666666
resnet18,44,baseline,agrupada,sdnet_W,3,0.2594071984291076,0.8430335097001763,0.8516666666666667
resnet18,44,baseline,agrupada,sdnet_W,4,0.2118477420841189,0.8192771084337349,0.825
resnet18,44,baseline,agrupada,sdnet_W,5,0.1618056102193517,0.8394648829431438,0.84
resnet18,44,baseline,agrupada,sdnet_W,6,0.1230841121120418,0.847457627118644,0.85
resnet18,44,baseline,agrupada,sdnet_W,7,0.0902053386616192,0.8298611111111112,0.8366666666666667
resnet18,44,baseline,agrupada,sdnet_W,8,0.0779055660148318,0.8384879725085911,0.8433333333333334
resnet18,44,baseline,agrupada,sdnet_W,9,0.0665945209267971,0.8324873096446701,0.835
resnet18,44,baseline,agrupada,metu,0,0.3240122693138463,0.9786535303776684,0.9783333333333334
resnet18,44,baseline,agrupada,metu,1,0.0305500700165118,0.9949748743718592,0.995
resnet18,44,baseline,agrupada,metu,2,0.0079509292343365,0.998330550918197,0.9983333333333332
resnet18,44,baseline,agrupada,metu,3,0.0067538384893643,0.9966555183946488,0.9966666666666668
resnet18,44,baseline,agrupada,metu,4,0.0030657278187572,1.0,1.0
resnet18,44,baseline,agrupada,metu,5,0.0029751180750983,1.0,1.0
resnet18,44,baseline,agrupada,metu,6,0.001967033191717,0.9966555183946488,0.9966666666666668
resnet18,44,baseline,agrupada,metu,7,0.0019360177860861,0.9966555183946488,0.9966666666666668
efficientnet_b0,42,baseline,agrupada,sdnet_D,0,1.460193000594489,0.7353951890034365,0.7433333333333333
efficientnet_b0,42,baseline,agrupada,sdnet_D,1,0.4764287444756185,0.7386759581881533,0.75
efficientnet_b0,42,baseline,agrupada,sdnet_D,2,0.2248001494960819,0.7455830388692579,0.76
efficientnet_b0,42,baseline,agrupada,sdnet_D,3,0.1386619070022226,0.7373913043478261,0.7483333333333333
efficientnet_b0,42,baseline,agrupada,sdnet_D,4,0.082554271184712,0.7426597582037997,0.7516666666666667
efficientnet_b0,42,baseline,agrupada,sdnet_D,5,0.0464535011648595,0.7446808510638298,0.76
efficientnet_b0,42,baseline,agrupada,sdnet_P,0,1.2678338451136788,0.7697594501718213,0.7766666666666666
efficientnet_b0,42,baseline,agrupada,sdnet_P,1,0.4294862705168964,0.8073701842546064,0.8083333333333333
efficientnet_b0,42,baseline,agrupada,sdnet_P,2,0.2185092429677359,0.8262411347517731,0.8366666666666667
efficientnet_b0,42,baseline,agrupada,sdnet_P,3,0.091482102206285,0.8368055555555556,0.8433333333333334
efficientnet_b0,42,baseline,agrupada,sdnet_P,4,0.0672348682011524,0.8523489932885906,0.8533333333333334
efficientnet_b0,42,baseline,agrupada,sdnet_P,5,0.0303735891290062,0.847571189279732,0.8483333333333334
efficientnet_b0,42,baseline,agrupada,sdnet_P,6,0.024188627238325,0.8527397260273972,0.8566666666666667
efficientnet_b0,42,baseline,agrupada,sdnet_P,7,0.0224033851846516,0.856175972927242,0.8583333333333333
efficientnet_b0,42,baseline,agrupada,sdnet_P,8,0.0115497202766563,0.8600682593856656,0.8633333333333333
efficientnet_b0,42,baseline,agrupada,sdnet_P,9,0.0112743170590227,0.8637873754152824,0.8633333333333333
efficientnet_b0,42,baseline,agrupada,sdnet_P,10,0.0113519654857168,0.8625429553264605,0.8666666666666667
efficientnet_b0,42,baseline,agrupada,sdnet_P,11,0.0074202083386212,0.8551724137931035,0.86
efficientnet_b0,42,baseline,agrupada,sdnet_W,0,1.4474910011394415,0.7599309153713298,0.7683333333333333
efficientnet_b0,42,baseline,agrupada,sdnet_W,1,0.5238942585403114,0.7635782747603834,0.7533333333333333
efficientnet_b0,42,baseline,agrupada,sdnet_W,2,0.2642073364566556,0.802065404475043,0.8083333333333333
efficientnet_b0,42,baseline,agrupada,sdnet_W,3,0.1323731202980597,0.754325259515571,0.7633333333333333
efficientnet_b0,42,baseline,agrupada,sdnet_W,4,0.0909808298130687,0.8214904679376083,0.8283333333333334
efficientnet_b0,42,baseline,agrupada,sdnet_W,5,0.0527489066767178,0.8178571428571428,0.83
efficientnet_b0,42,baseline,agrupada,sdnet_W,6,0.0427602291964798,0.8092691622103387,0.8216666666666667
efficientnet_b0,42,baseline,agrupada,sdnet_W,7,0.0241596819310308,0.8209459459459459,0.8233333333333334
efficientnet_b0,42,baseline,agrupada,metu,0,0.2528395634437246,0.998330550918197,0.9983333333333332
efficientnet_b0,42,baseline,agrupada,metu,1,0.0309486271653853,1.0,1.0
efficientnet_b0,42,baseline,agrupada,metu,2,0.0110357134257044,0.9983361064891848,0.9983333333333332
efficientnet_b0,42,baseline,agrupada,metu,3,0.0063053535563605,0.998330550918197,0.9983333333333332
efficientnet_b0,42,baseline,agrupada,metu,4,0.0110324917095044,0.9966555183946488,0.9966666666666668
efficientnet_b0,43,baseline,agrupada,sdnet_D,0,1.4805798172093123,0.7098674521354934,0.6716666666666666
efficientnet_b0,43,baseline,agrupada,sdnet_D,1,0.4532817460221352,0.7272727272727273,0.74
efficientnet_b0,43,baseline,agrupada,sdnet_D,2,0.2170584674790608,0.7250437828371279,0.7383333333333333
efficientnet_b0,43,baseline,agrupada,sdnet_D,3,0.1356567164869617,0.7240773286467487,0.7383333333333333
efficientnet_b0,43,baseline,agrupada,sdnet_D,4,0.0766186997187223,0.7482993197278912,0.7533333333333333
efficientnet_b0,43,baseline,agrupada,sdnet_D,5,0.0537575090478221,0.7237762237762237,0.7366666666666667
efficientnet_b0,43,baseline,agrupada,sdnet_D,6,0.0371499321336368,0.7150635208711433,0.7383333333333333
efficientnet_b0,43,baseline,agrupada,sdnet_D,7,0.0259578454998328,0.7586206896551724,0.7666666666666667
efficientnet_b0,43,baseline,agrupada,sdnet_D,8,0.0130068013779551,0.736283185840708,0.7516666666666667
efficientnet_b0,43,baseline,agrupada,sdnet_D,9,0.0163230911433267,0.7259786476868327,0.7433333333333333
efficientnet_b0,43,baseline,agrupada,sdnet_D,10,0.0127634138940907,0.7285714285714285,0.7466666666666667
efficientnet_b0,43,baseline,agrupada,sdnet_P,0,1.3320465437799909,0.782608695652174,0.7666666666666667
efficientnet_b0,43,baseline,agrupada,sdnet_P,1,0.3699274971973982,0.8163934426229508,0.8133333333333334
efficientnet_b0,43,baseline,agrupada,sdnet_P,2,0.2018842647830359,0.8135593220338984,0.8166666666666667
efficientnet_b0,43,baseline,agrupada,sdnet_P,3,0.0850642280174057,0.8069565217391305,0.815
efficientnet_b0,43,baseline,agrupada,sdnet_P,4,0.0730656583103344,0.8243243243243243,0.8266666666666667
efficientnet_b0,43,baseline,agrupada,sdnet_P,5,0.0320294170499705,0.8395904436860068,0.8433333333333334
efficientnet_b0,43,baseline,agrupada,sdnet_P,6,0.0231213261299639,0.8298611111111112,0.8366666666666667
efficientnet_b0,43,baseline,agrupada,sdnet_P,7,0.0164091628272649,0.8399311531841652,0.845
efficientnet_b0,43,baseline,agrupada,sdnet_P,8,0.012341473986254,0.8508474576271187,0.8533333333333334
efficientnet_b0,43,baseline,agrupada,sdnet_P,9,0.0078495953580458,0.8532883642495784,0.855
efficientnet_b0,43,baseline,agrupada,sdnet_P,10,0.0135907001627555,0.8551724137931035,0.86
efficientnet_b0,43,baseline,agrupada,sdnet_P,11,0.0052123738285288,0.837696335078534,0.845
efficientnet_b0,43,baseline,agrupada,sdnet_W,0,1.4240948939494948,0.7596638655462185,0.7616666666666667
efficientnet_b0,43,baseline,agrupada,sdnet_W,1,0.454789821192515,0.7765089722675367,0.7716666666666666
efficientnet_b0,43,baseline,agrupada,sdnet_W,2,0.2252500347096285,0.7950089126559715,0.8083333333333333
efficientnet_b0,43,baseline,agrupada,sdnet_W,3,0.1228228274223615,0.8028419182948491,0.815
efficientnet_b0,43,baseline,agrupada,sdnet_W,4,0.0749785443861707,0.8026315789473685,0.8
efficientnet_b0,43,baseline,agrupada,sdnet_W,5,0.0480288714438462,0.8116438356164384,0.8166666666666667
efficientnet_b0,43,baseline,agrupada,sdnet_W,6,0.0293814962609208,0.8206039076376554,0.8316666666666667
efficientnet_b0,43,baseline,agrupada,sdnet_W,7,0.0218201449422313,0.8210526315789474,0.83
efficientnet_b0,43,baseline,agrupada,sdnet_W,8,0.010039576955086,0.8092691622103387,0.8216666666666667
efficientnet_b0,43,baseline,agrupada,sdnet_W,9,0.0087899698842343,0.8169491525423729,0.82
efficientnet_b0,43,baseline,agrupada,sdnet_W,10,0.0130577237058008,0.8214904679376083,0.8283333333333334
efficientnet_b0,43,baseline,agrupada,sdnet_W,11,0.0120308756406197,0.8118466898954704,0.82
efficientnet_b0,43,baseline,agrupada,metu,0,0.2040546845964438,0.9983361064891848,0.9983333333333332
efficientnet_b0,43,baseline,agrupada,metu,1,0.010418729696955,0.994991652754591,0.995
efficientnet_b0,43,baseline,agrupada,metu,2,0.0092010822892189,0.994991652754591,0.995
efficientnet_b0,43,baseline,agrupada,metu,3,0.0241569256782947,0.9933333333333332,0.9933333333333332
efficientnet_b0,44,baseline,agrupada,sdnet_D,0,1.6036779161837462,0.7133550488599348,0.7066666666666667
efficientnet_b0,44,baseline,agrupada,sdnet_D,1,0.5474995666699444,0.7178631051752922,0.7183333333333334
efficientnet_b0,44,baseline,agrupada,sdnet_D,2,0.2460332878201985,0.6912280701754386,0.7066666666666667
efficientnet_b0,44,baseline,agrupada,sdnet_D,3,0.1348926348866318,0.7097902097902098,0.7233333333333334
efficientnet_b0,44,baseline,agrupada,sdnet_D,4,0.0865950561899075,0.7247386759581882,0.7366666666666667
efficientnet_b0,44,baseline,agrupada,sdnet_D,5,0.0613452791524447,0.7175043327556326,0.7283333333333334
efficientnet_b0,44,baseline,agrupada,sdnet_D,6,0.0247302433355249,0.7138047138047138,0.7166666666666667
efficientnet_b0,44,baseline,agrupada,sdnet_D,7,0.0184729233960346,0.7206896551724138,0.73
efficientnet_b0,44,baseline,agrupada,sdnet_P,0,1.4751088409972706,0.8025682182985554,0.795
efficientnet_b0,44,baseline,agrupada,sdnet_P,1,0.4050688274901547,0.8373702422145328,0.8433333333333334
efficientnet_b0,44,baseline,agrupada,sdnet_P,2,0.1857110452094524,0.8355263157894737,0.8333333333333334
efficientnet_b0,44,baseline,agrupada,sdnet_P,3,0.0966729117597607,0.8209459459459459,0.8233333333333334
efficientnet_b0,44,baseline,agrupada,sdnet_P,4,0.0722669522807323,0.8513513513513513,0.8533333333333334
efficientnet_b0,44,baseline,agrupada,sdnet_P,5,0.050026849651937,0.8422818791946308,0.8433333333333334
efficientnet_b0,44,baseline,agrupada,sdnet_P,6,0.0365718624306668,0.8421052631578947,0.845
efficientnet_b0,44,baseline,agrupada,sdnet_P,7,0.0180859317828854,0.8473413379073756,0.8516666666666667
efficientnet_b0,44,baseline,agrupada,sdnet_W,0,1.4407243666460188,0.7463768115942029,0.7666666666666667
efficientnet_b0,44,baseline,agrupada,sdnet_W,1,0.5004564659629794,0.7753743760399334,0.775
efficientnet_b0,44,baseline,agrupada,sdnet_W,2,0.2320438938175174,0.7771836007130125,0.7916666666666666
efficientnet_b0,44,baseline,agrupada,sdnet_W,3,0.1144157515155325,0.8014311270125224,0.815
efficientnet_b0,44,baseline,agrupada,sdnet_W,4,0.0844725487927953,0.8208695652173913,0.8283333333333334
efficientnet_b0,44,baseline,agrupada,sdnet_W,5,0.0460749714883218,0.82793867120954,0.8316666666666667
efficientnet_b0,44,baseline,agrupada,sdnet_W,6,0.0336102648169177,0.8304498269896193,0.8366666666666667
efficientnet_b0,44,baseline,agrupada,sdnet_W,7,0.0230505831358726,0.8077601410934744,0.8183333333333334
efficientnet_b0,44,baseline,agrupada,sdnet_W,8,0.0137391772415998,0.8255613126079447,0.8316666666666667
efficientnet_b0,44,baseline,agrupada,sdnet_W,9,0.0154666946078617,0.82842287694974,0.835
efficientnet_b0,44,baseline,agrupada,metu,0,0.2725032267825944,0.9966777408637874,0.9966666666666668
efficientnet_b0,44,baseline,agrupada,metu,1,0.0247604374374662,0.9966666666666668,0.9966666666666668
efficientnet_b0,44,baseline,agrupada,metu,2,0.014410407926355,0.9916805324459236,0.9916666666666668
efficientnet_b0,44,baseline,agrupada,metu,3,0.0100328220640117,0.998330550918197,0.9983333333333332
efficientnet_b0,44,baseline,agrupada,metu,4,0.0072724945257816,0.998330550918197,0.9983333333333332
efficientnet_b0,44,baseline,agrupada,metu,5,0.0002221369740021,0.998330550918197,0.9983333333333332
efficientnet_b0,44,baseline,agrupada,metu,6,0.0038307502014296,0.998330550918197,0.9983333333333332
mobilenetv3_small_100,42,baseline,agrupada,sdnet_D,0,2.1315370521957067,0.6504065040650406,0.7133333333333334
mobilenetv3_small_100,42,baseline,agrupada,sdnet_D,1,0.8276186308414816,0.713527851458886,0.64
mobilenetv3_small_100,42,baseline,agrupada,sdnet_D,2,0.5644745978948881,0.7137254901960784,0.7566666666666667
mobilenetv3_small_100,42,baseline,agrupada,sdnet_D,3,0.3537531464648761,0.766721044045677,0.7616666666666667
mobilenetv3_small_100,42,baseline,agrupada,sdnet_D,4,0.2854215828634852,0.7086614173228346,0.7533333333333333
mobilenetv3_small_100,42,baseline,agrupada,sdnet_D,5,0.2152924606482759,0.7741935483870968,0.7783333333333333
mobilenetv3_small_100,42,baseline,agrupada,sdnet_D,6,0.1501635905650022,0.7632027257240205,0.7683333333333333
mobilenetv3_small_100,42,baseline,agrupada,sdnet_D,7,0.1349622821797141,0.7563636363636363,0.7766666666666666
mobilenetv3_small_100,42,baseline,agrupada,sdnet_D,8,0.0944516955626954,0.7612456747404844,0.77
mobilenetv3_small_100,42,baseline,agrupada,sdnet_P,0,1.9091414239337976,0.7980769230769231,0.79
mobilenetv3_small_100,42,baseline,agrupada,sdnet_P,1,0.6681891129171248,0.7956104252400549,0.7516666666666667
mobilenetv3_small_100,42,baseline,agrupada,sdnet_P,2,0.4301852657426175,0.8557046979865772,0.8566666666666667
mobilenetv3_small_100,42,baseline,agrupada,sdnet_P,3,0.2046211708792679,0.8369747899159664,0.8383333333333334
mobilenetv3_small_100,42,baseline,agrupada,sdnet_P,4,0.132127691858964,0.8281786941580757,0.8333333333333334
mobilenetv3_small_100,42,baseline,agrupada,sdnet_P,5,0.0898314096944795,0.8514492753623188,0.8633333333333333
mobilenetv3_small_100,42,baseline,agrupada,sdnet_W,0,2.038170719747063,0.6594090202177294,0.635
mobilenetv3_small_100,42,baseline,agrupada,sdnet_W,1,0.5973305966356676,0.7503337783711616,0.6883333333333334
mobilenetv3_small_100,42,baseline,agrupada,sdnet_W,2,0.5898320408176175,0.8006329113924051,0.79
mobilenetv3_small_100,42,baseline,agrupada,sdnet_W,3,0.3023222661275658,0.8171701112877583,0.8083333333333333
mobilenetv3_small_100,42,baseline,agrupada,sdnet_W,4,0.2163415065236228,0.8109028960817717,0.815
mobilenetv3_small_100,42,baseline,agrupada,sdnet_W,5,0.1318457019522035,0.7846715328467153,0.8033333333333333
mobilenetv3_small_100,42,baseline,agrupada,sdnet_W,6,0.0998876295608582,0.8132231404958677,0.8116666666666666
mobilenetv3_small_100,42,baseline,agrupada,metu,0,0.9393545950736332,0.9865771812080536,0.9866666666666668
mobilenetv3_small_100,42,baseline,agrupada,metu,1,0.0409488570703459,0.9950248756218906,0.995
mobilenetv3_small_100,42,baseline,agrupada,metu,2,0.0288296426619801,0.9983361064891848,0.9983333333333332
mobilenetv3_small_100,42,baseline,agrupada,metu,3,0.0193743351101875,0.9933110367892976,0.9933333333333332
mobilenetv3_small_100,42,baseline,agrupada,metu,4,0.015614737144538,1.0,1.0
mobilenetv3_small_100,42,baseline,agrupada,metu,5,0.0029421869771821,1.0,1.0
mobilenetv3_small_100,42,baseline,agrupada,metu,6,5.096950701304845e-05,1.0,1.0
mobilenetv3_small_100,42,baseline,agrupada,metu,7,0.0004720118216105,1.0,1.0
mobilenetv3_small_100,43,baseline,agrupada,sdnet_D,0,2.639793652424709,0.6847195357833655,0.7283333333333334
mobilenetv3_small_100,43,baseline,agrupada,sdnet_D,1,0.6491145158843171,0.7571189279731994,0.7583333333333333
mobilenetv3_small_100,43,baseline,agrupada,sdnet_D,2,0.4324562356197576,0.693196405648267,0.6016666666666667
mobilenetv3_small_100,43,baseline,agrupada,sdnet_D,3,0.4873826506755335,0.7533460803059273,0.785
mobilenetv3_small_100,43,baseline,agrupada,sdnet_D,4,0.2463550317416088,0.7334593572778828,0.765
mobilenetv3_small_100,43,baseline,agrupada,sdnet_P,0,2.1082011830034872,0.7596153846153846,0.75
mobilenetv3_small_100,43,baseline,agrupada,sdnet_P,1,0.636280320874221,0.825938566552901,0.83
mobilenetv3_small_100,43,baseline,agrupada,sdnet_P,2,0.3330224964258482,0.8655737704918033,0.8633333333333333
mobilenetv3_small_100,43,baseline,agrupada,sdnet_P,3,0.332117781922114,0.8390596745027125,0.8516666666666667
mobilenetv3_small_100,43,baseline,agrupada,sdnet_P,4,0.2292012050426263,0.830122591943958,0.8383333333333334
mobilenetv3_small_100,43,baseline,agrupada,sdnet_P,5,0.1410007023768459,0.8431703204047217,0.845
mobilenetv3_small_100,43,baseline,agrupada,sdnet_W,0,2.4865744324896832,0.7164750957854407,0.7533333333333333
mobilenetv3_small_100,43,baseline,agrupada,sdnet_W,1,0.6742760756890551,0.7165217391304348,0.7283333333333334
mobilenetv3_small_100,43,baseline,agrupada,sdnet_W,2,0.4358773806969896,0.7227722772277227,0.6266666666666667
mobilenetv3_small_100,43,baseline,agrupada,sdnet_W,3,0.4961880243939461,0.7892234548335975,0.7783333333333333
mobilenetv3_small_100,43,baseline,agrupada,sdnet_W,4,0.2073522432244939,0.8063380281690141,0.8166666666666667
mobilenetv3_small_100,43,baseline,agrupada,sdnet_W,5,0.152793948277295,0.7963963963963964,0.8116666666666666
mobilenetv3_small_100,43,baseline,agrupada,sdnet_W,6,0.1240866587718399,0.8253968253968254,0.8166666666666667
mobilenetv3_small_100,43,baseline,agrupada,sdnet_W,7,0.07112143849619,0.8189509306260575,0.8216666666666667
mobilenetv3_small_100,43,baseline,agrupada,sdnet_W,8,0.0505102760446586,0.8274760383386581,0.82
mobilenetv3_small_100,43,baseline,agrupada,sdnet_W,9,0.0368801481485795,0.8247078464106845,0.825
mobilenetv3_small_100,43,baseline,agrupada,sdnet_W,10,0.0406659000184681,0.8243243243243243,0.8266666666666667
mobilenetv3_small_100,43,baseline,agrupada,sdnet_W,11,0.0387772980889828,0.8223350253807107,0.825
mobilenetv3_small_100,43,baseline,agrupada,metu,0,0.8805672810545989,0.9949748743718592,0.995
mobilenetv3_small_100,43,baseline,agrupada,metu,1,0.0390067538625693,0.98989898989899,0.99
mobilenetv3_small_100,43,baseline,agrupada,metu,2,0.0366558434288682,0.9983361064891848,0.9983333333333332
mobilenetv3_small_100,43,baseline,agrupada,metu,3,0.0150702112485721,0.998330550918197,0.9983333333333332
mobilenetv3_small_100,43,baseline,agrupada,metu,4,0.0132980027369087,1.0,1.0
mobilenetv3_small_100,43,baseline,agrupada,metu,5,2.0770089966910223e-05,0.9966555183946488,0.9966666666666668
mobilenetv3_small_100,43,baseline,agrupada,metu,6,0.0002741201448121,0.9966555183946488,0.9966666666666668
mobilenetv3_small_100,43,baseline,agrupada,metu,7,8.957726614714342e-07,0.9966555183946488,0.9966666666666668
mobilenetv3_small_100,44,baseline,agrupada,sdnet_D,0,2.1416405000274987,0.517814726840855,0.6616666666666666
mobilenetv3_small_100,44,baseline,agrupada,sdnet_D,1,0.9374464588199588,0.7275242047026279,0.6716666666666666
mobilenetv3_small_100,44,baseline,agrupada,sdnet_D,2,0.5415794571955427,0.7314285714285714,0.6866666666666666
mobilenetv3_small_100,44,baseline,agrupada,sdnet_D,3,0.3600469154848469,0.7290076335877863,0.7633333333333333
mobilenetv3_small_100,44,baseline,agrupada,sdnet_D,4,0.2179520008375318,0.7395833333333334,0.75
mobilenetv3_small_100,44,baseline,agrupada,sdnet_D,5,0.1731768255182307,0.7617391304347826,0.7716666666666666
mobilenetv3_small_100,44,baseline,agrupada,sdnet_D,6,0.1166411931566197,0.7625649913344887,0.7716666666666666
mobilenetv3_small_100,44,baseline,agrupada,sdnet_D,7,0.0826807776586615,0.7540983606557377,0.775
mobilenetv3_small_100,44,baseline,agrupada,sdnet_D,8,0.0587985664927702,0.75,0.77
mobilenetv3_small_100,44,baseline,agrupada,sdnet_D,9,0.0439974207699084,0.7605633802816901,0.7733333333333333
mobilenetv3_small_100,44,baseline,agrupada,sdnet_P,0,2.101310079903912,0.7829181494661922,0.7966666666666666
mobilenetv3_small_100,44,baseline,agrupada,sdnet_P,1,0.7042767908075731,0.752,0.69
mobilenetv3_small_100,44,baseline,agrupada,sdnet_P,2,0.3802005312211222,0.8470588235294118,0.8483333333333334
mobilenetv3_small_100,44,baseline,agrupada,sdnet_P,3,0.2068203739553904,0.8359788359788359,0.845
mobilenetv3_small_100,44,baseline,agrupada,sdnet_P,4,0.1646411388254851,0.8362480127186009,0.8283333333333334
mobilenetv3_small_100,44,baseline,agrupada,sdnet_P,5,0.1085722122260992,0.8557213930348259,0.855
mobilenetv3_small_100,44,baseline,agrupada,sdnet_P,6,0.0814048658172003,0.8637110016420362,0.8616666666666667
mobilenetv3_small_100,44,baseline,agrupada,sdnet_P,7,0.0430163671631071,0.8724137931034482,0.8766666666666667
mobilenetv3_small_100,44,baseline,agrupada,sdnet_P,8,0.0342120544623128,0.8652482269503546,0.8733333333333333
mobilenetv3_small_100,44,baseline,agrupada,sdnet_P,9,0.0273524016409897,0.8768971332209107,0.8783333333333333
mobilenetv3_small_100,44,baseline,agrupada,sdnet_P,10,0.0202751988122949,0.8775510204081632,0.88
mobilenetv3_small_100,44,baseline,agrupada,sdnet_P,11,0.0240825326376252,0.879045996592845,0.8816666666666667
mobilenetv3_small_100,44,baseline,agrupada,sdnet_W,0,1.838048376110818,0.7608391608391608,0.715
mobilenetv3_small_100,44,baseline,agrupada,sdnet_W,1,0.6203712337523055,0.7905511811023622,0.7783333333333333
mobilenetv3_small_100,44,baseline,agrupada,sdnet_W,2,0.4307719205780853,0.7785817655571635,0.745
mobilenetv3_small_100,44,baseline,agrupada,sdnet_W,3,0.3768251902765507,0.7705192629815746,0.7716666666666666
mobilenetv3_small_100,44,baseline,agrupada,sdnet_W,4,0.2254923958143742,0.7613469985358712,0.7283333333333334
mobilenetv3_small_100,44,baseline,agrupada,metu,0,0.54470030354602,0.9933333333333332,0.9933333333333332
mobilenetv3_small_100,44,baseline,agrupada,metu,1,0.0730433875748092,0.9933333333333332,0.9933333333333332
mobilenetv3_small_100,44,baseline,agrupada,metu,2,0.0197323155403137,0.991652754590985,0.9916666666666668
mobilenetv3_small_100,44,baseline,agrupada,metu,3,0.0117293669922011,0.998330550918197,0.9983333333333332
mobilenetv3_small_100,44,baseline,agrupada,metu,4,0.011001998526712,0.9983361064891848,0.9983333333333332
mobilenetv3_small_100,44,baseline,agrupada,metu,5,0.0178286092196192,1.0,1.0
mobilenetv3_small_100,44,baseline,agrupada,metu,6,0.0010416231410843,0.998330550918197,0.9983333333333332
mobilenetv3_small_100,44,baseline,agrupada,metu,7,0.0012870853287833,1.0,1.0
mobilenetv3_small_100,44,baseline,agrupada,metu,8,0.0003736512575778,1.0,1.0
vit_tiny_patch16_224,42,baseline,agrupada,sdnet_D,0,0.9421710691006064,0.54292343387471,0.6716666666666666
vit_tiny_patch16_224,42,baseline,agrupada,sdnet_D,1,0.5602025040190854,0.7103658536585366,0.6833333333333333
vit_tiny_patch16_224,42,baseline,agrupada,sdnet_D,2,0.4951526977175431,0.759075907590759,0.7566666666666667
vit_tiny_patch16_224,42,baseline,agrupada,sdnet_D,3,0.4555243683375901,0.7586206896551724,0.7316666666666667
vit_tiny_patch16_224,42,baseline,agrupada,sdnet_D,4,0.4296697909025837,0.7330827067669173,0.7633333333333333
vit_tiny_patch16_224,42,baseline,agrupada,sdnet_D,5,0.3687501337888429,0.7481481481481481,0.7733333333333333
vit_tiny_patch16_224,42,baseline,agrupada,sdnet_P,0,0.653133270616154,0.8506493506493507,0.8466666666666667
vit_tiny_patch16_224,42,baseline,agrupada,sdnet_P,1,0.333005401170511,0.8376623376623377,0.8333333333333334
vit_tiny_patch16_224,42,baseline,agrupada,sdnet_P,2,0.2890757132348396,0.8459016393442623,0.8433333333333334
vit_tiny_patch16_224,42,baseline,agrupada,sdnet_P,3,0.223287681581305,0.8513302034428795,0.8416666666666667
vit_tiny_patch16_224,42,baseline,agrupada,sdnet_P,4,0.1656446475562432,0.8364779874213837,0.8266666666666667
vit_tiny_patch16_224,42,baseline,agrupada,sdnet_P,5,0.1315986371512035,0.845771144278607,0.845
vit_tiny_patch16_224,42,baseline,agrupada,sdnet_P,6,0.0709349992785522,0.8486842105263158,0.8466666666666667
vit_tiny_patch16_224,42,baseline,agrupada,sdnet_W,0,0.8696767374337149,0.7887323943661971,0.8
vit_tiny_patch16_224,42,baseline,agrupada,sdnet_W,1,0.4435868302695185,0.703862660944206,0.77
vit_tiny_patch16_224,42,baseline,agrupada,sdnet_W,2,0.3757139012539129,0.8386023294509152,0.8383333333333334
vit_tiny_patch16_224,42,baseline,agrupada,sdnet_W,3,0.3526750051289153,0.8115942028985508,0.8266666666666667
vit_tiny_patch16_224,42,baseline,agrupada,sdnet_W,4,0.2835768646044697,0.8211243611584327,0.825
vit_tiny_patch16_224,42,baseline,agrupada,sdnet_W,5,0.226001515276998,0.8204225352112676,0.83
vit_tiny_patch16_224,42,baseline,agrupada,metu,0,0.3030814476524081,0.9915966386554622,0.9916666666666668
vit_tiny_patch16_224,42,baseline,agrupada,metu,1,0.0109450198909533,1.0,1.0
vit_tiny_patch16_224,42,baseline,agrupada,metu,2,0.003478105834469,0.998330550918197,0.9983333333333332
vit_tiny_patch16_224,42,baseline,agrupada,metu,3,0.0004073416335138,0.9966555183946488,0.9966666666666668
vit_tiny_patch16_224,42,baseline,agrupada,metu,4,0.0066083703298188,0.998330550918197,0.9983333333333332
vit_tiny_patch16_224,43,baseline,agrupada,sdnet_D,0,0.6676095928219583,0.6584867075664622,0.7216666666666667
vit_tiny_patch16_224,43,baseline,agrupada,sdnet_D,1,0.4812934597190335,0.7486437613019892,0.7683333333333333
vit_tiny_patch16_224,43,baseline,agrupada,sdnet_D,2,0.4333942346864467,0.7595712098009189,0.7383333333333333
vit_tiny_patch16_224,43,baseline,agrupada,sdnet_D,3,0.4154308800217059,0.7335907335907336,0.77
vit_tiny_patch16_224,43,baseline,agrupada,sdnet_D,4,0.3658465936887178,0.7350096711798839,0.7716666666666666
vit_tiny_patch16_224,43,baseline,agrupada,sdnet_D,5,0.3318367543409196,0.7582417582417582,0.78
vit_tiny_patch16_224,43,baseline,agrupada,sdnet_P,0,0.5796478093956872,0.801178203240059,0.775
vit_tiny_patch16_224,43,baseline,agrupada,sdnet_P,1,0.3220895171165466,0.832089552238806,0.85
vit_tiny_patch16_224,43,baseline,agrupada,sdnet_P,2,0.2793413452964892,0.8400597907324364,0.8216666666666667
vit_tiny_patch16_224,43,baseline,agrupada,sdnet_P,3,0.2060660010833534,0.8576449912126538,0.865
vit_tiny_patch16_224,43,baseline,agrupada,sdnet_P,4,0.165814249166589,0.8609271523178808,0.86
vit_tiny_patch16_224,43,baseline,agrupada,sdnet_P,5,0.1178237476366029,0.863406408094435,0.865
vit_tiny_patch16_224,43,baseline,agrupada,sdnet_P,6,0.0667276250265485,0.8621291448516579,0.8683333333333333
vit_tiny_patch16_224,43,baseline,agrupada,sdnet_P,7,0.0420397994771814,0.8862478777589134,0.8883333333333333
vit_tiny_patch16_224,43,baseline,agrupada,sdnet_P,8,0.0222041392048968,0.8735244519392917,0.875
vit_tiny_patch16_224,43,baseline,agrupada,sdnet_P,9,0.0052491237360836,0.8777969018932874,0.8816666666666667
vit_tiny_patch16_224,43,baseline,agrupada,sdnet_P,10,0.0029351078784562,0.8682432432432432,0.87
vit_tiny_patch16_224,43,baseline,agrupada,sdnet_W,0,0.6508665123860613,0.6275395033860045,0.725
vit_tiny_patch16_224,43,baseline,agrupada,sdnet_W,1,0.4278153117612111,0.8186528497409327,0.825
vit_tiny_patch16_224,43,baseline,agrupada,sdnet_W,2,0.361170534821723,0.7900763358778626,0.8166666666666667
vit_tiny_patch16_224,43,baseline,agrupada,sdnet_W,3,0.3184954740589471,0.7915057915057915,0.82
vit_tiny_patch16_224,43,baseline,agrupada,sdnet_W,4,0.26897139699339,0.8007448789571695,0.8216666666666667
vit_tiny_patch16_224,43,baseline,agrupada,metu,0,0.22097905869999,0.98989898989899,0.99
vit_tiny_patch16_224,43,baseline,agrupada,metu,1,0.0121839495641844,0.9932885906040269,0.9933333333333332
vit_tiny_patch16_224,43,baseline,agrupada,metu,2,0.0127128752212904,1.0,1.0
vit_tiny_patch16_224,43,baseline,agrupada,metu,3,0.0052788264197962,0.998330550918197,0.9983333333333332
vit_tiny_patch16_224,43,baseline,agrupada,metu,4,0.0052380563105855,0.998330550918197,0.9983333333333332
vit_tiny_patch16_224,43,baseline,agrupada,metu,5,0.000815794595671,0.998330550918197,0.9983333333333332
vit_tiny_patch16_224,44,baseline,agrupada,sdnet_D,0,0.9439547777175904,0.7049441786283892,0.6916666666666667
vit_tiny_patch16_224,44,baseline,agrupada,sdnet_D,1,0.5399859283039038,0.6848816029143898,0.7116666666666667
vit_tiny_patch16_224,44,baseline,agrupada,sdnet_D,2,0.5135284793462684,0.770764119601329,0.77
vit_tiny_patch16_224,44,baseline,agrupada,sdnet_D,3,0.4626346088999467,0.7164750957854407,0.7533333333333333
vit_tiny_patch16_224,44,baseline,agrupada,sdnet_D,4,0.4214237630367279,0.7269439421338155,0.7483333333333333
vit_tiny_patch16_224,44,baseline,agrupada,sdnet_D,5,0.3850552856064529,0.7439252336448599,0.7716666666666666
vit_tiny_patch16_224,44,baseline,agrupada,sdnet_P,0,0.5823514801135166,0.7566462167689162,0.8016666666666666
vit_tiny_patch16_224,44,baseline,agrupada,sdnet_P,1,0.3496648236573171,0.7940630797773655,0.815
vit_tiny_patch16_224,44,baseline,agrupada,sdnet_P,2,0.3027458127239625,0.8137108792846498,0.7916666666666666
vit_tiny_patch16_224,44,baseline,agrupada,sdnet_P,3,0.2347952600648934,0.8467614533965245,0.8383333333333334
vit_tiny_patch16_224,44,baseline,agrupada,sdnet_P,4,0.1904260309265671,0.864406779661017,0.8666666666666667
vit_tiny_patch16_224,44,baseline,agrupada,sdnet_P,5,0.1154060052935596,0.8464163822525598,0.85
vit_tiny_patch16_224,44,baseline,agrupada,sdnet_P,6,0.0942669079243708,0.8456140350877193,0.8533333333333334
vit_tiny_patch16_224,44,baseline,agrupada,sdnet_P,7,0.0416415976802651,0.8506151142355008,0.8583333333333333
vit_tiny_patch16_224,44,baseline,agrupada,sdnet_W,0,0.6290199477895558,0.7906976744186046,0.82
vit_tiny_patch16_224,44,baseline,agrupada,sdnet_W,1,0.4908127801881419,0.8187702265372169,0.8133333333333334
vit_tiny_patch16_224,44,baseline,agrupada,sdnet_W,2,0.3490794893434579,0.8366247755834829,0.8483333333333334
vit_tiny_patch16_224,44,baseline,agrupada,sdnet_W,3,0.2946039169812374,0.8351254480286738,0.8466666666666667
vit_tiny_patch16_224,44,baseline,agrupada,sdnet_W,4,0.2380583765695421,0.8566493955094991,0.8616666666666667
vit_tiny_patch16_224,44,baseline,agrupada,sdnet_W,5,0.196637584236886,0.82842287694974,0.835
vit_tiny_patch16_224,44,baseline,agrupada,sdnet_W,6,0.1579281936768147,0.8307155322862129,0.8383333333333334
vit_tiny_patch16_224,44,baseline,agrupada,sdnet_W,7,0.0925902367710209,0.8324873096446701,0.835
vit_tiny_patch16_224,44,baseline,agrupada,metu,0,0.0936658516526222,0.98989898989899,0.99
vit_tiny_patch16_224,44,baseline,agrupada,metu,1,0.0082142439484804,0.9966555183946488,0.9966666666666668
vit_tiny_patch16_224,44,baseline,agrupada,metu,2,0.0023264740620132,0.9983361064891848,0.9983333333333332
vit_tiny_patch16_224,44,baseline,agrupada,metu,3,0.0023705278124024,0.9966555183946488,0.9966666666666668
vit_tiny_patch16_224,44,baseline,agrupada,metu,4,0.0017073018622717,1.0,1.0
vit_tiny_patch16_224,44,baseline,agrupada,metu,5,0.0009889924952377,0.998330550918197,0.9983333333333332
vit_tiny_patch16_224,44,baseline,agrupada,metu,6,3.240202154432024e-05,0.9966555183946488,0.9966666666666668
vit_tiny_patch16_224,44,baseline,agrupada,metu,7,1.9323910980477063e-05,0.998330550918197,0.9983333333333332
efficientnet_b0,44,baseline,original,sdnet_W,0,1.5042405349867685,0.7480680061823802,0.7283333333333334
efficientnet_b0,44,baseline,original,sdnet_W,1,0.5076493069103786,0.7794361525704809,0.7783333333333333
efficientnet_b0,44,baseline,original,sdnet_W,2,0.2134057641455105,0.7638888888888888,0.7733333333333333
efficientnet_b0,44,baseline,original,sdnet_W,3,0.1899140455041613,0.7827648114901257,0.7983333333333333
efficientnet_b0,44,baseline,original,sdnet_W,4,0.0797347610763141,0.7993254637436762,0.8016666666666666
efficientnet_b0,44,baseline,original,sdnet_W,5,0.0394722773773329,0.7830508474576271,0.7866666666666666
efficientnet_b0,44,baseline,original,sdnet_W,6,0.0238284060359001,0.7893805309734513,0.8016666666666666
efficientnet_b0,44,baseline,original,sdnet_W,7,0.0264398923729147,0.7835051546391752,0.79
efficientnet_b0,44,baseline,original,metu,0,0.2725032267825944,0.9966777408637874,0.9966666666666668
efficientnet_b0,44,baseline,original,metu,1,0.0247604374374662,0.9966666666666668,0.9966666666666668
efficientnet_b0,44,baseline,original,metu,2,0.014410407926355,0.9916805324459236,0.9916666666666668
efficientnet_b0,44,baseline,original,metu,3,0.0100328220640117,0.998330550918197,0.9983333333333332
efficientnet_b0,44,baseline,original,metu,4,0.0072724945257816,0.998330550918197,0.9983333333333332
efficientnet_b0,44,baseline,original,metu,5,0.0002221369740021,0.998330550918197,0.9983333333333332
efficientnet_b0,44,baseline,original,metu,6,0.0038307502014296,0.998330550918197,0.9983333333333332
mobilenetv3_small_100,42,baseline,original,sdnet_D,0,2.174047222818647,0.7107913669064748,0.665
mobilenetv3_small_100,42,baseline,original,sdnet_D,1,0.6939070391654968,0.7699836867862969,0.765
mobilenetv3_small_100,42,baseline,original,sdnet_D,2,0.4026987586702619,0.7496251874062968,0.7216666666666667
mobilenetv3_small_100,42,baseline,original,sdnet_D,3,0.3125065214293344,0.7899159663865546,0.7916666666666666
mobilenetv3_small_100,42,baseline,original,sdnet_D,4,0.2773380981172834,0.7922077922077922,0.7866666666666666
mobilenetv3_small_100,42,baseline,original,sdnet_D,5,0.2199204261813845,0.7719298245614035,0.74
mobilenetv3_small_100,42,baseline,original,sdnet_D,6,0.1515097639816147,0.76875,0.7533333333333333
mobilenetv3_small_100,42,baseline,original,sdnet_D,7,0.0921266944493566,0.8027681660899654,0.81
mobilenetv3_small_100,42,baseline,original,sdnet_D,8,0.0713245647719928,0.8061749571183533,0.8116666666666666
mobilenetv3_small_100,42,baseline,original,sdnet_D,9,0.0533639863984925,0.8007246376811594,0.8166666666666667
mobilenetv3_small_100,42,baseline,original,sdnet_D,10,0.0473257342725992,0.7986577181208053,0.8
mobilenetv3_small_100,42,baseline,original,sdnet_D,11,0.0429991840251854,0.7993079584775087,0.8066666666666666
mobilenetv3_small_100,42,baseline,original,sdnet_P,0,2.2299325667108807,0.7565084226646248,0.735
mobilenetv3_small_100,42,baseline,original,sdnet_P,1,0.5558919598375048,0.8292682926829268,0.825
mobilenetv3_small_100,42,baseline,original,sdnet_P,2,0.3796444358144488,0.8121645796064401,0.825
mobilenetv3_small_100,42,baseline,original,sdnet_P,3,0.2174181999479021,0.8531684698608965,0.8416666666666667
mobilenetv3_small_100,42,baseline,original,sdnet_P,4,0.2431702065467834,0.8598425196850393,0.8516666666666667
mobilenetv3_small_100,42,baseline,original,sdnet_P,5,0.118935283763068,0.8885135135135135,0.89
mobilenetv3_small_100,42,baseline,original,sdnet_P,6,0.0780670573030199,0.8676236044657097,0.8616666666666667
mobilenetv3_small_100,42,baseline,original,sdnet_P,7,0.0630047308440719,0.8820678513731826,0.8783333333333333
mobilenetv3_small_100,42,baseline,original,sdnet_P,8,0.0342377614229917,0.8865979381443299,0.89
mobilenetv3_small_100,42,baseline,original,sdnet_W,0,1.9848361911092485,0.5374771480804388,0.5783333333333334
mobilenetv3_small_100,42,baseline,original,sdnet_W,1,0.676204104253224,0.6842105263157895,0.74
mobilenetv3_small_100,42,baseline,original,sdnet_W,2,0.3871422248227256,0.7532956685499058,0.7816666666666666
mobilenetv3_small_100,42,baseline,original,sdnet_W,3,0.2805645559515272,0.7992831541218638,0.8133333333333334
mobilenetv3_small_100,42,baseline,original,sdnet_W,4,0.2431736264058522,0.8089887640449438,0.8016666666666666
mobilenetv3_small_100,42,baseline,original,sdnet_W,5,0.1714435937574931,0.7779751332149201,0.7916666666666666
mobilenetv3_small_100,42,baseline,original,sdnet_W,6,0.1118927394066538,0.7885532591414944,0.7783333333333333
mobilenetv3_small_100,42,baseline,original,sdnet_W,7,0.0854408604758126,0.7887323943661971,0.8
mobilenetv3_small_100,42,baseline,original,metu,0,0.9393545950736332,0.9865771812080536,0.9866666666666668
mobilenetv3_small_100,42,baseline,original,metu,1,0.0409488570703459,0.9950248756218906,0.995
mobilenetv3_small_100,42,baseline,original,metu,2,0.0288296426619801,0.9983361064891848,0.9983333333333332
mobilenetv3_small_100,42,baseline,original,metu,3,0.0193743351101875,0.9933110367892976,0.9933333333333332
mobilenetv3_small_100,42,baseline,original,metu,4,0.015614737144538,1.0,1.0
mobilenetv3_small_100,42,baseline,original,metu,5,0.0029421869771821,1.0,1.0
mobilenetv3_small_100,42,baseline,original,metu,6,5.096950701304845e-05,1.0,1.0
mobilenetv3_small_100,42,baseline,original,metu,7,0.0004720118216105,1.0,1.0
mobilenetv3_small_100,43,baseline,original,sdnet_D,0,2.2771650324549,0.5852534562211982,0.7
mobilenetv3_small_100,43,baseline,original,sdnet_D,1,0.718684401171548,0.7054545454545454,0.73
mobilenetv3_small_100,43,baseline,original,sdnet_D,2,0.4225393627371107,0.6865079365079365,0.7366666666666667
mobilenetv3_small_100,43,baseline,original,sdnet_D,3,0.4282625825064522,0.7649122807017544,0.7766666666666666
mobilenetv3_small_100,43,baseline,original,sdnet_D,4,0.2701266303232738,0.7788461538461539,0.77
mobilenetv3_small_100,43,baseline,original,sdnet_D,5,0.2147554984263011,0.752851711026616,0.7833333333333333
mobilenetv3_small_100,43,baseline,original,sdnet_D,6,0.1603141000441142,0.768141592920354,0.7816666666666666
mobilenetv3_small_100,43,baseline,original,sdnet_D,7,0.1016270187922886,0.7650273224043715,0.785
mobilenetv3_small_100,43,baseline,original,sdnet_P,0,2.4413355387960163,0.6991404011461319,0.65
mobilenetv3_small_100,43,baseline,original,sdnet_P,1,0.6306887347357614,0.8267581475128645,0.8316666666666667
mobilenetv3_small_100,43,baseline,original,sdnet_P,2,0.3053738720076425,0.8146853146853147,0.8233333333333334
mobilenetv3_small_100,43,baseline,original,sdnet_P,3,0.2453853964805603,0.8314238952536824,0.8283333333333334
mobilenetv3_small_100,43,baseline,original,sdnet_P,4,0.1837209284305572,0.8512,0.845
mobilenetv3_small_100,43,baseline,original,sdnet_P,5,0.1294899797439575,0.8668831168831169,0.8633333333333333
mobilenetv3_small_100,43,baseline,original,sdnet_P,6,0.0845277122727462,0.8787878787878788,0.88
mobilenetv3_small_100,43,baseline,original,sdnet_P,7,0.051573111595852,0.880672268907563,0.8816666666666667
mobilenetv3_small_100,43,baseline,original,sdnet_P,8,0.0363504258969,0.8821548821548821,0.8833333333333333
mobilenetv3_small_100,43,baseline,original,sdnet_P,9,0.0311095590729798,0.8754208754208754,0.8766666666666667
mobilenetv3_small_100,43,baseline,original,sdnet_P,10,0.0282467427796551,0.8756388415672913,0.8783333333333333
mobilenetv3_small_100,43,baseline,original,sdnet_P,11,0.0247450857503073,0.8771331058020477,0.88
mobilenetv3_small_100,43,baseline,original,sdnet_W,0,2.318199533394405,0.6954954954954955,0.7183333333333334
mobilenetv3_small_100,43,baseline,original,sdnet_W,1,0.5068592601163047,0.7750759878419453,0.7533333333333333
mobilenetv3_small_100,43,baseline,original,sdnet_W,2,0.3293657486779349,0.7462121212121212,0.7766666666666666
mobilenetv3_small_100,43,baseline,original,sdnet_W,3,0.3434165006024497,0.7964912280701755,0.8066666666666666
mobilenetv3_small_100,43,baseline,original,sdnet_W,4,0.209539292199271,0.803921568627451,0.8
mobilenetv3_small_100,43,baseline,original,sdnet_W,5,0.1293060856631823,0.8112582781456954,0.81
mobilenetv3_small_100,43,baseline,original,sdnet_W,6,0.0973379175577845,0.8127208480565371,0.8233333333333334
mobilenetv3_small_100,43,baseline,original,sdnet_W,7,0.0565079078716891,0.8076923076923077,0.8166666666666667
mobilenetv3_small_100,43,baseline,original,sdnet_W,8,0.0381578789012772,0.8076923076923077,0.8166666666666667
mobilenetv3_small_100,43,baseline,original,sdnet_W,9,0.0294015199478183,0.8103448275862069,0.8166666666666667
mobilenetv3_small_100,43,baseline,original,metu,0,0.8805672810545989,0.9949748743718592,0.995
mobilenetv3_small_100,43,baseline,original,metu,1,0.0390067538625693,0.98989898989899,0.99
mobilenetv3_small_100,43,baseline,original,metu,2,0.0366558434288682,0.9983361064891848,0.9983333333333332
mobilenetv3_small_100,43,baseline,original,metu,3,0.0150702112485721,0.998330550918197,0.9983333333333332
mobilenetv3_small_100,43,baseline,original,metu,4,0.0132980027369087,1.0,1.0
mobilenetv3_small_100,43,baseline,original,metu,5,2.0770089966910223e-05,0.9966555183946488,0.9966666666666668
mobilenetv3_small_100,43,baseline,original,metu,6,0.0002741201448121,0.9966555183946488,0.9966666666666668
mobilenetv3_small_100,43,baseline,original,metu,7,8.957726614714342e-07,0.9966555183946488,0.9966666666666668
mobilenetv3_small_100,44,baseline,original,sdnet_D,0,1.8466013486044748,0.6818181818181818,0.72
mobilenetv3_small_100,44,baseline,original,sdnet_D,1,0.6906718701975686,0.7577639751552795,0.74
mobilenetv3_small_100,44,baseline,original,sdnet_D,2,0.5045168284007481,0.6301969365426696,0.7183333333333334
mobilenetv3_small_100,44,baseline,original,sdnet_D,3,0.3990480467251369,0.6985446985446986,0.7583333333333333
mobilenetv3_small_100,44,baseline,original,sdnet_D,4,0.3114542560066495,0.7648054145516074,0.7683333333333333
mobilenetv3_small_100,44,baseline,original,sdnet_D,5,0.2143676070656095,0.755632582322357,0.765
mobilenetv3_small_100,44,baseline,original,sdnet_D,6,0.1829635723999568,0.7457627118644068,0.775
mobilenetv3_small_100,44,baseline,original,sdnet_D,7,0.1272324722579547,0.7727272727272727,0.8
mobilenetv3_small_100,44,baseline,original,sdnet_D,8,0.0823244291969708,0.7568555758683729,0.7783333333333333
mobilenetv3_small_100,44,baseline,original,sdnet_D,9,0.0671298626491001,0.7843137254901961,0.7983333333333333
mobilenetv3_small_100,44,baseline,original,sdnet_D,10,0.0594903403946331,0.7833935018050542,0.8
mobilenetv3_small_100,44,baseline,original,sdnet_D,11,0.0485725528214659,0.7709090909090909,0.79
mobilenetv3_small_100,44,baseline,original,sdnet_P,0,1.914323892593384,0.801178203240059,0.775
mobilenetv3_small_100,44,baseline,original,sdnet_P,1,0.7423874596187047,0.8066465256797583,0.7866666666666666
mobilenetv3_small_100,44,baseline,original,sdnet_P,2,0.3413017941798482,0.8442367601246106,0.8333333333333334
mobilenetv3_small_100,44,baseline,original,sdnet_P,3,0.2814932329314095,0.8414634146341463,0.8266666666666667
mobilenetv3_small_100,44,baseline,original,sdnet_P,4,0.2069955541406359,0.8537414965986394,0.8566666666666667
mobilenetv3_small_100,44,baseline,original,sdnet_P,5,0.1078835232981613,0.8725490196078431,0.87
mobilenetv3_small_100,44,baseline,original,sdnet_P,6,0.0800904264194624,0.8784722222222222,0.8833333333333333
mobilenetv3_small_100,44,baseline,original,sdnet_P,7,0.0429980147629976,0.8716216216216216,0.8733333333333333
mobilenetv3_small_100,44,baseline,original,sdnet_P,8,0.0353001777614866,0.868824531516184,0.8716666666666667
mobilenetv3_small_100,44,baseline,original,sdnet_P,9,0.0267594821485025,0.8677966101694915,0.87
mobilenetv3_small_100,44,baseline,original,sdnet_W,0,2.155615528651646,0.7572463768115942,0.7766666666666666
mobilenetv3_small_100,44,baseline,original,sdnet_W,1,0.7070435806683132,0.7794561933534743,0.7566666666666667
mobilenetv3_small_100,44,baseline,original,sdnet_W,2,0.3930400143350873,0.7828746177370031,0.7633333333333333
mobilenetv3_small_100,44,baseline,original,sdnet_W,3,0.2956199511459895,0.7900355871886121,0.8033333333333333
mobilenetv3_small_100,44,baseline,original,sdnet_W,4,0.1965814484868731,0.7909604519774012,0.815
mobilenetv3_small_100,44,baseline,original,sdnet_W,5,0.1293690831746373,0.7960848287112561,0.7916666666666666
mobilenetv3_small_100,44,baseline,original,sdnet_W,6,0.0998257932918412,0.8180242634315424,0.825
mobilenetv3_small_100,44,baseline,original,sdnet_W,7,0.0617025527996676,0.8162544169611308,0.8266666666666667
mobilenetv3_small_100,44,baseline,original,sdnet_W,8,0.0406711709818669,0.8076256499133448,0.815
mobilenetv3_small_100,44,baseline,original,sdnet_W,9,0.0310701571617807,0.8169014084507042,0.8266666666666667
mobilenetv3_small_100,44,baseline,original,metu,0,0.54470030354602,0.9933333333333332,0.9933333333333332
mobilenetv3_small_100,44,baseline,original,metu,1,0.0730433875748092,0.9933333333333332,0.9933333333333332
mobilenetv3_small_100,44,baseline,original,metu,2,0.0197323155403137,0.991652754590985,0.9916666666666668
mobilenetv3_small_100,44,baseline,original,metu,3,0.0117293669922011,0.998330550918197,0.9983333333333332
mobilenetv3_small_100,44,baseline,original,metu,4,0.011001998526712,0.9983361064891848,0.9983333333333332
mobilenetv3_small_100,44,baseline,original,metu,5,0.0178286092196192,1.0,1.0
mobilenetv3_small_100,44,baseline,original,metu,6,0.0010416231410843,0.998330550918197,0.9983333333333332
mobilenetv3_small_100,44,baseline,original,metu,7,0.0012870853287833,1.0,1.0
mobilenetv3_small_100,44,baseline,original,metu,8,0.0003736512575778,1.0,1.0
vit_tiny_patch16_224,42,baseline,original,sdnet_D,0,0.7909806881632123,0.7183673469387755,0.77
vit_tiny_patch16_224,42,baseline,original,sdnet_D,1,0.4709919985703059,0.7470355731225297,0.7866666666666666
vit_tiny_patch16_224,42,baseline,original,sdnet_D,2,0.4035817800249372,0.7596638655462185,0.7616666666666667
vit_tiny_patch16_224,42,baseline,original,sdnet_D,3,0.3658997780936105,0.7475035663338089,0.705
vit_tiny_patch16_224,42,baseline,original,sdnet_D,4,0.3373416105338505,0.7677543186180422,0.7983333333333333
vit_tiny_patch16_224,42,baseline,original,sdnet_D,5,0.2854894016470228,0.7694805194805194,0.7633333333333333
vit_tiny_patch16_224,42,baseline,original,sdnet_D,6,0.2525951763561794,0.762962962962963,0.7866666666666666
vit_tiny_patch16_224,42,baseline,original,sdnet_D,7,0.1916321612255913,0.7661141804788214,0.7883333333333333
vit_tiny_patch16_224,42,baseline,original,sdnet_D,8,0.1360645322288785,0.7904411764705882,0.81
vit_tiny_patch16_224,42,baseline,original,sdnet_D,9,0.0848171966842242,0.7684391080617495,0.775
vit_tiny_patch16_224,42,baseline,original,sdnet_D,10,0.0636621425407273,0.779896013864818,0.7883333333333333
vit_tiny_patch16_224,42,baseline,original,sdnet_D,11,0.046527549624443,0.782312925170068,0.7866666666666666
vit_tiny_patch16_224,42,baseline,original,sdnet_P,0,0.715417047057833,0.84375,0.85
vit_tiny_patch16_224,42,baseline,original,sdnet_P,1,0.3155906881604876,0.8442028985507246,0.8566666666666667
vit_tiny_patch16_224,42,baseline,original,sdnet_P,2,0.2533415482725416,0.8621291448516579,0.8683333333333333
vit_tiny_patch16_224,42,baseline,original,sdnet_P,3,0.2003356486558914,0.8639240506329114,0.8566666666666667
vit_tiny_patch16_224,42,baseline,original,sdnet_P,4,0.1587758746743202,0.8770226537216829,0.8733333333333333
vit_tiny_patch16_224,42,baseline,original,sdnet_P,5,0.1270599350333214,0.8455538221528861,0.835
vit_tiny_patch16_224,42,baseline,original,sdnet_P,6,0.0769803330727986,0.8551483420593369,0.8616666666666667
vit_tiny_patch16_224,42,baseline,original,sdnet_P,7,0.0512385025194713,0.879045996592845,0.8816666666666667
vit_tiny_patch16_224,42,baseline,original,sdnet_P,8,0.0207292376698127,0.8881469115191987,0.8883333333333333
vit_tiny_patch16_224,42,baseline,original,sdnet_P,9,0.0084656199806236,0.8712522045855379,0.8783333333333333
vit_tiny_patch16_224,42,baseline,original,sdnet_P,10,0.0107041760866663,0.8844221105527639,0.885
vit_tiny_patch16_224,42,baseline,original,sdnet_P,11,0.0093550573069868,0.8848080133555927,0.885
vit_tiny_patch16_224,42,baseline,original,sdnet_W,0,0.7698886283806392,0.8,0.8066666666666666
vit_tiny_patch16_224,42,baseline,original,sdnet_W,1,0.4268135254723685,0.7727272727272727,0.75
vit_tiny_patch16_224,42,baseline,original,sdnet_W,2,0.3681136175564357,0.8111888111888111,0.82
vit_tiny_patch16_224,42,baseline,original,sdnet_W,3,0.3115484355177198,0.7649402390438247,0.8033333333333333
vit_tiny_patch16_224,42,baseline,original,sdnet_W,4,0.2817096063068935,0.7870722433460076,0.8133333333333334
vit_tiny_patch16_224,42,baseline,original,sdnet_W,5,0.2367380802120481,0.8210180623973727,0.8183333333333334
vit_tiny_patch16_224,42,baseline,original,sdnet_W,6,0.1743600451094763,0.7908745247148289,0.8166666666666667
vit_tiny_patch16_224,42,baseline,original,sdnet_W,7,0.1243433378423963,0.8027210884353742,0.8066666666666666
vit_tiny_patch16_224,42,baseline,original,sdnet_W,8,0.0841706414307866,0.8256227758007118,0.8366666666666667
vit_tiny_patch16_224,42,baseline,original,sdnet_W,9,0.0398153445976121,0.8028419182948491,0.815
vit_tiny_patch16_224,42,baseline,original,sdnet_W,10,0.0352062585470931,0.7964601769911505,0.8083333333333333
vit_tiny_patch16_224,42,baseline,original,sdnet_W,11,0.0307186030702931,0.8076256499133448,0.815
vit_tiny_patch16_224,42,baseline,original,metu,0,0.3030814476524081,0.9915966386554622,0.9916666666666668
vit_tiny_patch16_224,42,baseline,original,metu,1,0.0109450198909533,1.0,1.0
vit_tiny_patch16_224,42,baseline,original,metu,2,0.003478105834469,0.998330550918197,0.9983333333333332
vit_tiny_patch16_224,42,baseline,original,metu,3,0.0004073416335138,0.9966555183946488,0.9966666666666668
vit_tiny_patch16_224,42,baseline,original,metu,4,0.0066083703298188,0.998330550918197,0.9983333333333332
vit_tiny_patch16_224,43,baseline,original,sdnet_D,0,0.7340888629640852,0.727810650887574,0.6933333333333334
vit_tiny_patch16_224,43,baseline,original,sdnet_D,1,0.486121300969805,0.7364975450081833,0.7316666666666667
vit_tiny_patch16_224,43,baseline,original,sdnet_D,2,0.4566359118052891,0.7525150905432596,0.795
vit_tiny_patch16_224,43,baseline,original,sdnet_D,3,0.4266585447107042,0.7495361781076066,0.775
vit_tiny_patch16_224,43,baseline,original,sdnet_D,4,0.3672648809637342,0.7678571428571429,0.7833333333333333
vit_tiny_patch16_224,43,baseline,original,sdnet_D,5,0.3107342432226453,0.7660311958405546,0.775
vit_tiny_patch16_224,43,baseline,original,sdnet_D,6,0.2788541865348816,0.7596330275229358,0.7816666666666666
vit_tiny_patch16_224,43,baseline,original,sdnet_D,7,0.2069614832741873,0.7578253706754531,0.755
vit_tiny_patch16_224,43,baseline,original,sdnet_P,0,0.5976551512309484,0.8347529812606473,0.8383333333333334
vit_tiny_patch16_224,43,baseline,original,sdnet_P,1,0.3417609201158796,0.8250950570342205,0.8466666666666667
vit_tiny_patch16_224,43,baseline,original,sdnet_P,2,0.2881469666957855,0.8076923076923077,0.8333333333333334
vit_tiny_patch16_224,43,baseline,original,sdnet_P,3,0.2108755677938461,0.80078125,0.83
vit_tiny_patch16_224,43,baseline,original,sdnet_W,0,0.7219204391751971,0.7522658610271903,0.7266666666666667
vit_tiny_patch16_224,43,baseline,original,sdnet_W,1,0.4632830580643245,0.800658978583196,0.7983333333333333
vit_tiny_patch16_224,43,baseline,original,sdnet_W,2,0.3656130789007459,0.7847619047619048,0.8116666666666666
vit_tiny_patch16_224,43,baseline,original,sdnet_W,3,0.3048671758174896,0.8152380952380952,0.8383333333333334
vit_tiny_patch16_224,43,baseline,original,sdnet_W,4,0.2732457996266229,0.7961538461538461,0.8233333333333334
vit_tiny_patch16_224,43,baseline,original,sdnet_W,5,0.2263894804886409,0.8191881918819188,0.8366666666666667
vit_tiny_patch16_224,43,baseline,original,sdnet_W,6,0.1462060908760343,0.832,0.825
vit_tiny_patch16_224,43,baseline,original,sdnet_W,7,0.1078999111694949,0.8243243243243243,0.8266666666666667
vit_tiny_patch16_224,43,baseline,original,sdnet_W,8,0.0658736582313265,0.8091872791519434,0.82
vit_tiny_patch16_224,43,baseline,original,sdnet_W,9,0.043942209311894,0.8268551236749117,0.8366666666666667
vit_tiny_patch16_224,43,baseline,original,metu,0,0.22097905869999,0.98989898989899,0.99
vit_tiny_patch16_224,43,baseline,original,metu,1,0.0121839495641844,0.9932885906040269,0.9933333333333332
vit_tiny_patch16_224,43,baseline,original,metu,2,0.0127128752212904,1.0,1.0
vit_tiny_patch16_224,43,baseline,original,metu,3,0.0052788264197962,0.998330550918197,0.9983333333333332
vit_tiny_patch16_224,43,baseline,original,metu,4,0.0052380563105855,0.998330550918197,0.9983333333333332
vit_tiny_patch16_224,43,baseline,original,metu,5,0.000815794595671,0.998330550918197,0.9983333333333332
vit_tiny_patch16_224,44,baseline,original,sdnet_D,0,0.7803297424316407,0.6468401486988847,0.6833333333333333
vit_tiny_patch16_224,44,baseline,original,sdnet_D,1,0.5600128429276603,0.6693069306930693,0.7216666666666667
vit_tiny_patch16_224,44,baseline,original,sdnet_D,2,0.4895589460645403,0.6935483870967742,0.7466666666666667
vit_tiny_patch16_224,44,baseline,original,sdnet_D,3,0.495664153780256,0.6565874730021598,0.735
vit_tiny_patch16_224,44,baseline,original,sdnet_D,4,0.4546854545388903,0.7375886524822695,0.7533333333333333
vit_tiny_patch16_224,44,baseline,original,sdnet_D,5,0.381652992112296,0.7016806722689075,0.7633333333333333
vit_tiny_patch16_224,44,baseline,original,sdnet_D,6,0.3404575664656503,0.7573149741824441,0.765
vit_tiny_patch16_224,44,baseline,original,sdnet_D,7,0.2898652859245028,0.7469458987783595,0.7583333333333333
vit_tiny_patch16_224,44,baseline,original,sdnet_D,8,0.2179572486025946,0.7519083969465649,0.7833333333333333
vit_tiny_patch16_224,44,baseline,original,sdnet_D,9,0.1765742444992065,0.7487179487179487,0.755
vit_tiny_patch16_224,44,baseline,original,sdnet_P,0,0.5972548248086657,0.8260162601626017,0.8216666666666667
vit_tiny_patch16_224,44,baseline,original,sdnet_P,1,0.3410787669249943,0.8576214405360134,0.8583333333333333
vit_tiny_patch16_224,44,baseline,original,sdnet_P,2,0.2700863528251648,0.856637168141593,0.865
vit_tiny_patch16_224,44,baseline,original,sdnet_P,3,0.2138086878401892,0.8361581920903954,0.855
vit_tiny_patch16_224,44,baseline,original,sdnet_P,4,0.1753233902794974,0.8493150684931506,0.8533333333333334
vit_tiny_patch16_224,44,baseline,original,sdnet_W,0,0.7342550657476697,0.7072243346007605,0.7433333333333333
vit_tiny_patch16_224,44,baseline,original,sdnet_W,1,0.5016664912019457,0.7892976588628763,0.79
vit_tiny_patch16_224,44,baseline,original,sdnet_W,2,0.4046661812918526,0.7881773399014779,0.785
vit_tiny_patch16_224,44,baseline,original,sdnet_W,3,0.3603242707252502,0.8218181818181818,0.8366666666666667
vit_tiny_patch16_224,44,baseline,original,sdnet_W,4,0.3217926272324153,0.8353552859618717,0.8416666666666667
vit_tiny_patch16_224,44,baseline,original,sdnet_W,5,0.250541912487575,0.8213058419243986,0.8266666666666667
vit_tiny_patch16_224,44,baseline,original,sdnet_W,6,0.188016032406262,0.8109028960817717,0.815
vit_tiny_patch16_224,44,baseline,original,sdnet_W,7,0.1276042502692767,0.8019639934533551,0.7983333333333333
vit_tiny_patch16_224,44,baseline,original,metu,0,0.0936658516526222,0.98989898989899,0.99
vit_tiny_patch16_224,44,baseline,original,metu,1,0.0082142439484804,0.9966555183946488,0.9966666666666668
vit_tiny_patch16_224,44,baseline,original,metu,2,0.0023264740620132,0.9983361064891848,0.9983333333333332
vit_tiny_patch16_224,44,baseline,original,metu,3,0.0023705278124024,0.9966555183946488,0.9966666666666668
vit_tiny_patch16_224,44,baseline,original,metu,4,0.0017073018622717,1.0,1.0
vit_tiny_patch16_224,44,baseline,original,metu,5,0.0009889924952377,0.998330550918197,0.9983333333333332
vit_tiny_patch16_224,44,baseline,original,metu,6,3.240202154432024e-05,0.9966555183946488,0.9966666666666668
vit_tiny_patch16_224,44,baseline,original,metu,7,1.9323910980477063e-05,0.998330550918197,0.9983333333333332
resnet18,42,agresivo,original,sdnet_D,0,0.6355092235973903,0.6777251184834123,0.5466666666666666
resnet18,42,agresivo,original,sdnet_D,1,0.5309917068481446,0.7717391304347826,0.79
resnet18,42,agresivo,original,sdnet_D,2,0.4880444814477648,0.7323943661971831,0.7783333333333333
resnet18,42,agresivo,original,sdnet_D,3,0.4626134317261832,0.7575757575757576,0.7866666666666666
resnet18,42,agresivo,original,sdnet_D,4,0.4581184959411621,0.7855787476280834,0.8116666666666666
resnet18,42,agresivo,original,sdnet_D,5,0.4461059188842773,0.7530364372469636,0.7966666666666666
resnet18,42,agresivo,original,sdnet_D,6,0.4415044118676867,0.8057553956834532,0.82
resnet18,42,agresivo,original,sdnet_D,7,0.4307137865679604,0.7827788649706457,0.815
resnet18,42,agresivo,original,sdnet_D,8,0.4271272444725036,0.8104347826086956,0.8183333333333334
resnet18,42,agresivo,original,sdnet_D,9,0.4239488921846662,0.7857142857142857,0.8
resnet18,42,agresivo,original,sdnet_D,10,0.4254885685443878,0.7971274685816876,0.8116666666666666
resnet18,42,agresivo,original,sdnet_D,11,0.4181349578925541,0.800718132854578,0.815
resnet18,42,agresivo,original,sdnet_P,0,0.6311643436976841,0.7317073170731707,0.6516666666666666
resnet18,42,agresivo,original,sdnet_P,1,0.4697195844990866,0.8368794326241135,0.8466666666666667
resnet18,42,agresivo,original,sdnet_P,2,0.4150968849658966,0.8538961038961039,0.85
resnet18,42,agresivo,original,sdnet_P,3,0.3781023897443499,0.8726655348047538,0.875
resnet18,42,agresivo,original,sdnet_P,4,0.3557036122253963,0.8580542264752791,0.8516666666666667
resnet18,42,agresivo,original,sdnet_P,5,0.3401589725698744,0.8760064412238325,0.8716666666666667
resnet18,42,agresivo,original,sdnet_P,6,0.329018657377788,0.8698517298187809,0.8683333333333333
resnet18,42,agresivo,original,sdnet_P,7,0.3137097132205963,0.8826446280991735,0.8816666666666667
resnet18,42,agresivo,original,sdnet_P,8,0.3073816280705588,0.8796147672552167,0.875
resnet18,42,agresivo,original,sdnet_P,9,0.2968284917729241,0.8867313915857605,0.8833333333333333
resnet18,42,agresivo,original,sdnet_P,10,0.3034003840173994,0.8753993610223643,0.87
resnet18,42,agresivo,original,sdnet_P,11,0.2987889243023736,0.8760064412238325,0.8716666666666667
resnet18,42,agresivo,original,sdnet_W,0,0.6317743192400251,0.6936416184971098,0.735
resnet18,42,agresivo,original,sdnet_W,1,0.50293606536729,0.7746741154562383,0.7983333333333333
resnet18,42,agresivo,original,sdnet_W,2,0.4444566433770316,0.7827715355805244,0.8066666666666666
resnet18,42,agresivo,original,sdnet_W,3,0.4237671937261309,0.8378812199036918,0.8316666666666667
resnet18,42,agresivo,original,sdnet_W,4,0.400276562997273,0.8581196581196581,0.8616666666666667
resnet18,42,agresivo,original,sdnet_W,5,0.3884035537924085,0.8431703204047217,0.845
resnet18,42,agresivo,original,sdnet_W,6,0.3796249561650412,0.8526863084922011,0.8583333333333333
resnet18,42,agresivo,original,sdnet_W,7,0.3724678887639727,0.8480801335559266,0.8483333333333334
resnet18,42,agresivo,original,metu,0,0.3138139762410096,0.9835526315789472,0.9833333333333332
resnet18,42,agresivo,original,metu,1,0.0251084144652954,0.998330550918197,0.9983333333333332
resnet18,42,agresivo,original,metu,2,0.0102185365131923,0.9966666666666668,0.9966666666666668
resnet18,42,agresivo,original,metu,3,0.0083060501728739,0.9949748743718592,0.995
resnet18,42,agresivo,original,metu,4,0.0052187613081852,0.9966555183946488,0.9966666666666668
resnet18,43,agresivo,original,sdnet_D,0,0.6442270115443638,0.7191011235955056,0.7083333333333334
resnet18,43,agresivo,original,sdnet_D,1,0.535534622158323,0.6609071274298056,0.7383333333333333
resnet18,43,agresivo,original,sdnet_D,2,0.4928237220219203,0.6724511930585684,0.7483333333333333
resnet18,43,agresivo,original,sdnet_D,3,0.4787045584406171,0.7805755395683454,0.7966666666666666
resnet18,43,agresivo,original,sdnet_D,4,0.4587660135541643,0.7809847198641766,0.785
resnet18,43,agresivo,original,sdnet_D,5,0.4432339903286525,0.7962264150943397,0.82
resnet18,43,agresivo,original,sdnet_D,6,0.4420794911043985,0.7961904761904762,0.8216666666666667
resnet18,43,agresivo,original,sdnet_D,7,0.4358954361506871,0.7933579335793358,0.8133333333333334
resnet18,43,agresivo,original,sdnet_D,8,0.4182756670883724,0.8036363636363636,0.82
resnet18,43,agresivo,original,sdnet_D,9,0.4164740805966513,0.8027681660899654,0.81
resnet18,43,agresivo,original,sdnet_D,10,0.4127353973048074,0.7993019197207679,0.8083333333333333
resnet18,43,agresivo,original,sdnet_D,11,0.4229895782470703,0.8042704626334519,0.8166666666666667
resnet18,43,agresivo,original,sdnet_P,0,0.6252917913028172,0.7569832402234636,0.71
resnet18,43,agresivo,original,sdnet_P,1,0.4637797336918967,0.8502581755593803,0.855
resnet18,43,agresivo,original,sdnet_P,2,0.4057006333555494,0.8729096989966555,0.8733333333333333
resnet18,43,agresivo,original,sdnet_P,3,0.3775059977599552,0.8707037643207856,0.8683333333333333
resnet18,43,agresivo,original,sdnet_P,4,0.3570038172176906,0.8888888888888888,0.8883333333333333
resnet18,43,agresivo,original,sdnet_P,5,0.3474987045356205,0.8687196110210696,0.865
resnet18,43,agresivo,original,sdnet_P,6,0.3251929696968623,0.8830313014827018,0.8816666666666667
resnet18,43,agresivo,original,sdnet_P,7,0.3205492964812687,0.8837209302325582,0.8833333333333333
resnet18,43,agresivo,original,sdnet_W,0,0.6472715810367039,0.7508417508417509,0.7533333333333333
resnet18,43,agresivo,original,sdnet_W,1,0.5141484265668052,0.6852248394004282,0.755
resnet18,43,agresivo,original,sdnet_W,2,0.4451363883699689,0.8227194492254734,0.8283333333333334
resnet18,43,agresivo,original,sdnet_W,3,0.4170082427774156,0.8342440801457195,0.8483333333333334
resnet18,43,agresivo,original,sdnet_W,4,0.4093392419815063,0.8561151079136691,0.8666666666666667
resnet18,43,agresivo,original,sdnet_W,5,0.3802146051611219,0.8193202146690519,0.8316666666666667
resnet18,43,agresivo,original,sdnet_W,6,0.3906006276607513,0.8366972477064221,0.8516666666666667
resnet18,43,agresivo,original,sdnet_W,7,0.3702149629592896,0.8581314878892734,0.8633333333333333
resnet18,43,agresivo,original,sdnet_W,8,0.3706876116139548,0.8192307692307692,0.8433333333333334
resnet18,43,agresivo,original,sdnet_W,9,0.3624114111491612,0.8210922787193974,0.8416666666666667
resnet18,43,agresivo,original,sdnet_W,10,0.3490185036829539,0.8388278388278388,0.8533333333333334
resnet18,43,agresivo,original,metu,0,0.3115183629734175,0.9933333333333332,0.9933333333333332
resnet18,43,agresivo,original,metu,1,0.0246724154267992,0.9916247906197656,0.9916666666666668
resnet18,43,agresivo,original,metu,2,0.0138158409936087,0.9966555183946488,0.9966666666666668
resnet18,43,agresivo,original,metu,3,0.0109011910536459,0.9983361064891848,0.9983333333333332
resnet18,43,agresivo,original,metu,4,0.0075408791218485,0.9983361064891848,0.9983333333333332
resnet18,43,agresivo,original,metu,5,0.0050852071380774,0.995008319467554,0.995
resnet18,43,agresivo,original,metu,6,0.0063749608823231,0.9983361064891848,0.9983333333333332
resnet18,44,agresivo,original,sdnet_D,0,0.6482980561256408,0.7161198288159771,0.6683333333333333
resnet18,44,agresivo,original,sdnet_D,1,0.5441520440578461,0.679324894514768,0.7466666666666667
resnet18,44,agresivo,original,sdnet_D,2,0.4991860563414437,0.7098121085594989,0.7683333333333333
resnet18,44,agresivo,original,sdnet_D,3,0.4830015802383423,0.7404580152671756,0.7733333333333333
resnet18,44,agresivo,original,sdnet_D,4,0.4633375104836055,0.7695238095238095,0.7983333333333333
resnet18,44,agresivo,original,sdnet_D,5,0.4492125465188707,0.766798418972332,0.8033333333333333
resnet18,44,agresivo,original,sdnet_D,6,0.445778534752982,0.7879924953095685,0.8116666666666666
resnet18,44,agresivo,original,sdnet_D,7,0.4389509665966034,0.7846153846153846,0.8133333333333334
resnet18,44,agresivo,original,sdnet_D,8,0.4285635023457663,0.7811934900542495,0.7983333333333333
resnet18,44,agresivo,original,sdnet_D,9,0.4241705100876944,0.7882136279926335,0.8083333333333333
resnet18,44,agresivo,original,sdnet_D,10,0.4210597271578652,0.7913669064748201,0.8066666666666666
resnet18,44,agresivo,original,sdnet_D,11,0.4326666145665305,0.7854545454545454,0.8033333333333333
resnet18,44,agresivo,original,sdnet_P,0,0.6325584850992475,0.7316455696202532,0.6466666666666666
resnet18,44,agresivo,original,sdnet_P,1,0.4820050162928445,0.8229342327150084,0.825
resnet18,44,agresivo,original,sdnet_P,2,0.4175887959344046,0.8454258675078864,0.8366666666666667
resnet18,44,agresivo,original,sdnet_P,3,0.4017401366574423,0.8652482269503546,0.8733333333333333
resnet18,44,agresivo,original,sdnet_P,4,0.3731412267684936,0.8681135225375626,0.8683333333333333
resnet18,44,agresivo,original,sdnet_P,5,0.3502320477792195,0.8631239935587761,0.8583333333333333
resnet18,44,agresivo,original,sdnet_P,6,0.3328380984919412,0.8778877887788779,0.8766666666666667
resnet18,44,agresivo,original,sdnet_P,7,0.3296030058179582,0.8745980707395499,0.87
resnet18,44,agresivo,original,sdnet_P,8,0.3028583163022995,0.8684627575277337,0.8616666666666667
resnet18,44,agresivo,original,sdnet_P,9,0.3127226705210549,0.8832,0.8783333333333333
resnet18,44,agresivo,original,sdnet_P,10,0.3198510137626103,0.8832,0.8783333333333333
resnet18,44,agresivo,original,sdnet_P,11,0.3097294330596923,0.8863636363636364,0.8833333333333333
resnet18,44,agresivo,original,sdnet_W,0,0.6499163596970694,0.7529411764705882,0.755
resnet18,44,agresivo,original,sdnet_W,1,0.5025945847375052,0.6833976833976834,0.7266666666666667
resnet18,44,agresivo,original,sdnet_W,2,0.4435672616958618,0.8324873096446701,0.835
resnet18,44,agresivo,original,sdnet_W,3,0.420253780909947,0.829443447037702,0.8416666666666667
resnet18,44,agresivo,original,sdnet_W,4,0.3910817338739122,0.8424543946932007,0.8416666666666667
resnet18,44,agresivo,original,sdnet_W,5,0.3848300506387438,0.8480565371024735,0.8566666666666667
resnet18,44,agresivo,original,sdnet_W,6,0.3628329542704991,0.8456375838926175,0.8466666666666667
resnet18,44,agresivo,original,sdnet_W,7,0.3685718306473323,0.8540925266903915,0.8633333333333333
resnet18,44,agresivo,original,sdnet_W,8,0.3533484521933964,0.8605442176870748,0.8633333333333333
resnet18,44,agresivo,original,sdnet_W,9,0.3459053902966635,0.8469055374592834,0.8433333333333334
resnet18,44,agresivo,original,sdnet_W,10,0.3448771934849875,0.8448844884488449,0.8433333333333334
resnet18,44,agresivo,original,sdnet_W,11,0.3472071519919804,0.8590604026845637,0.86
resnet18,44,agresivo,original,metu,0,0.307167523929051,0.985172981878089,0.985
resnet18,44,agresivo,original,metu,1,0.0364711368456482,0.9786535303776684,0.9783333333333334
resnet18,44,agresivo,original,metu,2,0.0112338012044451,0.9917081260364844,0.9916666666666668
resnet18,44,agresivo,original,metu,3,0.0123629252825464,0.9966777408637874,0.9966666666666668
resnet18,44,agresivo,original,metu,4,0.0080217473820916,0.9966666666666668,0.9966666666666668
resnet18,44,agresivo,original,metu,5,0.0053419489080884,1.0,1.0
resnet18,44,agresivo,original,metu,6,0.006249723644661,0.998330550918197,0.9983333333333332
resnet18,44,agresivo,original,metu,7,0.0056635435986598,0.9983361064891848,0.9983333333333332
resnet18,44,agresivo,original,metu,8,0.0037756307206914,0.9983361064891848,0.9983333333333332
efficientnet_b0,42,agresivo,original,sdnet_D,0,1.705100975036621,0.6251993620414673,0.6083333333333333
efficientnet_b0,42,agresivo,original,sdnet_D,1,1.0790043585641045,0.649746192893401,0.655
efficientnet_b0,42,agresivo,original,sdnet_D,2,0.7666576157297407,0.6455696202531646,0.6266666666666667
efficientnet_b0,42,agresivo,original,sdnet_D,3,0.5530207283156259,0.6366559485530546,0.6233333333333333
efficientnet_b0,42,agresivo,original,sdnet_D,4,0.5055144110747746,0.582995951417004,0.6566666666666666
efficientnet_b0,42,agresivo,original,sdnet_P,0,1.811301234109061,0.6726190476190477,0.6333333333333333
efficientnet_b0,42,agresivo,original,sdnet_P,1,0.9869673909459796,0.7,0.66
efficientnet_b0,42,agresivo,original,sdnet_P,2,0.7785309757505144,0.745814307458143,0.7216666666666667
efficientnet_b0,42,agresivo,original,sdnet_P,3,0.6678902471065521,0.7270029673590505,0.6933333333333334
efficientnet_b0,42,agresivo,original,sdnet_P,4,0.4583845715863364,0.7609618104667609,0.7183333333333334
efficientnet_b0,42,agresivo,original,sdnet_P,5,0.378901110121182,0.7941176470588235,0.7666666666666667
efficientnet_b0,42,agresivo,original,sdnet_P,6,0.3431583631038666,0.8018433179723502,0.785
efficientnet_b0,42,agresivo,original,sdnet_P,7,0.3112444164071764,0.8043478260869565,0.79
efficientnet_b0,42,agresivo,original,sdnet_P,8,0.2983568793535232,0.8129032258064516,0.8066666666666666
efficientnet_b0,42,agresivo,original,sdnet_P,9,0.2915297444377627,0.8115015974440895,0.8033333333333333
efficientnet_b0,42,agresivo,original,sdnet_P,10,0.2783661219903401,0.815625,0.8033333333333333
efficientnet_b0,42,agresivo,original,sdnet_P,11,0.2657470318249293,0.8107255520504731,0.8
efficientnet_b0,42,agresivo,original,sdnet_W,0,1.668703487260001,0.6094570928196147,0.6283333333333333
efficientnet_b0,42,agresivo,original,sdnet_W,1,1.0350240755081177,0.641399416909621,0.59
efficientnet_b0,42,agresivo,original,sdnet_W,2,0.7411450551237379,0.6189624329159212,0.645
efficientnet_b0,42,agresivo,original,sdnet_W,3,0.537462010724204,0.6438356164383562,0.6533333333333333
efficientnet_b0,42,agresivo,original,sdnet_W,4,0.472351758139474,0.6069246435845214,0.6783333333333333
efficientnet_b0,42,agresivo,original,sdnet_W,5,0.4202493878773281,0.5648535564853556,0.6533333333333333
efficientnet_b0,42,agresivo,original,sdnet_W,6,0.3783969295024871,0.5867768595041323,0.6666666666666666
efficientnet_b0,42,agresivo,original,metu,0,0.3151771965143936,0.818830242510699,0.7883333333333333
efficientnet_b0,42,agresivo,original,metu,1,0.0415516348396028,0.928,0.925
efficientnet_b0,42,agresivo,original,metu,2,0.0443720910804612,0.9274447949526814,0.9233333333333332
efficientnet_b0,42,agresivo,original,metu,3,0.0356821577051388,0.957841483979764,0.9583333333333334
efficientnet_b0,42,agresivo,original,metu,4,0.0124545472008789,0.9562289562289562,0.9566666666666668
efficientnet_b0,42,agresivo,original,metu,5,0.0301954223002707,0.9536423841059604,0.9533333333333334
efficientnet_b0,42,agresivo,original,metu,6,0.0026035870824541,0.9528619528619529,0.9533333333333334
efficientnet_b0,43,agresivo,original,sdnet_D,0,1.79251576764243,0.6413612565445026,0.5433333333333333
efficientnet_b0,43,agresivo,original,sdnet_D,1,1.0334249360220773,0.4814814814814814,0.5333333333333333
efficientnet_b0,43,agresivo,original,sdnet_D,2,0.7422235546793257,0.5536723163841808,0.605
efficientnet_b0,43,agresivo,original,sdnet_D,3,0.5382008348192487,0.5345794392523364,0.585
efficientnet_b0,43,agresivo,original,sdnet_P,0,1.748738431930542,0.7118155619596542,0.6666666666666666
efficientnet_b0,43,agresivo,original,sdnet_P,1,1.0286857754843577,0.7074235807860262,0.665
efficientnet_b0,43,agresivo,original,sdnet_P,2,0.7728702173914228,0.748829953198128,0.7316666666666667
efficientnet_b0,43,agresivo,original,sdnet_P,3,0.6293933282579695,0.7583212735166426,0.7216666666666667
efficientnet_b0,43,agresivo,original,sdnet_P,4,0.4129778134822846,0.7973640856672158,0.795
efficientnet_b0,43,agresivo,original,sdnet_P,5,0.3926954443114144,0.8180242634315424,0.825
efficientnet_b0,43,agresivo,original,sdnet_P,6,0.3254182067087718,0.7887323943661971,0.8
efficientnet_b0,43,agresivo,original,sdnet_P,7,0.3121146990571703,0.8006644518272426,0.8
efficientnet_b0,43,agresivo,original,sdnet_P,8,0.3112145391532353,0.8112582781456954,0.81
efficientnet_b0,43,agresivo,original,sdnet_W,0,1.6671306337629046,0.6029654036243822,0.5983333333333334
efficientnet_b0,43,agresivo,original,sdnet_W,1,1.0169842106955391,0.5822306238185255,0.6316666666666667
efficientnet_b0,43,agresivo,original,sdnet_W,2,0.7424417458261763,0.5677655677655677,0.6066666666666667
efficientnet_b0,43,agresivo,original,sdnet_W,3,0.5252360555103847,0.629570747217806,0.6116666666666667
efficientnet_b0,43,agresivo,original,sdnet_W,4,0.4158186251776559,0.6106870229007634,0.575
efficientnet_b0,43,agresivo,original,sdnet_W,5,0.4169259032181331,0.626465661641541,0.6283333333333333
efficientnet_b0,43,agresivo,original,sdnet_W,6,0.3893767191682543,0.5891472868217055,0.6466666666666666
efficientnet_b0,43,agresivo,original,metu,0,0.322845852800778,0.7971631205673759,0.7616666666666667
efficientnet_b0,43,agresivo,original,metu,1,0.0396510029690632,0.8896210873146623,0.8883333333333333
efficientnet_b0,43,agresivo,original,metu,2,0.0320761821498828,0.8924050632911392,0.8866666666666667
efficientnet_b0,43,agresivo,original,metu,3,0.0259426940312343,0.900990099009901,0.9
efficientnet_b0,43,agresivo,original,metu,4,0.0291761099866458,0.88,0.88
efficientnet_b0,43,agresivo,original,metu,5,0.0133046676058854,0.910321489001692,0.9116666666666666
efficientnet_b0,43,agresivo,original,metu,6,0.0029032484122672,0.9233390119250426,0.925
efficientnet_b0,43,agresivo,original,metu,7,0.0064743861556056,0.915824915824916,0.9166666666666666
efficientnet_b0,43,agresivo,original,metu,8,0.0033573687489011,0.9069373942470388,0.9083333333333332
efficientnet_b0,43,agresivo,original,metu,9,0.0049598434567451,0.9209621993127148,0.9233333333333332
efficientnet_b0,44,agresivo,original,sdnet_D,0,1.7460074629102431,0.276056338028169,0.5716666666666667
efficientnet_b0,44,agresivo,original,sdnet_D,1,1.1587443685531615,0.2514285714285714,0.5633333333333334
efficientnet_b0,44,agresivo,original,sdnet_D,2,0.7845312929153443,0.5070422535211268,0.65
efficientnet_b0,44,agresivo,original,sdnet_D,3,0.6410441476958139,0.4766584766584766,0.645
efficientnet_b0,44,agresivo,original,sdnet_D,4,0.5134547752993447,0.3697916666666667,0.5966666666666667
efficientnet_b0,44,agresivo,original,sdnet_D,5,0.4847701144218445,0.4615384615384615,0.6383333333333333
efficientnet_b0,44,agresivo,original,sdnet_P,0,1.6880589069638934,0.7486238532110092,0.7716666666666666
efficientnet_b0,44,agresivo,original,sdnet_P,1,1.0935687460218158,0.7732463295269169,0.7683333333333333
efficientnet_b0,44,agresivo,original,sdnet_P,2,0.8396984348978315,0.8012820512820513,0.7933333333333333
efficientnet_b0,44,agresivo,original,sdnet_P,3,0.654448071888515,0.7659574468085106,0.7983333333333333
efficientnet_b0,44,agresivo,original,sdnet_P,4,0.464046277488981,0.8465608465608465,0.855
efficientnet_b0,44,agresivo,original,sdnet_P,5,0.3943896227223532,0.8378378378378378,0.84
efficientnet_b0,44,agresivo,original,sdnet_P,6,0.3702715720449175,0.8422939068100358,0.8533333333333334
efficientnet_b0,44,agresivo,original,sdnet_P,7,0.3415938559600285,0.8439716312056738,0.8533333333333334
efficientnet_b0,44,agresivo,original,sdnet_W,0,1.8235092238017487,0.4261501210653753,0.605
efficientnet_b0,44,agresivo,original,sdnet_W,1,1.0904079621178764,0.5306930693069307,0.605
efficientnet_b0,44,agresivo,original,sdnet_W,2,0.7225218837601798,0.4831932773109244,0.59
efficientnet_b0,44,agresivo,original,sdnet_W,3,0.5557308086327144,0.5283757338551859,0.5983333333333334
efficientnet_b0,44,agresivo,original,sdnet_W,4,0.4437360715866089,0.5642023346303502,0.6266666666666667
efficientnet_b0,44,agresivo,original,sdnet_W,5,0.3989905304568154,0.5858585858585859,0.6583333333333333
efficientnet_b0,44,agresivo,original,sdnet_W,6,0.382929789338793,0.588469184890656,0.655
efficientnet_b0,44,agresivo,original,sdnet_W,7,0.3849457463196346,0.5543710021321961,0.6516666666666666
efficientnet_b0,44,agresivo,original,sdnet_W,8,0.3744813525676727,0.5515789473684211,0.645
efficientnet_b0,44,agresivo,original,sdnet_W,9,0.3549560248851776,0.6122448979591837,0.6833333333333333
efficientnet_b0,44,agresivo,original,sdnet_W,10,0.3496657204627991,0.594059405940594,0.6583333333333333
efficientnet_b0,44,agresivo,original,sdnet_W,11,0.3658151607854025,0.5778688524590164,0.6566666666666666
efficientnet_b0,44,agresivo,original,metu,0,0.3002924772245543,0.8711656441717791,0.86
efficientnet_b0,44,agresivo,original,metu,1,0.1094456763352653,0.9501661129568106,0.95
efficientnet_b0,44,agresivo,original,metu,2,0.0521522296752248,0.9590443686006824,0.96
efficientnet_b0,44,agresivo,original,metu,3,0.0118152094313076,0.964467005076142,0.965
efficientnet_b0,44,agresivo,original,metu,4,0.0165192781175885,0.9718076285240465,0.9716666666666668
efficientnet_b0,44,agresivo,original,metu,5,0.0279827695659222,0.9712351945854484,0.9716666666666668
efficientnet_b0,44,agresivo,original,metu,6,0.0114656263164111,0.9714285714285714,0.9716666666666668
efficientnet_b0,44,agresivo,original,metu,7,0.0109937213574137,0.9679595278246206,0.9683333333333334
mobilenetv3_small_100,42,agresivo,original,sdnet_D,0,2.758053057534354,0.5458715596330275,0.67
mobilenetv3_small_100,42,agresivo,original,sdnet_D,1,0.8617860804285322,0.6891651865008881,0.7083333333333334
mobilenetv3_small_100,42,agresivo,original,sdnet_D,2,0.6541925161225455,0.6745098039215687,0.7233333333333334
mobilenetv3_small_100,42,agresivo,original,sdnet_D,3,0.5831224598203386,0.6228070175438597,0.7133333333333334
mobilenetv3_small_100,42,agresivo,original,sdnet_D,4,0.58339471919196,0.7159533073929961,0.7566666666666667
mobilenetv3_small_100,42,agresivo,original,sdnet_D,5,0.5875224961553301,0.703971119133574,0.7266666666666667
mobilenetv3_small_100,42,agresivo,original,sdnet_D,6,0.5937993591172355,0.7675675675675676,0.785
mobilenetv3_small_100,42,agresivo,original,sdnet_D,7,0.5021225563117436,0.7526881720430108,0.77
mobilenetv3_small_100,42,agresivo,original,sdnet_D,8,0.4799703533308846,0.75,0.7833333333333333
mobilenetv3_small_100,42,agresivo,original,sdnet_D,9,0.4717304628235953,0.7641196013289037,0.7633333333333333
mobilenetv3_small_100,42,agresivo,original,sdnet_P,0,2.139415226663862,0.7133105802047781,0.72
mobilenetv3_small_100,42,agresivo,original,sdnet_P,1,0.7394129719052996,0.7296587926509186,0.6566666666666666
mobilenetv3_small_100,42,agresivo,original,sdnet_P,2,0.5993446288790022,0.8080133555926544,0.8083333333333333
mobilenetv3_small_100,42,agresivo,original,sdnet_P,3,0.5290207585266659,0.8355263157894737,0.8333333333333334
mobilenetv3_small_100,42,agresivo,original,sdnet_P,4,0.4728841820784977,0.8280060882800608,0.8116666666666666
mobilenetv3_small_100,42,agresivo,original,sdnet_P,5,0.4577625063487461,0.8017118402282454,0.7683333333333333
mobilenetv3_small_100,42,agresivo,original,sdnet_P,6,0.4448332095146179,0.8390243902439024,0.835
mobilenetv3_small_100,42,agresivo,original,sdnet_P,7,0.3985156949928828,0.8052325581395349,0.7766666666666666
mobilenetv3_small_100,42,agresivo,original,sdnet_P,8,0.3797548840727124,0.8273716951788491,0.815
mobilenetv3_small_100,42,agresivo,original,sdnet_P,9,0.3703932247843061,0.8199121522693997,0.795
mobilenetv3_small_100,42,agresivo,original,sdnet_W,0,2.0633090894562858,0.5139186295503212,0.6216666666666667
mobilenetv3_small_100,42,agresivo,original,sdnet_W,1,0.8559326420511518,0.7424749163879598,0.7433333333333333
mobilenetv3_small_100,42,agresivo,original,sdnet_W,2,0.665550012929099,0.7432950191570882,0.7766666666666666
mobilenetv3_small_100,42,agresivo,original,sdnet_W,3,0.5453745234012604,0.7269230769230769,0.7633333333333333
mobilenetv3_small_100,42,agresivo,original,sdnet_W,4,0.5221798506804874,0.7896440129449838,0.7833333333333333
mobilenetv3_small_100,42,agresivo,original,sdnet_W,5,0.5543315298216683,0.7567567567567568,0.79
mobilenetv3_small_100,42,agresivo,original,sdnet_W,6,0.5019282477242606,0.6840958605664488,0.7583333333333333
mobilenetv3_small_100,42,agresivo,original,sdnet_W,7,0.4506821424620492,0.7992957746478874,0.81
mobilenetv3_small_100,42,agresivo,original,sdnet_W,8,0.453205943448203,0.7978142076502732,0.815
mobilenetv3_small_100,42,agresivo,original,sdnet_W,9,0.4219845633847373,0.8013937282229965,0.81
mobilenetv3_small_100,42,agresivo,original,sdnet_W,10,0.4194799724646977,0.7950089126559715,0.8083333333333333
mobilenetv3_small_100,42,agresivo,original,sdnet_W,11,0.4146575188636779,0.8110918544194108,0.8183333333333334
mobilenetv3_small_100,42,agresivo,original,metu,0,0.929075857911708,0.9834983498349836,0.9833333333333332
mobilenetv3_small_100,42,agresivo,original,metu,1,0.1384835717082023,0.9917081260364844,0.9916666666666668
mobilenetv3_small_100,42,agresivo,original,metu,2,0.0271856922762734,0.9933774834437086,0.9933333333333332
mobilenetv3_small_100,42,agresivo,original,metu,3,0.0281786916510567,0.9966777408637874,0.9966666666666668
mobilenetv3_small_100,42,agresivo,original,metu,4,0.0124550692098455,0.9966666666666668,0.9966666666666668
mobilenetv3_small_100,42,agresivo,original,metu,5,0.0247237224664006,0.9966777408637874,0.9966666666666668
mobilenetv3_small_100,42,agresivo,original,metu,6,0.0223025347931044,0.9983361064891848,0.9983333333333332
mobilenetv3_small_100,42,agresivo,original,metu,7,0.0132651405675122,0.9983361064891848,0.9983333333333332
mobilenetv3_small_100,42,agresivo,original,metu,8,0.009215583545821,0.9983361064891848,0.9983333333333332
mobilenetv3_small_100,42,agresivo,original,metu,9,0.0029178339881556,0.9983361064891848,0.9983333333333332
mobilenetv3_small_100,43,agresivo,original,sdnet_D,0,2.676854542664119,0.7048611111111112,0.7166666666666667
mobilenetv3_small_100,43,agresivo,original,sdnet_D,1,0.9365900433063508,0.7245053272450532,0.6983333333333334
mobilenetv3_small_100,43,agresivo,original,sdnet_D,2,0.6904840423379626,0.5941043083900227,0.7016666666666667
mobilenetv3_small_100,43,agresivo,original,sdnet_D,3,0.6898763082708631,0.6708333333333333,0.7366666666666667
mobilenetv3_small_100,43,agresivo,original,sdnet_D,4,0.6500464143071856,0.742296918767507,0.6933333333333334
mobilenetv3_small_100,43,agresivo,original,sdnet_D,5,0.5463144421577454,0.7458256029684601,0.7716666666666666
mobilenetv3_small_100,43,agresivo,original,sdnet_D,6,0.5144689622947148,0.7284991568296796,0.7316666666666667
mobilenetv3_small_100,43,agresivo,original,sdnet_D,7,0.5002865704468319,0.732824427480916,0.7666666666666667
mobilenetv3_small_100,43,agresivo,original,sdnet_D,8,0.4916669430051531,0.7446808510638298,0.76
mobilenetv3_small_100,43,agresivo,original,sdnet_P,0,2.552262058258057,0.6811428571428572,0.535
mobilenetv3_small_100,43,agresivo,original,sdnet_P,1,0.896906315939767,0.8048048048048048,0.7833333333333333
mobilenetv3_small_100,43,agresivo,original,sdnet_P,2,0.5556907682759421,0.8267477203647416,0.81
mobilenetv3_small_100,43,agresivo,original,sdnet_P,3,0.5401160623346056,0.7839721254355401,0.7933333333333333
mobilenetv3_small_100,43,agresivo,original,sdnet_P,4,0.5332002261706761,0.7490445859872611,0.6716666666666666
mobilenetv3_small_100,43,agresivo,original,sdnet_P,5,0.4646941477911813,0.8534621578099839,0.8483333333333334
mobilenetv3_small_100,43,agresivo,original,sdnet_P,6,0.4141450709956032,0.8629283489096573,0.8533333333333334
mobilenetv3_small_100,43,agresivo,original,sdnet_P,7,0.3858746564388275,0.8841059602649006,0.8833333333333333
mobilenetv3_small_100,43,agresivo,original,sdnet_P,8,0.3684708344936371,0.8620689655172413,0.8533333333333334
mobilenetv3_small_100,43,agresivo,original,sdnet_P,9,0.3650876367092132,0.8589951377633711,0.855
mobilenetv3_small_100,43,agresivo,original,sdnet_P,10,0.3501822117396763,0.8860353130016051,0.8816666666666667
mobilenetv3_small_100,43,agresivo,original,sdnet_P,11,0.3607018954413278,0.8802588996763754,0.8766666666666667
mobilenetv3_small_100,43,agresivo,original,sdnet_W,0,2.94827637059348,0.6219512195121951,0.5866666666666667
mobilenetv3_small_100,43,agresivo,original,sdnet_W,1,0.91160343510764,0.6167023554603854,0.7016666666666667
mobilenetv3_small_100,43,agresivo,original,sdnet_W,2,0.6257585329668862,0.5960264900662252,0.695
mobilenetv3_small_100,43,agresivo,original,sdnet_W,3,0.6032505932876042,0.6652267818574514,0.7416666666666667
mobilenetv3_small_100,43,agresivo,original,sdnet_W,4,0.5650500791413443,0.6864406779661016,0.7533333333333333
mobilenetv3_small_100,43,agresivo,original,sdnet_W,5,0.5558835438319615,0.7533980582524272,0.7883333333333333
mobilenetv3_small_100,43,agresivo,original,sdnet_W,6,0.4738477487223489,0.7986348122866894,0.8033333333333333
mobilenetv3_small_100,43,agresivo,original,sdnet_W,7,0.4599447735718318,0.7910447761194029,0.8133333333333334
mobilenetv3_small_100,43,agresivo,original,sdnet_W,8,0.450560119833265,0.7905282331511839,0.8083333333333333
mobilenetv3_small_100,43,agresivo,original,sdnet_W,9,0.4206287838731493,0.7977736549165121,0.8183333333333334
mobilenetv3_small_100,43,agresivo,original,metu,0,1.185215294105666,0.9834983498349836,0.9833333333333332
mobilenetv3_small_100,43,agresivo,original,metu,1,0.1302368985967976,0.9174311926605504,0.91
mobilenetv3_small_100,43,agresivo,original,metu,2,0.0535468880193574,0.9966666666666668,0.9966666666666668
mobilenetv3_small_100,43,agresivo,original,metu,3,0.0203132820126068,0.984822934232715,0.985
mobilenetv3_small_100,43,agresivo,original,metu,4,0.0255536058119365,0.994991652754591,0.995
mobilenetv3_small_100,43,agresivo,original,metu,5,0.0236184363705771,0.9933554817275748,0.9933333333333332
mobilenetv3_small_100,44,agresivo,original,sdnet_D,0,2.407834884098598,0.4976076555023923,0.65
mobilenetv3_small_100,44,agresivo,original,sdnet_D,1,0.8374253603390285,0.7171561051004637,0.695
mobilenetv3_small_100,44,agresivo,original,sdnet_D,2,0.643828878062112,0.712280701754386,0.7266666666666667
mobilenetv3_small_100,44,agresivo,original,sdnet_D,3,0.6337294977051872,0.6832298136645962,0.745
mobilenetv3_small_100,44,agresivo,original,sdnet_D,4,0.588798109463283,0.6505494505494506,0.735
mobilenetv3_small_100,44,agresivo,original,sdnet_P,0,2.7543893664223806,0.7547169811320755,0.7183333333333334
mobilenetv3_small_100,44,agresivo,original,sdnet_P,1,0.8168868402072361,0.7241379310344828,0.76
mobilenetv3_small_100,44,agresivo,original,sdnet_P,2,0.8135490771702357,0.7904191616766467,0.7666666666666667
mobilenetv3_small_100,44,agresivo,original,sdnet_P,3,0.584572297845568,0.7489878542510121,0.7933333333333333
mobilenetv3_small_100,44,agresivo,original,sdnet_P,4,0.4638674066747938,0.847571189279732,0.8483333333333334
mobilenetv3_small_100,44,agresivo,original,sdnet_P,5,0.424442332131522,0.8492201039861352,0.855
mobilenetv3_small_100,44,agresivo,original,sdnet_P,6,0.4139018094539642,0.8427876823338736,0.8383333333333334
mobilenetv3_small_100,44,agresivo,original,sdnet_P,7,0.4173585406371525,0.8624787775891342,0.865
mobilenetv3_small_100,44,agresivo,original,sdnet_P,8,0.3761223890100206,0.8676716917922948,0.8683333333333333
mobilenetv3_small_100,44,agresivo,original,sdnet_P,9,0.3785056747709002,0.8575899843505478,0.8483333333333334
mobilenetv3_small_100,44,agresivo,original,sdnet_P,10,0.3676741828237261,0.8594771241830066,0.8566666666666667
mobilenetv3_small_100,44,agresivo,original,sdnet_P,11,0.3546831731285367,0.8533772652388797,0.8516666666666667
mobilenetv3_small_100,44,agresivo,original,sdnet_W,0,2.2096443605422973,0.4471744471744471,0.625
mobilenetv3_small_100,44,agresivo,original,sdnet_W,1,0.8399197077751159,0.5227817745803357,0.6683333333333333
mobilenetv3_small_100,44,agresivo,original,sdnet_W,2,0.6418995247568403,0.6353467561521253,0.7283333333333334
mobilenetv3_small_100,44,agresivo,original,sdnet_W,3,0.6542213552338736,0.6337078651685393,0.7283333333333334
mobilenetv3_small_100,44,agresivo,original,sdnet_W,4,0.5948239343506949,0.7634408602150538,0.78
mobilenetv3_small_100,44,agresivo,original,sdnet_W,5,0.5159351781436375,0.6978723404255319,0.7633333333333333
mobilenetv3_small_100,44,agresivo,original,sdnet_W,6,0.4822744240079607,0.7808896210873146,0.7783333333333333
mobilenetv3_small_100,44,agresivo,original,sdnet_W,7,0.477493234021323,0.802158273381295,0.8166666666666667
mobilenetv3_small_100,44,agresivo,original,sdnet_W,8,0.443624552488327,0.7584830339321357,0.7983333333333333
mobilenetv3_small_100,44,agresivo,original,sdnet_W,9,0.4520066050120762,0.7942122186495176,0.7866666666666666
mobilenetv3_small_100,44,agresivo,original,sdnet_W,10,0.4329349262373788,0.8092691622103387,0.8216666666666667
mobilenetv3_small_100,44,agresivo,original,sdnet_W,11,0.4303770048277718,0.8099467140319716,0.8216666666666667
mobilenetv3_small_100,44,agresivo,original,metu,0,1.084973559166704,0.9818181818181818,0.9816666666666668
mobilenetv3_small_100,44,agresivo,original,metu,1,0.1270770533595765,0.9917355371900828,0.9916666666666668
mobilenetv3_small_100,44,agresivo,original,metu,2,0.0605893092496055,0.9915966386554622,0.9916666666666668
mobilenetv3_small_100,44,agresivo,original,metu,3,0.0285021267618452,0.99009900990099,0.99
mobilenetv3_small_100,44,agresivo,original,metu,4,0.0442324256045477,0.986842105263158,0.9866666666666668
vit_tiny_patch16_224,42,agresivo,original,sdnet_D,0,0.6945178631373814,0.7479406919275123,0.745
vit_tiny_patch16_224,42,agresivo,original,sdnet_D,1,0.5534218445846013,0.7413010590015129,0.715
vit_tiny_patch16_224,42,agresivo,original,sdnet_D,2,0.5387206244468689,0.7414104882459313,0.7616666666666667
vit_tiny_patch16_224,42,agresivo,original,sdnet_D,3,0.5189783569744655,0.7208121827411168,0.6333333333333333
vit_tiny_patch16_224,42,agresivo,original,sdnet_P,0,0.7251780821595873,0.7975646879756468,0.7783333333333333
vit_tiny_patch16_224,42,agresivo,original,sdnet_P,1,0.5274557251589639,0.8204283360790774,0.8183333333333334
vit_tiny_patch16_224,42,agresivo,original,sdnet_P,2,0.4899365646498544,0.8243478260869566,0.8316666666666667
vit_tiny_patch16_224,42,agresivo,original,sdnet_P,3,0.4654337668418884,0.8394276629570747,0.8316666666666667
vit_tiny_patch16_224,42,agresivo,original,sdnet_P,4,0.4360218831471034,0.8419452887537994,0.8266666666666667
vit_tiny_patch16_224,42,agresivo,original,sdnet_P,5,0.4128337829453604,0.8593996840442338,0.8516666666666667
vit_tiny_patch16_224,42,agresivo,original,sdnet_P,6,0.4023629936150142,0.8754098360655738,0.8733333333333333
vit_tiny_patch16_224,42,agresivo,original,sdnet_P,7,0.3674702673298972,0.8581081081081081,0.86
vit_tiny_patch16_224,42,agresivo,original,sdnet_P,8,0.3623574817180633,0.8913738019169329,0.8866666666666667
vit_tiny_patch16_224,42,agresivo,original,sdnet_P,9,0.3334759403978075,0.8968903436988543,0.895
vit_tiny_patch16_224,42,agresivo,original,sdnet_P,10,0.3201367918934141,0.9042904290429042,0.9033333333333332
vit_tiny_patch16_224,42,agresivo,original,sdnet_P,11,0.3042704464708056,0.8985507246376812,0.895
vit_tiny_patch16_224,42,agresivo,original,sdnet_W,0,0.7615260590825762,0.5707547169811321,0.6966666666666667
vit_tiny_patch16_224,42,agresivo,original,sdnet_W,1,0.5863614821434021,0.6830265848670757,0.7416666666666667
vit_tiny_patch16_224,42,agresivo,original,sdnet_W,2,0.5286420680795397,0.7734806629834254,0.795
vit_tiny_patch16_224,42,agresivo,original,sdnet_W,3,0.5249412703514099,0.7238805970149254,0.7533333333333333
vit_tiny_patch16_224,42,agresivo,original,sdnet_W,4,0.4965847321919032,0.8167701863354038,0.8033333333333333
vit_tiny_patch16_224,42,agresivo,original,sdnet_W,5,0.4657140806743077,0.7808471454880295,0.8016666666666666
vit_tiny_patch16_224,42,agresivo,original,sdnet_W,6,0.4480849652630942,0.8199643493761141,0.8316666666666667
vit_tiny_patch16_224,42,agresivo,original,sdnet_W,7,0.416368876184736,0.8446771378708552,0.8516666666666667
vit_tiny_patch16_224,42,agresivo,original,sdnet_W,8,0.3890126385007585,0.8368794326241135,0.8466666666666667
vit_tiny_patch16_224,42,agresivo,original,sdnet_W,9,0.3711111291817256,0.8526315789473684,0.86
vit_tiny_patch16_224,42,agresivo,original,sdnet_W,10,0.377510712657656,0.8521739130434782,0.8583333333333333
vit_tiny_patch16_224,42,agresivo,original,sdnet_W,11,0.3599853484971183,0.8551483420593369,0.8616666666666667
vit_tiny_patch16_224,42,agresivo,original,metu,0,0.2760880904485072,0.9966555183946488,0.9966666666666668
vit_tiny_patch16_224,42,agresivo,original,metu,1,0.0141324154394013,1.0,1.0
vit_tiny_patch16_224,42,agresivo,original,metu,2,0.0301354160452527,1.0,1.0
vit_tiny_patch16_224,42,agresivo,original,metu,3,0.0131819705877985,0.9966777408637874,0.9966666666666668
vit_tiny_patch16_224,42,agresivo,original,metu,4,0.0145871153074715,0.9966777408637874,0.9966666666666668
vit_tiny_patch16_224,43,agresivo,original,sdnet_D,0,0.9329007070405144,0.6681514476614699,0.5033333333333333
vit_tiny_patch16_224,43,agresivo,original,sdnet_D,1,0.6733414135660444,0.6734234234234234,0.5166666666666667
vit_tiny_patch16_224,43,agresivo,original,sdnet_D,2,0.6452036615780422,0.3140495867768595,0.585
vit_tiny_patch16_224,43,agresivo,original,sdnet_D,3,0.6283305590493339,0.7162629757785467,0.7266666666666667
vit_tiny_patch16_224,43,agresivo,original,sdnet_D,4,0.5550530563082013,0.734955185659411,0.655
vit_tiny_patch16_224,43,agresivo,original,sdnet_D,5,0.5236236524581909,0.7419354838709677,0.7333333333333333
vit_tiny_patch16_224,43,agresivo,original,sdnet_D,6,0.5149493314538683,0.7530647985989493,0.765
vit_tiny_patch16_224,43,agresivo,original,sdnet_D,7,0.4948570757252829,0.7626582278481012,0.75
vit_tiny_patch16_224,43,agresivo,original,sdnet_D,8,0.4722905991758619,0.7734627831715211,0.7666666666666667
vit_tiny_patch16_224,43,agresivo,original,sdnet_D,9,0.4505858841964176,0.7886323268206039,0.8016666666666666
vit_tiny_patch16_224,43,agresivo,original,sdnet_D,10,0.4487481875079018,0.7868284228769498,0.795
vit_tiny_patch16_224,43,agresivo,original,sdnet_D,11,0.4311199676990509,0.7908611599297012,0.8016666666666666
vit_tiny_patch16_224,43,agresivo,original,sdnet_P,0,0.7570028482164656,0.8244047619047619,0.8033333333333333
vit_tiny_patch16_224,43,agresivo,original,sdnet_P,1,0.4627649397509438,0.8501742160278746,0.8566666666666667
vit_tiny_patch16_224,43,agresivo,original,sdnet_P,2,0.4391492160729,0.8164794007490637,0.8366666666666667
vit_tiny_patch16_224,43,agresivo,original,sdnet_P,3,0.4348812581811632,0.8478260869565217,0.86
vit_tiny_patch16_224,43,agresivo,original,sdnet_P,4,0.4213146456650325,0.883248730964467,0.885
vit_tiny_patch16_224,43,agresivo,original,sdnet_P,5,0.3823939747469765,0.8833333333333333,0.8833333333333333
vit_tiny_patch16_224,43,agresivo,original,sdnet_P,6,0.3796463114874703,0.8779714738510301,0.8716666666666667
vit_tiny_patch16_224,43,agresivo,original,sdnet_P,7,0.3422059345245361,0.8867313915857605,0.8833333333333333
vit_tiny_patch16_224,43,agresivo,original,sdnet_P,8,0.3255254825523921,0.8939130434782608,0.8983333333333333
vit_tiny_patch16_224,43,agresivo,original,sdnet_P,9,0.3000276919773647,0.8948247078464107,0.895
vit_tiny_patch16_224,43,agresivo,original,sdnet_P,10,0.2828199603727885,0.8960817717206133,0.8983333333333333
vit_tiny_patch16_224,43,agresivo,original,sdnet_P,11,0.2731088602542877,0.8946459412780656,0.8983333333333333
vit_tiny_patch16_224,43,agresivo,original,sdnet_W,0,0.8887227954183305,0.6906906906906907,0.6566666666666666
vit_tiny_patch16_224,43,agresivo,original,sdnet_W,1,0.6050901600292751,0.6918032786885245,0.6866666666666666
vit_tiny_patch16_224,43,agresivo,original,sdnet_W,2,0.5490532125745501,0.7755775577557755,0.7733333333333333
vit_tiny_patch16_224,43,agresivo,original,sdnet_W,3,0.5074761821542467,0.7633587786259542,0.7933333333333333
vit_tiny_patch16_224,43,agresivo,original,sdnet_W,4,0.4800295635632106,0.7779390420899854,0.745
vit_tiny_patch16_224,43,agresivo,original,sdnet_W,5,0.4594050191129957,0.8287112561174551,0.825
vit_tiny_patch16_224,43,agresivo,original,sdnet_W,6,0.4329531989778791,0.8256578947368421,0.8233333333333334
vit_tiny_patch16_224,43,agresivo,original,sdnet_W,7,0.4098290313993181,0.8410596026490066,0.84
vit_tiny_patch16_224,43,agresivo,original,sdnet_W,8,0.3882563633578164,0.859504132231405,0.8583333333333333
vit_tiny_patch16_224,43,agresivo,original,sdnet_W,9,0.3736018993173327,0.8648648648648649,0.8666666666666667
vit_tiny_patch16_224,43,agresivo,original,sdnet_W,10,0.3604071882792881,0.8739205526770294,0.8783333333333333
vit_tiny_patch16_224,43,agresivo,original,sdnet_W,11,0.3509171160629817,0.8679245283018868,0.8716666666666667
vit_tiny_patch16_224,43,agresivo,original,metu,0,0.3482567504474095,0.9884678747940692,0.9883333333333332
vit_tiny_patch16_224,43,agresivo,original,metu,1,0.0222476638228233,0.9787928221859706,0.9783333333333334
vit_tiny_patch16_224,43,agresivo,original,metu,2,0.0110104648133606,0.9966777408637874,0.9966666666666668
vit_tiny_patch16_224,43,agresivo,original,metu,3,0.0265956384342695,0.9983361064891848,0.9983333333333332
vit_tiny_patch16_224,43,agresivo,original,metu,4,0.0077187423620905,1.0,1.0
vit_tiny_patch16_224,43,agresivo,original,metu,5,0.0084037721157073,0.9983361064891848,0.9983333333333332
vit_tiny_patch16_224,43,agresivo,original,metu,6,0.0068089950084686,0.9983361064891848,0.9983333333333332
vit_tiny_patch16_224,43,agresivo,original,metu,7,0.0085946545432255,0.9983361064891848,0.9983333333333332
vit_tiny_patch16_224,44,agresivo,original,sdnet_D,0,0.7990730622836522,0.7019667170953101,0.6716666666666666
vit_tiny_patch16_224,44,agresivo,original,sdnet_D,1,0.5810919003827232,0.76,0.78
vit_tiny_patch16_224,44,agresivo,original,sdnet_D,2,0.5463026632581438,0.7605177993527508,0.7533333333333333
vit_tiny_patch16_224,44,agresivo,original,sdnet_D,3,0.5074160422597612,0.7561436672967864,0.785
vit_tiny_patch16_224,44,agresivo,original,sdnet_D,4,0.4962424167564937,0.7657142857142857,0.795
vit_tiny_patch16_224,44,agresivo,original,sdnet_D,5,0.4835179240362984,0.7519083969465649,0.7833333333333333
vit_tiny_patch16_224,44,agresivo,original,sdnet_D,6,0.4558490719114031,0.7654784240150094,0.7916666666666666
vit_tiny_patch16_224,44,agresivo,original,sdnet_D,7,0.4612346128055027,0.7624750499001997,0.8016666666666666
vit_tiny_patch16_224,44,agresivo,original,sdnet_P,0,0.8549028236525399,0.6495726495726496,0.5216666666666666
vit_tiny_patch16_224,44,agresivo,original,sdnet_P,1,0.6913878522600446,0.5276073619631901,0.615
vit_tiny_patch16_224,44,agresivo,original,sdnet_P,2,0.6474952697753906,0.7462277091906722,0.6916666666666667
vit_tiny_patch16_224,44,agresivo,original,sdnet_P,3,0.5394812565190451,0.7080745341614907,0.765
vit_tiny_patch16_224,44,agresivo,original,sdnet_P,4,0.5013257391112191,0.7848837209302325,0.7533333333333333
vit_tiny_patch16_224,44,agresivo,original,sdnet_P,5,0.4805257652487074,0.8216039279869067,0.8183333333333334
vit_tiny_patch16_224,44,agresivo,original,sdnet_P,6,0.4413537926333291,0.8469055374592834,0.8433333333333334
vit_tiny_patch16_224,44,agresivo,original,sdnet_P,7,0.4391776641777583,0.8492647058823529,0.8633333333333333
vit_tiny_patch16_224,44,agresivo,original,sdnet_P,8,0.3972191406999315,0.8608837970540099,0.8583333333333333
vit_tiny_patch16_224,44,agresivo,original,sdnet_P,9,0.3848378370489393,0.8604269293924466,0.8583333333333333
vit_tiny_patch16_224,44,agresivo,original,sdnet_P,10,0.3586969026497432,0.8656195462478184,0.8716666666666667
vit_tiny_patch16_224,44,agresivo,original,sdnet_P,11,0.359996719786099,0.8745762711864407,0.8766666666666667
vit_tiny_patch16_224,44,agresivo,original,sdnet_W,0,0.8714108538627624,0.7631578947368421,0.76
vit_tiny_patch16_224,44,agresivo,original,sdnet_W,1,0.5527223730087281,0.7855973813420621,0.7816666666666666
vit_tiny_patch16_224,44,agresivo,original,sdnet_W,2,0.5278396541731698,0.7580174927113703,0.7233333333333334
vit_tiny_patch16_224,44,agresivo,original,sdnet_W,3,0.5079111904757363,0.819672131147541,0.835
vit_tiny_patch16_224,44,agresivo,original,sdnet_W,4,0.4636704897880554,0.8145454545454546,0.83
vit_tiny_patch16_224,44,agresivo,original,sdnet_W,5,0.4317934579508645,0.8237476808905381,0.8416666666666667
vit_tiny_patch16_224,44,agresivo,original,sdnet_W,6,0.4172502292905535,0.8315018315018315,0.8466666666666667
vit_tiny_patch16_224,44,agresivo,original,sdnet_W,7,0.4021419055121286,0.8585365853658536,0.855
vit_tiny_patch16_224,44,agresivo,original,sdnet_W,8,0.3790998639379229,0.8680555555555556,0.8733333333333333
vit_tiny_patch16_224,44,agresivo,original,sdnet_W,9,0.3618752862725939,0.8584905660377359,0.85
vit_tiny_patch16_224,44,agresivo,original,sdnet_W,10,0.3414846198899405,0.8747795414462081,0.8816666666666667
vit_tiny_patch16_224,44,agresivo,original,sdnet_W,11,0.3395595615250724,0.8637873754152824,0.8633333333333333
vit_tiny_patch16_224,44,agresivo,original,metu,0,0.3263998342198985,0.986842105263158,0.9866666666666668
vit_tiny_patch16_224,44,agresivo,original,metu,1,0.0227748052982081,0.9983361064891848,0.9983333333333332
vit_tiny_patch16_224,44,agresivo,original,metu,2,0.0176876588804381,1.0,1.0
vit_tiny_patch16_224,44,agresivo,original,metu,3,0.0136014880452837,0.9932885906040269,0.9933333333333332
vit_tiny_patch16_224,44,agresivo,original,metu,4,0.0070869268689836,1.0,1.0
vit_tiny_patch16_224,44,agresivo,original,metu,5,0.0116518031273569,0.9983361064891848,0.9983333333333332
resnet18,42,ecualizado,original,sdnet_D,0,0.6557749942370823,0.7117241379310345,0.6516666666666666
resnet18,42,ecualizado,original,sdnet_D,1,0.5025436794757843,0.7586206896551724,0.7316666666666667
resnet18,42,ecualizado,original,sdnet_D,2,0.3959687994207654,0.7370441458733206,0.7716666666666666
resnet18,42,ecualizado,original,sdnet_D,3,0.3183687334401266,0.7639639639639639,0.7816666666666666
resnet18,42,ecualizado,original,sdnet_D,4,0.2312046390771865,0.7661141804788214,0.7883333333333333
resnet18,42,ecualizado,original,sdnet_D,5,0.1664130502939224,0.7619047619047619,0.7833333333333333
resnet18,42,ecualizado,original,sdnet_D,6,0.1125786854113851,0.7725631768953068,0.79
resnet18,42,ecualizado,original,sdnet_D,7,0.0826158763255391,0.7615658362989324,0.7766666666666666
resnet18,42,ecualizado,original,sdnet_D,8,0.0651923973219735,0.7708703374777975,0.785
resnet18,42,ecualizado,original,sdnet_D,9,0.0520947018265724,0.7708333333333334,0.78
resnet18,42,ecualizado,original,sdnet_P,0,0.637079838684627,0.7535014005602241,0.7066666666666667
resnet18,42,ecualizado,original,sdnet_P,1,0.4373966191496168,0.8344370860927153,0.8333333333333334
resnet18,42,ecualizado,original,sdnet_P,2,0.3173815870285034,0.8291814946619217,0.84
resnet18,42,ecualizado,original,sdnet_P,3,0.2418247342961175,0.853195164075993,0.8583333333333333
resnet18,42,ecualizado,original,sdnet_P,4,0.1703958920070103,0.8452579034941764,0.845
resnet18,42,ecualizado,original,sdnet_P,5,0.1284010977404458,0.853781512605042,0.855
resnet18,42,ecualizado,original,sdnet_P,6,0.0823414536459105,0.8591065292096219,0.8633333333333333
resnet18,42,ecualizado,original,sdnet_P,7,0.0661197762404169,0.853781512605042,0.855
resnet18,42,ecualizado,original,sdnet_P,8,0.0552783000894955,0.8626086956521739,0.8683333333333333
resnet18,42,ecualizado,original,sdnet_P,9,0.042224809836064,0.848381601362862,0.8516666666666667
resnet18,42,ecualizado,original,sdnet_P,10,0.0436905439836638,0.8517887563884157,0.855
resnet18,42,ecualizado,original,sdnet_P,11,0.0398702382189886,0.8512820512820513,0.855
resnet18,42,ecualizado,original,sdnet_W,0,0.636484374659402,0.7408491947291361,0.705
resnet18,42,ecualizado,original,sdnet_W,1,0.4554840619223458,0.7762962962962963,0.7483333333333333
resnet18,42,ecualizado,original,sdnet_W,2,0.3339696180820465,0.7844660194174757,0.815
resnet18,42,ecualizado,original,sdnet_W,3,0.2480052423477173,0.7992565055762082,0.82
resnet18,42,ecualizado,original,sdnet_W,4,0.1724971629040581,0.8283185840707965,0.8383333333333334
resnet18,42,ecualizado,original,sdnet_W,5,0.1183697870799473,0.8256227758007118,0.8366666666666667
resnet18,42,ecualizado,original,sdnet_W,6,0.0821333792805671,0.8154981549815498,0.8333333333333334
resnet18,42,ecualizado,original,sdnet_W,7,0.0676304563454219,0.8218694885361552,0.8316666666666667
resnet18,42,ecualizado,original,metu,0,0.3651667513166155,0.9817578772802652,0.9816666666666668
resnet18,42,ecualizado,original,metu,1,0.0409173710910337,0.9983361064891848,0.9983333333333332
resnet18,42,ecualizado,original,metu,2,0.0149753892900688,0.994991652754591,0.995
resnet18,42,ecualizado,original,metu,3,0.0082950043225927,0.9933110367892976,0.9933333333333332
resnet18,42,ecualizado,original,metu,4,0.005722449720571,0.9916247906197656,0.9916666666666668
resnet18,43,ecualizado,original,sdnet_D,0,0.6533204872267587,0.6254295532646048,0.6366666666666667
resnet18,43,ecualizado,original,sdnet_D,1,0.5263900027956281,0.7198879551820728,0.6666666666666666
resnet18,43,ecualizado,original,sdnet_D,2,0.4113379292828696,0.7549194991055456,0.7716666666666666
resnet18,43,ecualizado,original,sdnet_D,3,0.3250862484318869,0.7557117750439367,0.7683333333333333
resnet18,43,ecualizado,original,sdnet_D,4,0.2362814782346998,0.7705192629815746,0.7716666666666666
resnet18,43,ecualizado,original,sdnet_D,5,0.1802909525803157,0.7344632768361582,0.765
resnet18,43,ecualizado,original,sdnet_D,6,0.1191433124882834,0.7455830388692579,0.76
resnet18,43,ecualizado,original,sdnet_D,7,0.08951106518507,0.7472924187725631,0.7666666666666667
resnet18,43,ecualizado,original,sdnet_P,0,0.6288436017717633,0.7584187408491947,0.725
resnet18,43,ecualizado,original,sdnet_P,1,0.4420119346891131,0.8161993769470405,0.8033333333333333
resnet18,43,ecualizado,original,sdnet_P,2,0.3165396523475647,0.8556521739130435,0.8616666666666667
resnet18,43,ecualizado,original,sdnet_P,3,0.2355175044706889,0.8605042016806723,0.8616666666666667
resnet18,43,ecualizado,original,sdnet_P,4,0.165835046001843,0.8664383561643836,0.87
resnet18,43,ecualizado,original,sdnet_P,5,0.1280360755962984,0.8566610455311973,0.8583333333333333
resnet18,43,ecualizado,original,sdnet_P,6,0.0950812564364501,0.8600337268128162,0.8616666666666667
resnet18,43,ecualizado,original,sdnet_P,7,0.0694484595741544,0.8610634648370498,0.865
resnet18,43,ecualizado,original,sdnet_W,0,0.6442823573521206,0.7198838896952104,0.6783333333333333
resnet18,43,ecualizado,original,sdnet_W,1,0.4831654264245714,0.7720364741641338,0.75
resnet18,43,ecualizado,original,sdnet_W,2,0.3551841989585331,0.8183361629881154,0.8216666666666667
resnet18,43,ecualizado,original,sdnet_W,3,0.2661444390671594,0.7730496453900709,0.7866666666666666
resnet18,43,ecualizado,original,sdnet_W,4,0.2003844597509929,0.7964285714285714,0.81
resnet18,43,ecualizado,original,sdnet_W,5,0.13877009502479,0.8105263157894737,0.82
resnet18,43,ecualizado,original,metu,0,0.3668314395206315,0.988313856427379,0.9883333333333332
resnet18,43,ecualizado,original,metu,1,0.0443743284153086,0.994991652754591,0.995
resnet18,43,ecualizado,original,metu,2,0.0180399976484477,0.9966777408637874,0.9966666666666668
resnet18,43,ecualizado,original,metu,3,0.0112728088721632,0.9966777408637874,0.9966666666666668
resnet18,43,ecualizado,original,metu,4,0.0057307209739727,0.9983361064891848,0.9983333333333332
resnet18,43,ecualizado,original,metu,5,0.0040429493365809,0.9966666666666668,0.9966666666666668
resnet18,43,ecualizado,original,metu,6,0.0035141602577641,0.9983361064891848,0.9983333333333332
resnet18,43,ecualizado,original,metu,7,0.0022015939862467,0.9983361064891848,0.9983333333333332
resnet18,44,ecualizado,original,sdnet_D,0,0.6587007144519261,0.6473594548551959,0.655
resnet18,44,ecualizado,original,sdnet_D,1,0.5216003085885729,0.7530487804878049,0.73
resnet18,44,ecualizado,original,sdnet_D,2,0.4144505342415401,0.717434869739479,0.765
resnet18,44,ecualizado,original,sdnet_D,3,0.3346405124664307,0.7293233082706767,0.76
resnet18,44,ecualizado,original,sdnet_D,4,0.2434037756919861,0.7140039447731755,0.7583333333333333
resnet18,44,ecualizado,original,sdnet_P,0,0.6420885797909328,0.7496542185338866,0.6983333333333334
resnet18,44,ecualizado,original,sdnet_P,1,0.4543802356719971,0.8333333333333334,0.84
resnet18,44,ecualizado,original,sdnet_P,2,0.3338427066802978,0.8308823529411765,0.8466666666666667
resnet18,44,ecualizado,original,sdnet_P,3,0.2475898792062487,0.8595890410958904,0.8633333333333333
resnet18,44,ecualizado,original,sdnet_P,4,0.1769108474254608,0.8691099476439791,0.875
resnet18,44,ecualizado,original,sdnet_P,5,0.1275976111207689,0.8677966101694915,0.87
resnet18,44,ecualizado,original,sdnet_P,6,0.1038379081232207,0.872791519434629,0.88
resnet18,44,ecualizado,original,sdnet_P,7,0.0802190928374017,0.8777969018932874,0.8816666666666667
resnet18,44,ecualizado,original,sdnet_P,8,0.060881739737732,0.8756567425569177,0.8816666666666667
resnet18,44,ecualizado,original,sdnet_P,9,0.0444660819747618,0.8773747841105354,0.8816666666666667
resnet18,44,ecualizado,original,sdnet_P,10,0.0488904193895203,0.8734835355285961,0.8783333333333333
resnet18,44,ecualizado,original,sdnet_W,0,0.6501746480805534,0.7301092043681747,0.7116666666666667
resnet18,44,ecualizado,original,sdnet_W,1,0.474592854806355,0.7729468599033816,0.765
resnet18,44,ecualizado,original,sdnet_W,2,0.3528600920949663,0.7689320388349514,0.8016666666666666
resnet18,44,ecualizado,original,sdnet_W,3,0.259643268925803,0.7969924812030075,0.82
resnet18,44,ecualizado,original,sdnet_W,4,0.1934193580491202,0.8067796610169492,0.81
resnet18,44,ecualizado,original,sdnet_W,5,0.1290415289572307,0.7869481765834933,0.815
resnet18,44,ecualizado,original,sdnet_W,6,0.0934859808853694,0.7941712204007286,0.8116666666666666
resnet18,44,ecualizado,original,sdnet_W,7,0.0714220405050686,0.8146911519198664,0.815
resnet18,44,ecualizado,original,sdnet_W,8,0.0577817077721868,0.8041237113402062,0.81
resnet18,44,ecualizado,original,sdnet_W,9,0.0439488835632801,0.8006872852233677,0.8066666666666666
resnet18,44,ecualizado,original,sdnet_W,10,0.0391328579187393,0.8020833333333334,0.81
resnet18,44,ecualizado,original,metu,0,0.3776816436648368,0.9850746268656716,0.985
resnet18,44,ecualizado,original,metu,1,0.0526226388024432,0.9966777408637874,0.9966666666666668
resnet18,44,ecualizado,original,metu,2,0.0170847952791622,0.9916247906197656,0.9916666666666668
resnet18,44,ecualizado,original,metu,3,0.0151424869868372,0.995008319467554,0.995
resnet18,44,ecualizado,original,metu,4,0.0086744537470596,0.9966777408637874,0.9966666666666668
efficientnet_b0,42,ecualizado,original,sdnet_D,0,1.5357489000047957,0.6950819672131148,0.69
efficientnet_b0,42,ecualizado,original,sdnet_D,1,0.4164708748885563,0.6924428822495606,0.7083333333333334
efficientnet_b0,42,ecualizado,original,sdnet_D,2,0.1748135441967419,0.71280276816609,0.7233333333333334
efficientnet_b0,42,ecualizado,original,sdnet_D,3,0.1146938617527484,0.7067395264116576,0.7316666666666667
efficientnet_b0,42,ecualizado,original,sdnet_D,4,0.0541441749249185,0.7276051188299817,0.7516666666666667
efficientnet_b0,42,ecualizado,original,sdnet_D,5,0.0431307078738297,0.7428571428571429,0.76
efficientnet_b0,42,ecualizado,original,sdnet_D,6,0.017275463895473,0.7319778188539742,0.7583333333333333
efficientnet_b0,42,ecualizado,original,sdnet_D,7,0.0116815969773701,0.7432675044883303,0.7616666666666667
efficientnet_b0,42,ecualizado,original,sdnet_D,8,0.0083909715818507,0.7276051188299817,0.7516666666666667
efficientnet_b0,42,ecualizado,original,sdnet_D,9,0.0062020991968789,0.7311827956989247,0.75
efficientnet_b0,42,ecualizado,original,sdnet_D,10,0.0081520362836974,0.7407407407407407,0.755
efficientnet_b0,42,ecualizado,original,sdnet_P,0,1.48981055191585,0.7875,0.7733333333333333
efficientnet_b0,42,ecualizado,original,sdnet_P,1,0.3977870924983706,0.8154093097913323,0.8083333333333333
efficientnet_b0,42,ecualizado,original,sdnet_P,2,0.1796649035385676,0.8132231404958677,0.8116666666666666
efficientnet_b0,42,ecualizado,original,sdnet_P,3,0.0994824096560478,0.841025641025641,0.845
efficientnet_b0,42,ecualizado,original,sdnet_P,4,0.0569926689352308,0.8344594594594594,0.8366666666666667
efficientnet_b0,42,ecualizado,original,sdnet_P,5,0.0412998469865747,0.8272251308900523,0.835
efficientnet_b0,42,ecualizado,original,sdnet_P,6,0.0286977788593087,0.830122591943958,0.8383333333333334
efficientnet_b0,42,ecualizado,original,sdnet_W,0,1.4489913981301443,0.7429467084639498,0.7266666666666667
efficientnet_b0,42,ecualizado,original,sdnet_W,1,0.3625600245169231,0.7640067911714771,0.7683333333333333
efficientnet_b0,42,ecualizado,original,sdnet_W,2,0.1523903278793607,0.7708333333333334,0.78
efficientnet_b0,42,ecualizado,original,sdnet_W,3,0.0667016902672393,0.7818499127399651,0.7916666666666666
efficientnet_b0,42,ecualizado,original,sdnet_W,4,0.0578434405529073,0.7827648114901257,0.7983333333333333
efficientnet_b0,42,ecualizado,original,sdnet_W,5,0.0408840298439775,0.7697841726618705,0.7866666666666666
efficientnet_b0,42,ecualizado,original,sdnet_W,6,0.0204947657563856,0.7800369685767098,0.8016666666666666
efficientnet_b0,42,ecualizado,original,sdnet_W,7,0.0133616350431527,0.784452296819788,0.7966666666666666
efficientnet_b0,42,ecualizado,original,sdnet_W,8,0.0062272799015045,0.7871198568872988,0.8016666666666666
efficientnet_b0,42,ecualizado,original,sdnet_W,9,0.0048039411673588,0.7907801418439716,0.8033333333333333
efficientnet_b0,42,ecualizado,original,sdnet_W,10,0.0065577637324375,0.7893805309734513,0.8016666666666666
efficientnet_b0,42,ecualizado,original,sdnet_W,11,0.005412872308599,0.7899461400359067,0.805
efficientnet_b0,42,ecualizado,original,metu,0,0.4741508720602308,0.9866220735785952,0.9866666666666668
efficientnet_b0,42,ecualizado,original,metu,1,0.0159059231621878,0.9933333333333332,0.9933333333333332
efficientnet_b0,42,ecualizado,original,metu,2,0.0190571359651429,0.9933333333333332,0.9933333333333332
efficientnet_b0,42,ecualizado,original,metu,3,0.0082123554604394,0.991652754590985,0.9916666666666668
efficientnet_b0,42,ecualizado,original,metu,4,0.0035134578602862,0.995008319467554,0.995
efficientnet_b0,42,ecualizado,original,metu,5,0.0018346394385608,0.9933333333333332,0.9933333333333332
efficientnet_b0,42,ecualizado,original,metu,6,0.0073643956440043,0.995008319467554,0.995
efficientnet_b0,42,ecualizado,original,metu,7,0.0022645057950714,0.995008319467554,0.995
efficientnet_b0,43,ecualizado,original,sdnet_D,0,1.5202504301071167,0.693069306930693,0.69
efficientnet_b0,43,ecualizado,original,sdnet_D,1,0.4610554836477552,0.6988352745424293,0.6983333333333334
efficientnet_b0,43,ecualizado,original,sdnet_D,2,0.2214487816606249,0.6666666666666666,0.675
efficientnet_b0,43,ecualizado,original,sdnet_D,3,0.1251458183356693,0.6983050847457627,0.7033333333333334
efficientnet_b0,43,ecualizado,original,sdnet_D,4,0.0549135964044502,0.7155322862129145,0.7283333333333334
efficientnet_b0,43,ecualizado,original,sdnet_D,5,0.0428649682977369,0.7073608617594255,0.7283333333333334
efficientnet_b0,43,ecualizado,original,sdnet_D,6,0.0187687354401818,0.7104795737122558,0.7283333333333334
efficientnet_b0,43,ecualizado,original,sdnet_D,7,0.0148019133721079,0.7111913357400722,0.7333333333333333
efficientnet_b0,43,ecualizado,original,sdnet_P,0,1.5190414541108268,0.7722772277227723,0.77
efficientnet_b0,43,ecualizado,original,sdnet_P,1,0.4210017803737095,0.7757166947723441,0.7783333333333333
efficientnet_b0,43,ecualizado,original,sdnet_P,2,0.156183453968593,0.8020304568527918,0.805
efficientnet_b0,43,ecualizado,original,sdnet_P,3,0.0902279980693544,0.8289473684210527,0.8266666666666667
efficientnet_b0,43,ecualizado,original,sdnet_P,4,0.0710188507608005,0.8148148148148148,0.8166666666666667
efficientnet_b0,43,ecualizado,original,sdnet_P,5,0.0479067699079002,0.8362369337979094,0.8433333333333334
efficientnet_b0,43,ecualizado,original,sdnet_P,6,0.0181114535273185,0.826530612244898,0.83
efficientnet_b0,43,ecualizado,original,sdnet_P,7,0.01401701940024,0.825503355704698,0.8266666666666667
efficientnet_b0,43,ecualizado,original,sdnet_P,8,0.0129337252037865,0.8133333333333334,0.8133333333333334
efficientnet_b0,43,ecualizado,original,sdnet_W,0,1.4749534123284476,0.7671691792294807,0.7683333333333333
efficientnet_b0,43,ecualizado,original,sdnet_W,1,0.3324486405508858,0.7766323024054983,0.7833333333333333
efficientnet_b0,43,ecualizado,original,sdnet_W,2,0.1720770137224878,0.7853403141361257,0.795
efficientnet_b0,43,ecualizado,original,sdnet_W,3,0.0832668697834014,0.797945205479452,0.8033333333333333
efficientnet_b0,43,ecualizado,original,sdnet_W,4,0.0606899056690079,0.7931623931623931,0.7983333333333333
efficientnet_b0,43,ecualizado,original,sdnet_W,5,0.0328335899114608,0.8021201413427562,0.8133333333333334
efficientnet_b0,43,ecualizado,original,sdnet_W,6,0.0250560058759791,0.8117443868739206,0.8183333333333334
efficientnet_b0,43,ecualizado,original,sdnet_W,7,0.0139636385454131,0.809106830122592,0.8183333333333334
efficientnet_b0,43,ecualizado,original,sdnet_W,8,0.0058323753625154,0.800711743772242,0.8133333333333334
efficientnet_b0,43,ecualizado,original,sdnet_W,9,0.0064077316410839,0.793418647166362,0.8116666666666666
efficientnet_b0,43,ecualizado,original,metu,0,0.4014223375490733,0.9834983498349836,0.9833333333333332
efficientnet_b0,43,ecualizado,original,metu,1,0.0092121831860068,0.991652754590985,0.9916666666666668
efficientnet_b0,43,ecualizado,original,metu,2,0.0136651299255234,0.9983361064891848,0.9983333333333332
efficientnet_b0,43,ecualizado,original,metu,3,0.0082999292441802,0.9983361064891848,0.9983333333333332
efficientnet_b0,43,ecualizado,original,metu,4,0.002545957778181,0.9983361064891848,0.9983333333333332
efficientnet_b0,43,ecualizado,original,metu,5,0.001271151729995,0.9966666666666668,0.9966666666666668
efficientnet_b0,44,ecualizado,original,sdnet_D,0,1.6849415602002824,0.6972176759410802,0.6916666666666667
efficientnet_b0,44,ecualizado,original,sdnet_D,1,0.5298871091433934,0.7373737373737373,0.74
efficientnet_b0,44,ecualizado,original,sdnet_D,2,0.2174521190779549,0.7266313932980599,0.7416666666666667
efficientnet_b0,44,ecualizado,original,sdnet_D,3,0.1284202195916857,0.7440273037542662,0.75
efficientnet_b0,44,ecualizado,original,sdnet_D,4,0.0593990478983947,0.7366609294320138,0.745
efficientnet_b0,44,ecualizado,original,sdnet_D,5,0.0337139391899108,0.7252336448598131,0.755
efficientnet_b0,44,ecualizado,original,sdnet_D,6,0.0165322124079934,0.7245841035120147,0.7516666666666667
efficientnet_b0,44,ecualizado,original,sdnet_P,0,1.615312397820609,0.7770897832817337,0.76
efficientnet_b0,44,ecualizado,original,sdnet_P,1,0.4536628179890768,0.7993197278911565,0.8033333333333333
efficientnet_b0,44,ecualizado,original,sdnet_P,2,0.1949675589799881,0.8271186440677966,0.83
efficientnet_b0,44,ecualizado,original,sdnet_P,3,0.1134897994995117,0.8453947368421053,0.8433333333333334
efficientnet_b0,44,ecualizado,original,sdnet_P,4,0.072723795899323,0.8450244698205547,0.8416666666666667
efficientnet_b0,44,ecualizado,original,sdnet_P,5,0.0366460746526718,0.8476357267950964,0.855
efficientnet_b0,44,ecualizado,original,sdnet_P,6,0.0176482484596116,0.856175972927242,0.8583333333333333
efficientnet_b0,44,ecualizado,original,sdnet_P,7,0.0264549608741487,0.852233676975945,0.8566666666666667
efficientnet_b0,44,ecualizado,original,sdnet_P,8,0.0108984416776469,0.8571428571428571,0.8583333333333333
efficientnet_b0,44,ecualizado,original,sdnet_P,9,0.0121452487792287,0.8508474576271187,0.8533333333333334
efficientnet_b0,44,ecualizado,original,sdnet_P,10,0.0091822594829968,0.8552188552188552,0.8566666666666667
efficientnet_b0,44,ecualizado,original,sdnet_P,11,0.0084393894672393,0.8556701030927835,0.86
efficientnet_b0,44,ecualizado,original,sdnet_W,0,1.3829558604104175,0.7358490566037735,0.72
efficientnet_b0,44,ecualizado,original,sdnet_W,1,0.4053805306979588,0.7615780445969125,0.7683333333333333
efficientnet_b0,44,ecualizado,original,sdnet_W,2,0.1665296930926186,0.7777777777777778,0.7866666666666666
efficientnet_b0,44,ecualizado,original,sdnet_W,3,0.1213292083995682,0.7746478873239436,0.7866666666666666
efficientnet_b0,44,ecualizado,original,sdnet_W,4,0.0442255101459366,0.7661016949152543,0.77
efficientnet_b0,44,ecualizado,original,sdnet_W,5,0.0446035579804863,0.7781818181818182,0.7966666666666666
efficientnet_b0,44,ecualizado,original,sdnet_W,6,0.0197680798119732,0.773286467486819,0.785
efficientnet_b0,44,ecualizado,original,sdnet_W,7,0.0225987375155091,0.7894736842105263,0.8
efficientnet_b0,44,ecualizado,original,sdnet_W,8,0.0115165707894733,0.7929203539823009,0.805
efficientnet_b0,44,ecualizado,original,sdnet_W,9,0.0056313919621918,0.7902946273830156,0.7983333333333333
efficientnet_b0,44,ecualizado,original,sdnet_W,10,0.0063806350422757,0.7867132867132867,0.7966666666666666
efficientnet_b0,44,ecualizado,original,sdnet_W,11,0.0067431718536785,0.7943262411347518,0.8066666666666666
efficientnet_b0,44,ecualizado,original,metu,0,0.4963959011435508,0.9933110367892976,0.9933333333333332
efficientnet_b0,44,ecualizado,original,metu,1,0.0560461586288043,0.988391376451078,0.9883333333333332
efficientnet_b0,44,ecualizado,original,metu,2,0.0103362369111606,0.994991652754591,0.995
efficientnet_b0,44,ecualizado,original,metu,3,0.0072013916301407,0.9933110367892976,0.9933333333333332
efficientnet_b0,44,ecualizado,original,metu,4,0.004279607789857,0.9933110367892976,0.9933333333333332
efficientnet_b0,44,ecualizado,original,metu,5,0.0025304339612817,0.9933110367892976,0.9933333333333332
mobilenetv3_small_100,42,ecualizado,original,sdnet_D,0,1.800133945260729,0.6286836935166994,0.685
mobilenetv3_small_100,42,ecualizado,original,sdnet_D,1,0.629013808114188,0.7463651050080775,0.7383333333333333
mobilenetv3_small_100,42,ecualizado,original,sdnet_D,2,0.3785326378686087,0.7293729372937293,0.7266666666666667
mobilenetv3_small_100,42,ecualizado,original,sdnet_D,3,0.2154315412044525,0.7469879518072289,0.755
mobilenetv3_small_100,42,ecualizado,original,sdnet_D,4,0.1673859480874879,0.7452339688041595,0.755
mobilenetv3_small_100,42,ecualizado,original,sdnet_D,5,0.1402548504727227,0.7244094488188977,0.7083333333333334
mobilenetv3_small_100,42,ecualizado,original,sdnet_D,6,0.1185105167542185,0.7388535031847133,0.7266666666666667
mobilenetv3_small_100,42,ecualizado,original,sdnet_P,0,1.9713915065356664,0.746615087040619,0.7816666666666666
mobilenetv3_small_100,42,ecualizado,original,sdnet_P,1,0.4969718607834407,0.8470948012232415,0.8333333333333334
mobilenetv3_small_100,42,ecualizado,original,sdnet_P,2,0.3617461483819144,0.845771144278607,0.845
mobilenetv3_small_100,42,ecualizado,original,sdnet_P,3,0.1964068361691066,0.867430441898527,0.865
mobilenetv3_small_100,42,ecualizado,original,sdnet_P,4,0.2108808715854372,0.8417818740399385,0.8283333333333334
mobilenetv3_small_100,42,ecualizado,original,sdnet_P,5,0.1204462360058512,0.8689883913764511,0.8683333333333333
mobilenetv3_small_100,42,ecualizado,original,sdnet_P,6,0.0599678829312324,0.8873949579831932,0.8883333333333333
mobilenetv3_small_100,42,ecualizado,original,sdnet_P,7,0.0345656287244388,0.8921568627450981,0.89
mobilenetv3_small_100,42,ecualizado,original,sdnet_P,8,0.0208011925007615,0.8885135135135135,0.89
mobilenetv3_small_100,42,ecualizado,original,sdnet_P,9,0.0141192517536027,0.879045996592845,0.8816666666666667
mobilenetv3_small_100,42,ecualizado,original,sdnet_P,10,0.0114383379077272,0.8779661016949153,0.88
mobilenetv3_small_100,42,ecualizado,original,sdnet_W,0,2.012315629890987,0.7304347826086957,0.69
mobilenetv3_small_100,42,ecualizado,original,sdnet_W,1,0.5677616957255772,0.726027397260274,0.7333333333333333
mobilenetv3_small_100,42,ecualizado,original,sdnet_W,2,0.333979925768716,0.7455621301775148,0.7133333333333334
mobilenetv3_small_100,42,ecualizado,original,sdnet_W,3,0.2301729516046387,0.7560975609756098,0.7666666666666667
mobilenetv3_small_100,42,ecualizado,original,sdnet_W,4,0.1539410962803023,0.7697478991596639,0.7716666666666666
mobilenetv3_small_100,42,ecualizado,original,sdnet_W,5,0.1180522891453334,0.7709090909090909,0.79
mobilenetv3_small_100,42,ecualizado,original,sdnet_W,6,0.0556212817664657,0.7697262479871175,0.7616666666666667
mobilenetv3_small_100,42,ecualizado,original,sdnet_W,7,0.0357723621172564,0.7877813504823151,0.78
mobilenetv3_small_100,42,ecualizado,original,sdnet_W,8,0.0258523225677864,0.7773851590106007,0.79
mobilenetv3_small_100,42,ecualizado,original,sdnet_W,9,0.0147011028868811,0.7724867724867724,0.785
mobilenetv3_small_100,42,ecualizado,original,sdnet_W,10,0.0095222059743744,0.7766323024054983,0.7833333333333333
mobilenetv3_small_100,42,ecualizado,original,metu,0,1.0161231258511545,0.9818780889621088,0.9816666666666668
mobilenetv3_small_100,42,ecualizado,original,metu,1,0.160397988685519,0.9916247906197656,0.9916666666666668
mobilenetv3_small_100,42,ecualizado,original,metu,2,0.0473549116935048,0.9966777408637874,0.9966666666666668
mobilenetv3_small_100,42,ecualizado,original,metu,3,0.0107327431447005,0.9932885906040269,0.9933333333333332
mobilenetv3_small_100,42,ecualizado,original,metu,4,0.0149705450023923,0.9950248756218906,0.995
mobilenetv3_small_100,42,ecualizado,original,metu,5,0.00700191510571,0.9899328859060402,0.99
mobilenetv3_small_100,43,ecualizado,original,sdnet_D,0,2.026332562310355,0.6678635547576302,0.6916666666666667
mobilenetv3_small_100,43,ecualizado,original,sdnet_D,1,0.7690022414071219,0.71850699844479,0.6983333333333334
mobilenetv3_small_100,43,ecualizado,original,sdnet_D,2,0.4060200253554752,0.6791044776119403,0.7133333333333334
mobilenetv3_small_100,43,ecualizado,original,sdnet_D,3,0.3169607506479536,0.7145708582834331,0.7616666666666667
mobilenetv3_small_100,43,ecualizado,original,sdnet_D,4,0.2299562413351876,0.7269503546099291,0.7433333333333333
mobilenetv3_small_100,43,ecualizado,original,sdnet_D,5,0.1400299728342465,0.7446457990115322,0.7416666666666667
mobilenetv3_small_100,43,ecualizado,original,sdnet_D,6,0.0900941690376826,0.7126436781609196,0.75
mobilenetv3_small_100,43,ecualizado,original,sdnet_D,7,0.0454928840590374,0.7491039426523297,0.7666666666666667
mobilenetv3_small_100,43,ecualizado,original,sdnet_D,8,0.0344789069678102,0.755632582322357,0.765
mobilenetv3_small_100,43,ecualizado,original,sdnet_D,9,0.0200736931338906,0.7553191489361702,0.77
mobilenetv3_small_100,43,ecualizado,original,sdnet_D,10,0.0200552222132682,0.75,0.7633333333333333
mobilenetv3_small_100,43,ecualizado,original,sdnet_D,11,0.017739592913006,0.7508896797153025,0.7666666666666667
mobilenetv3_small_100,43,ecualizado,original,sdnet_P,0,2.2698869599614824,0.7471116816431322,0.6716666666666666
mobilenetv3_small_100,43,ecualizado,original,sdnet_P,1,0.5580984733785902,0.8261617900172117,0.8316666666666667
mobilenetv3_small_100,43,ecualizado,original,sdnet_P,2,0.2551582252979278,0.8284671532846716,0.8433333333333334
mobilenetv3_small_100,43,ecualizado,original,sdnet_P,3,0.1940017917326518,0.8330781010719756,0.8183333333333334
mobilenetv3_small_100,43,ecualizado,original,sdnet_P,4,0.1244402348143713,0.8562197092084006,0.8516666666666667
mobilenetv3_small_100,43,ecualizado,original,sdnet_P,5,0.0668101900842573,0.8803986710963455,0.88
mobilenetv3_small_100,43,ecualizado,original,sdnet_P,6,0.0384824304947895,0.8636363636363636,0.87
mobilenetv3_small_100,43,ecualizado,original,sdnet_P,7,0.0221239388946975,0.8673469387755102,0.87
mobilenetv3_small_100,43,ecualizado,original,sdnet_P,8,0.0237944756767579,0.8561525129982669,0.8616666666666667
mobilenetv3_small_100,43,ecualizado,original,sdnet_W,0,1.8905914456503727,0.7124824684431977,0.6583333333333333
mobilenetv3_small_100,43,ecualizado,original,sdnet_W,1,0.5336537221499852,0.7755102040816326,0.78
mobilenetv3_small_100,43,ecualizado,original,sdnet_W,2,0.2655785288129534,0.7755102040816326,0.78
mobilenetv3_small_100,43,ecualizado,original,sdnet_W,3,0.2003448552744729,0.7927631578947368,0.79
mobilenetv3_small_100,43,ecualizado,original,sdnet_W,4,0.1204280728527477,0.7661016949152543,0.77
mobilenetv3_small_100,43,ecualizado,original,sdnet_W,5,0.0603789966447012,0.7979966611018364,0.7983333333333333
mobilenetv3_small_100,43,ecualizado,original,sdnet_W,6,0.0523016119003295,0.7745454545454545,0.7933333333333333
mobilenetv3_small_100,43,ecualizado,original,sdnet_W,7,0.0212015500611492,0.7865961199294532,0.7983333333333333
mobilenetv3_small_100,43,ecualizado,original,sdnet_W,8,0.0189714119902678,0.7896551724137931,0.7966666666666666
mobilenetv3_small_100,43,ecualizado,original,metu,0,0.9594187668391636,0.9933110367892976,0.9933333333333332
mobilenetv3_small_100,43,ecualizado,original,metu,1,0.0671960972888129,0.9833887043189368,0.9833333333333332
mobilenetv3_small_100,43,ecualizado,original,metu,2,0.0554756426811218,0.99009900990099,0.99
mobilenetv3_small_100,43,ecualizado,original,metu,3,0.0450608090417725,0.995008319467554,0.995
mobilenetv3_small_100,43,ecualizado,original,metu,4,0.0072119597452443,0.9917081260364844,0.9916666666666668
mobilenetv3_small_100,43,ecualizado,original,metu,5,0.0045787554553992,0.9933554817275748,0.9933333333333332
mobilenetv3_small_100,43,ecualizado,original,metu,6,0.0002403233732495,0.9933554817275748,0.9933333333333332
mobilenetv3_small_100,44,ecualizado,original,sdnet_D,0,1.797009074006762,0.6549019607843137,0.7066666666666667
mobilenetv3_small_100,44,ecualizado,original,sdnet_D,1,0.6303800405774798,0.688212927756654,0.7266666666666667
mobilenetv3_small_100,44,ecualizado,original,sdnet_D,2,0.4144037512370518,0.7255985267034991,0.7516666666666667
mobilenetv3_small_100,44,ecualizado,original,sdnet_D,3,0.300060727255685,0.6841046277665996,0.7383333333333333
mobilenetv3_small_100,44,ecualizado,original,sdnet_D,4,0.180513322693961,0.75,0.7633333333333333
mobilenetv3_small_100,44,ecualizado,original,sdnet_D,5,0.144206553867885,0.7363770250368189,0.7016666666666667
mobilenetv3_small_100,44,ecualizado,original,sdnet_D,6,0.0685593729998384,0.7485822306238186,0.7783333333333333
mobilenetv3_small_100,44,ecualizado,original,sdnet_D,7,0.037426549068519,0.7442680776014109,0.7583333333333333
mobilenetv3_small_100,44,ecualizado,original,sdnet_P,0,1.7440570613316126,0.7586206896551724,0.7083333333333334
mobilenetv3_small_100,44,ecualizado,original,sdnet_P,1,0.5537775892870767,0.8324873096446701,0.835
mobilenetv3_small_100,44,ecualizado,original,sdnet_P,2,0.3203908792563847,0.823170731707317,0.8066666666666666
mobilenetv3_small_100,44,ecualizado,original,sdnet_P,3,0.2694178045647485,0.8508474576271187,0.8533333333333334
mobilenetv3_small_100,44,ecualizado,original,sdnet_P,4,0.2142846739930766,0.851138353765324,0.8583333333333333
mobilenetv3_small_100,44,ecualizado,original,sdnet_P,5,0.0769253928320748,0.8548123980424144,0.8516666666666667
mobilenetv3_small_100,44,ecualizado,original,sdnet_P,6,0.0400056657514401,0.8595890410958904,0.8633333333333333
mobilenetv3_small_100,44,ecualizado,original,sdnet_P,7,0.0303265710813658,0.8614864864864865,0.8633333333333333
mobilenetv3_small_100,44,ecualizado,original,sdnet_P,8,0.0170070858519258,0.8673469387755102,0.87
mobilenetv3_small_100,44,ecualizado,original,sdnet_P,9,0.0113269579862909,0.864957264957265,0.8683333333333333
mobilenetv3_small_100,44,ecualizado,original,sdnet_P,10,0.01205962232181,0.8657718120805369,0.8666666666666667
mobilenetv3_small_100,44,ecualizado,original,sdnet_P,11,0.0111796729479517,0.8677966101694915,0.87
mobilenetv3_small_100,44,ecualizado,original,sdnet_W,0,1.621534332888467,0.7459138187221397,0.715
mobilenetv3_small_100,44,ecualizado,original,sdnet_W,1,0.5443133957045418,0.71484375,0.7566666666666667
mobilenetv3_small_100,44,ecualizado,original,sdnet_W,2,0.4754314160346984,0.7560240963855421,0.73
mobilenetv3_small_100,44,ecualizado,original,sdnet_W,3,0.3717982629367283,0.7613412228796844,0.7983333333333333
mobilenetv3_small_100,44,ecualizado,original,sdnet_W,4,0.1761172538995742,0.7669724770642202,0.7883333333333333
mobilenetv3_small_100,44,ecualizado,original,sdnet_W,5,0.0825919554488999,0.7847682119205298,0.7833333333333333
mobilenetv3_small_100,44,ecualizado,original,sdnet_W,6,0.0567686600025211,0.7809187279151943,0.7933333333333333
mobilenetv3_small_100,44,ecualizado,original,sdnet_W,7,0.0370226744668824,0.7992766726943942,0.815
mobilenetv3_small_100,44,ecualizado,original,sdnet_W,8,0.0239068967902234,0.7772020725388601,0.785
mobilenetv3_small_100,44,ecualizado,original,sdnet_W,9,0.0130549813700573,0.7978533094812165,0.8116666666666666
mobilenetv3_small_100,44,ecualizado,original,sdnet_W,10,0.0126381984033754,0.7841105354058722,0.7916666666666666
mobilenetv3_small_100,44,ecualizado,original,metu,0,0.6894969820124762,0.9933110367892976,0.9933333333333332
mobilenetv3_small_100,44,ecualizado,original,metu,1,0.1156065004212515,0.9916247906197656,0.9916666666666668
mobilenetv3_small_100,44,ecualizado,original,metu,2,0.0573568573168332,0.9530434782608695,0.955
mobilenetv3_small_100,44,ecualizado,original,metu,3,0.0665386530969824,0.9983361064891848,0.9983333333333332
mobilenetv3_small_100,44,ecualizado,original,metu,4,0.0047902575135231,0.9983361064891848,0.9983333333333332
mobilenetv3_small_100,44,ecualizado,original,metu,5,0.0029454869031909,0.9966666666666668,0.9966666666666668
mobilenetv3_small_100,44,ecualizado,original,metu,6,0.0014157576220324,0.9983361064891848,0.9983333333333332
vit_tiny_patch16_224,42,ecualizado,original,sdnet_D,0,0.9043231913021632,0.0,0.5
vit_tiny_patch16_224,42,ecualizado,original,sdnet_D,1,0.7104894144194467,0.4097995545657015,0.5583333333333333
vit_tiny_patch16_224,42,ecualizado,original,sdnet_D,2,0.7024878801618304,0.4522417153996101,0.5316666666666666
vit_tiny_patch16_224,42,ecualizado,original,sdnet_D,3,0.6800214491571699,0.5416666666666666,0.5233333333333333
vit_tiny_patch16_224,42,ecualizado,original,sdnet_D,4,0.6719796752929688,0.5009861932938856,0.5783333333333334
vit_tiny_patch16_224,42,ecualizado,original,sdnet_D,5,0.6635732163701739,0.5874363327674024,0.595
vit_tiny_patch16_224,42,ecualizado,original,sdnet_D,6,0.6396495876993452,0.4770240700218818,0.6016666666666667
vit_tiny_patch16_224,42,ecualizado,original,sdnet_D,7,0.585715994153704,0.4591611479028697,0.5916666666666667
vit_tiny_patch16_224,42,ecualizado,original,sdnet_D,8,0.5309881472587585,0.6473429951690821,0.635
vit_tiny_patch16_224,42,ecualizado,original,sdnet_D,9,0.4699229083742414,0.5871886120996441,0.6133333333333333
vit_tiny_patch16_224,42,ecualizado,original,sdnet_D,10,0.4004516550472805,0.5515873015873016,0.6233333333333333
vit_tiny_patch16_224,42,ecualizado,original,sdnet_D,11,0.353416120495115,0.5875912408759124,0.6233333333333333
vit_tiny_patch16_224,42,ecualizado,original,sdnet_P,0,0.8742117197172983,0.0,0.5
vit_tiny_patch16_224,42,ecualizado,original,sdnet_P,1,0.6791269353457859,0.5066079295154186,0.6266666666666667
vit_tiny_patch16_224,42,ecualizado,original,sdnet_P,2,0.6275386261940002,0.5493562231759657,0.65
vit_tiny_patch16_224,42,ecualizado,original,sdnet_P,3,0.5823551883016314,0.6840277777777778,0.6966666666666667
vit_tiny_patch16_224,42,ecualizado,original,sdnet_P,4,0.5712419990130834,0.6906474820143885,0.7133333333333334
vit_tiny_patch16_224,42,ecualizado,original,sdnet_P,5,0.5082980298995972,0.7190226876090751,0.7316666666666667
vit_tiny_patch16_224,42,ecualizado,original,sdnet_P,6,0.4564138925075531,0.7458100558659218,0.6966666666666667
vit_tiny_patch16_224,42,ecualizado,original,sdnet_P,7,0.4142102229595184,0.6994106090373281,0.745
vit_tiny_patch16_224,42,ecualizado,original,sdnet_P,8,0.3306565657683781,0.7360482654600302,0.7083333333333334
vit_tiny_patch16_224,42,ecualizado,original,sdnet_P,9,0.2430451732873916,0.7324414715719063,0.7333333333333333
vit_tiny_patch16_224,42,ecualizado,original,sdnet_W,0,0.9021682981082372,0.0,0.5
vit_tiny_patch16_224,42,ecualizado,original,sdnet_W,1,0.705684814793723,0.3401015228426396,0.5666666666666667
vit_tiny_patch16_224,42,ecualizado,original,sdnet_W,2,0.6982615447044372,0.63125,0.6066666666666667
vit_tiny_patch16_224,42,ecualizado,original,sdnet_W,3,0.6532296098981585,0.6728110599078341,0.645
vit_tiny_patch16_224,42,ecualizado,original,sdnet_W,4,0.6147949188096182,0.6515151515151515,0.6933333333333334
vit_tiny_patch16_224,42,ecualizado,original,sdnet_W,5,0.5763138566698347,0.6951066499372648,0.595
vit_tiny_patch16_224,42,ecualizado,original,sdnet_W,6,0.5493150881358555,0.6427221172022685,0.685
vit_tiny_patch16_224,42,ecualizado,original,sdnet_W,7,0.4871268827574593,0.680073126142596,0.7083333333333334
vit_tiny_patch16_224,42,ecualizado,original,sdnet_W,8,0.4324976454462323,0.6919275123558485,0.6883333333333334
vit_tiny_patch16_224,42,ecualizado,original,metu,0,0.5832598756040845,0.924914675767918,0.9266666666666666
vit_tiny_patch16_224,42,ecualizado,original,metu,1,0.1592484442676816,0.9731543624161074,0.9733333333333334
vit_tiny_patch16_224,42,ecualizado,original,metu,2,0.0655611395835876,0.967409948542024,0.9683333333333334
vit_tiny_patch16_224,42,ecualizado,original,metu,3,0.0351862232599939,0.979933110367893,0.98
vit_tiny_patch16_224,42,ecualizado,original,metu,4,0.0228991957248321,0.973941368078176,0.9733333333333334
vit_tiny_patch16_224,42,ecualizado,original,metu,5,0.012950899089753,0.9882747068676716,0.9883333333333332
vit_tiny_patch16_224,42,ecualizado,original,metu,6,0.0076353123359149,0.988391376451078,0.9883333333333332
vit_tiny_patch16_224,42,ecualizado,original,metu,7,0.0030755417261804,0.988391376451078,0.9883333333333332
vit_tiny_patch16_224,42,ecualizado,original,metu,8,0.0020845205443661,0.9917355371900828,0.9916666666666668
vit_tiny_patch16_224,42,ecualizado,original,metu,9,0.0017013692852508,0.9882747068676716,0.9883333333333332
vit_tiny_patch16_224,42,ecualizado,original,metu,10,0.0006284186669758,0.9866666666666668,0.9866666666666668
vit_tiny_patch16_224,42,ecualizado,original,metu,11,0.0023268446326255,0.9866666666666668,0.9866666666666668
vit_tiny_patch16_224,43,ecualizado,original,sdnet_D,0,1.0674942885126386,0.6404761904761904,0.4966666666666666
vit_tiny_patch16_224,43,ecualizado,original,sdnet_D,1,0.6781299591064454,0.6741826381059752,0.5183333333333333
vit_tiny_patch16_224,43,ecualizado,original,sdnet_D,2,0.6573465973990305,0.4688172043010752,0.5883333333333334
vit_tiny_patch16_224,43,ecualizado,original,sdnet_D,3,0.6541346723692758,0.4116222760290557,0.595
vit_tiny_patch16_224,43,ecualizado,original,sdnet_D,4,0.6394554315294538,0.6514285714285715,0.5933333333333334
vit_tiny_patch16_224,43,ecualizado,original,sdnet_P,0,0.9788622174944196,0.671201814058957,0.5166666666666667
vit_tiny_patch16_224,43,ecualizado,original,sdnet_P,1,0.6490796821457999,0.6472602739726028,0.6566666666666666
vit_tiny_patch16_224,43,ecualizado,original,sdnet_P,2,0.5922964719363621,0.6398390342052314,0.7016666666666667
vit_tiny_patch16_224,43,ecualizado,original,sdnet_P,3,0.5410759270191192,0.6474226804123712,0.715
vit_tiny_patch16_224,43,ecualizado,original,sdnet_W,0,1.0568883299827576,0.6786140979689367,0.5516666666666666
vit_tiny_patch16_224,43,ecualizado,original,sdnet_W,1,0.6750338309151785,0.6648275862068965,0.595
vit_tiny_patch16_224,43,ecualizado,original,sdnet_W,2,0.6641534638404846,0.6784741144414169,0.6066666666666667
vit_tiny_patch16_224,43,ecualizado,original,sdnet_W,3,0.6321741267613002,0.4547677261613692,0.6283333333333333
vit_tiny_patch16_224,43,ecualizado,original,metu,0,0.6209666217224938,0.8973143759873617,0.8916666666666667
vit_tiny_patch16_224,43,ecualizado,original,metu,1,0.1318845535176141,0.967409948542024,0.9683333333333334
vit_tiny_patch16_224,43,ecualizado,original,metu,2,0.055939436342035,0.9584775086505192,0.96
vit_tiny_patch16_224,43,ecualizado,original,metu,3,0.0398204267876488,0.9900662251655628,0.99
vit_tiny_patch16_224,43,ecualizado,original,metu,4,0.0178474100572722,0.9899328859060402,0.99
vit_tiny_patch16_224,43,ecualizado,original,metu,5,0.0074024857793535,0.9866220735785952,0.9866666666666668
vit_tiny_patch16_224,43,ecualizado,original,metu,6,0.0096525912173092,0.99009900990099,0.99
vit_tiny_patch16_224,43,ecualizado,original,metu,7,0.0027184479999622,0.9966666666666668,0.9966666666666668
vit_tiny_patch16_224,43,ecualizado,original,metu,8,0.0031008392143329,0.9916247906197656,0.9916666666666668
vit_tiny_patch16_224,43,ecualizado,original,metu,9,0.0010055444070271,0.9916247906197656,0.9916666666666668
vit_tiny_patch16_224,43,ecualizado,original,metu,10,0.0002291010107312,0.9916247906197656,0.9916666666666668
vit_tiny_patch16_224,44,ecualizado,original,sdnet_D,0,0.9968008317266192,0.6666666666666666,0.5
vit_tiny_patch16_224,44,ecualizado,original,sdnet_D,1,0.686470445564815,0.6674082313681868,0.5016666666666667
vit_tiny_patch16_224,44,ecualizado,original,sdnet_D,2,0.6796957891327994,0.6629339305711086,0.4983333333333333
vit_tiny_patch16_224,44,ecualizado,original,sdnet_D,3,0.6667121219635009,0.0,0.5
vit_tiny_patch16_224,44,ecualizado,original,sdnet_D,4,0.6579024774687631,0.3401015228426396,0.5666666666666667
vit_tiny_patch16_224,44,ecualizado,original,sdnet_P,0,0.8662569999694825,0.6401273885350318,0.6233333333333333
vit_tiny_patch16_224,44,ecualizado,original,sdnet_P,1,0.6492206461088998,0.6958698372966208,0.595
vit_tiny_patch16_224,44,ecualizado,original,sdnet_P,2,0.609721246106284,0.7426160337552743,0.695
vit_tiny_patch16_224,44,ecualizado,original,sdnet_P,3,0.5416833186149597,0.5740318906605922,0.6883333333333334
vit_tiny_patch16_224,44,ecualizado,original,sdnet_P,4,0.4901879784039089,0.7306273062730627,0.7566666666666667
vit_tiny_patch16_224,44,ecualizado,original,sdnet_P,5,0.4361287668773106,0.6381156316916489,0.7183333333333334
vit_tiny_patch16_224,44,ecualizado,original,sdnet_W,0,1.0157796202387128,0.6786140979689367,0.5516666666666666
vit_tiny_patch16_224,44,ecualizado,original,sdnet_W,1,0.6879357041631426,0.5510597302504817,0.6116666666666667
vit_tiny_patch16_224,44,ecualizado,original,sdnet_W,2,0.6694673160144261,0.6161971830985915,0.6366666666666667
vit_tiny_patch16_224,44,ecualizado,original,sdnet_W,3,0.6560720821789333,0.6907730673316709,0.5866666666666667
vit_tiny_patch16_224,44,ecualizado,original,sdnet_W,4,0.6143038776942662,0.6938775510204082,0.675
vit_tiny_patch16_224,44,ecualizado,original,sdnet_W,5,0.5650590028081621,0.6961325966850829,0.725
vit_tiny_patch16_224,44,ecualizado,original,sdnet_W,6,0.5044777514253344,0.7145242070116862,0.715
vit_tiny_patch16_224,44,ecualizado,original,sdnet_W,7,0.4297267832074846,0.7275693311582382,0.7216666666666667
vit_tiny_patch16_224,44,ecualizado,original,sdnet_W,8,0.3402052581310272,0.7164179104477612,0.7466666666666667
vit_tiny_patch16_224,44,ecualizado,original,sdnet_W,9,0.2688160651070731,0.7425569176882661,0.755
vit_tiny_patch16_224,44,ecualizado,original,sdnet_W,10,0.1869377796990531,0.7285464098073555,0.7416666666666667
vit_tiny_patch16_224,44,ecualizado,original,sdnet_W,11,0.1625664152417864,0.7259786476868327,0.7433333333333333
vit_tiny_patch16_224,44,ecualizado,original,metu,0,0.6997295549937657,0.948051948051948,0.9466666666666668
vit_tiny_patch16_224,44,ecualizado,original,metu,1,0.1074653866887092,0.8657844990548205,0.8816666666666667
vit_tiny_patch16_224,44,ecualizado,original,metu,2,0.0949365493442331,0.9785123966942147,0.9783333333333334
vit_tiny_patch16_224,44,ecualizado,original,metu,3,0.0315349047524588,0.9796610169491524,0.98
vit_tiny_patch16_224,44,ecualizado,original,metu,4,0.0217814439508531,0.995008319467554,0.995
vit_tiny_patch16_224,44,ecualizado,original,metu,5,0.0092643364944628,0.9933333333333332,0.9933333333333332
vit_tiny_patch16_224,44,ecualizado,original,metu,6,0.0037098585282053,0.9916247906197656,0.9916666666666668
vit_tiny_patch16_224,44,ecualizado,original,metu,7,0.0016720650026607,0.9966666666666668,0.9966666666666668
vit_tiny_patch16_224,44,ecualizado,original,metu,8,0.0044236408812659,0.9933110367892976,0.9933333333333332
vit_tiny_patch16_224,44,ecualizado,original,metu,9,0.0006844498483198,0.9933110367892976,0.9933333333333332
vit_tiny_patch16_224,44,ecualizado,original,metu,10,0.0016588326009722,0.9916247906197656,0.9916666666666668
resnet18,42,escala,original,sdnet_D,0,0.6307839907918658,0.6869409660107334,0.7083333333333334
resnet18,42,escala,original,sdnet_D,1,0.5046870143072946,0.7602339181286549,0.795
resnet18,42,escala,original,sdnet_D,2,0.4558340973513467,0.7647058823529411,0.8
resnet18,42,escala,original,sdnet_D,3,0.4328351002080099,0.766798418972332,0.8033333333333333
resnet18,42,escala,original,sdnet_D,4,0.4176687499455043,0.7977315689981096,0.8216666666666667
resnet18,42,escala,original,sdnet_D,5,0.4108807982717241,0.8067542213883677,0.8283333333333334
resnet18,42,escala,original,sdnet_D,6,0.4054815067563738,0.782435129740519,0.8183333333333334
resnet18,42,escala,original,sdnet_D,7,0.3878791189193725,0.8014981273408239,0.8233333333333334
resnet18,42,escala,original,sdnet_D,8,0.3933099452086857,0.7954110898661568,0.8216666666666667
resnet18,42,escala,original,sdnet_P,0,0.6383693368094308,0.7346938775510204,0.6533333333333333
resnet18,42,escala,original,sdnet_P,1,0.4653393575123378,0.8487972508591065,0.8533333333333334
resnet18,42,escala,original,sdnet_P,2,0.3961933464663369,0.84,0.8533333333333334
resnet18,42,escala,original,sdnet_P,3,0.3561917872088296,0.8535262206148282,0.865
resnet18,42,escala,original,sdnet_P,4,0.364851758650371,0.8821548821548821,0.8833333333333333
resnet18,42,escala,original,sdnet_P,5,0.3348922947474888,0.8892561983471075,0.8883333333333333
resnet18,42,escala,original,sdnet_P,6,0.3195231197561536,0.8851351351351351,0.8866666666666667
resnet18,42,escala,original,sdnet_P,7,0.2973198415551867,0.882661996497373,0.8883333333333333
resnet18,42,escala,original,sdnet_P,8,0.2921025010517665,0.891156462585034,0.8933333333333333
resnet18,42,escala,original,sdnet_P,9,0.2936634823254176,0.8986486486486487,0.9
resnet18,42,escala,original,sdnet_P,10,0.2818092992476054,0.8998302207130731,0.9016666666666666
resnet18,42,escala,original,sdnet_P,11,0.2904615061623709,0.8957264957264958,0.8983333333333333
resnet18,42,escala,original,sdnet_W,0,0.5996490013599396,0.7305555555555555,0.6766666666666666
resnet18,42,escala,original,sdnet_W,1,0.4577499643393925,0.7752808988764045,0.8
resnet18,42,escala,original,sdnet_W,2,0.4097897718633924,0.6739606126914661,0.7516666666666667
resnet18,42,escala,original,sdnet_W,3,0.3820106525080544,0.803030303030303,0.8266666666666667
resnet18,42,escala,original,sdnet_W,4,0.3550665932042258,0.8012232415902141,0.7833333333333333
resnet18,42,escala,original,sdnet_W,5,0.3388523418562753,0.8126159554730983,0.8316666666666667
resnet18,42,escala,original,sdnet_W,6,0.33672499026571,0.8060263653483992,0.8283333333333334
resnet18,42,escala,original,sdnet_W,7,0.3251241726534707,0.8466666666666667,0.8466666666666667
resnet18,42,escala,original,sdnet_W,8,0.3145972342150552,0.8359788359788359,0.845
resnet18,42,escala,original,sdnet_W,9,0.314900991831507,0.8450704225352113,0.8533333333333334
resnet18,42,escala,original,sdnet_W,10,0.3045254099369049,0.8407871198568873,0.8516666666666667
resnet18,42,escala,original,metu,0,0.3345601138472557,0.9900662251655628,0.99
resnet18,42,escala,original,metu,1,0.033974651140826,0.9966666666666668,0.9966666666666668
resnet18,42,escala,original,metu,2,0.013578789313989,0.9966666666666668,0.9966666666666668
resnet18,42,escala,original,metu,3,0.0111901699631874,0.998330550918197,0.9983333333333332
resnet18,42,escala,original,metu,4,0.009080424522981,0.998330550918197,0.9983333333333332
resnet18,42,escala,original,metu,5,0.008837579190731,0.998330550918197,0.9983333333333332
resnet18,42,escala,original,metu,6,0.0066834552812256,0.9966555183946488,0.9966666666666668
resnet18,43,escala,original,sdnet_D,0,0.6357257952008929,0.7050092764378478,0.735
resnet18,43,escala,original,sdnet_D,1,0.5117845846925463,0.7354085603112841,0.7733333333333333
resnet18,43,escala,original,sdnet_D,2,0.4670247392995016,0.767175572519084,0.7966666666666666
resnet18,43,escala,original,sdnet_D,3,0.4386935268129621,0.762278978388998,0.7983333333333333
resnet18,43,escala,original,sdnet_D,4,0.4255342830930437,0.8043875685557587,0.8216666666666667
resnet18,43,escala,original,sdnet_D,5,0.4194950212751116,0.7749510763209393,0.8083333333333333
resnet18,43,escala,original,sdnet_D,6,0.4085015434878213,0.7821229050279329,0.805
resnet18,43,escala,original,sdnet_D,7,0.4011018283878054,0.7886792452830189,0.8133333333333334
resnet18,43,escala,original,sdnet_P,0,0.6281291307721819,0.7725321888412017,0.735
resnet18,43,escala,original,sdnet_P,1,0.4702594593593052,0.8422876949740035,0.8483333333333334
resnet18,43,escala,original,sdnet_P,2,0.3928216281958989,0.8566433566433567,0.8633333333333333
resnet18,43,escala,original,sdnet_P,3,0.3646831476688385,0.8591065292096219,0.8633333333333333
resnet18,43,escala,original,sdnet_P,4,0.3438255972521645,0.8754098360655738,0.8733333333333333
resnet18,43,escala,original,sdnet_P,5,0.3278475139822279,0.8798646362098139,0.8816666666666667
resnet18,43,escala,original,sdnet_P,6,0.3145300352573394,0.883495145631068,0.88
resnet18,43,escala,original,sdnet_P,7,0.3077993790592466,0.8957264957264958,0.8983333333333333
resnet18,43,escala,original,sdnet_P,8,0.2826520386763981,0.8896321070234113,0.89
resnet18,43,escala,original,sdnet_P,9,0.2854997400726591,0.8949152542372881,0.8966666666666666
resnet18,43,escala,original,sdnet_P,10,0.2825636461802891,0.886986301369863,0.89
resnet18,43,escala,original,sdnet_W,0,0.6148893959181649,0.7730829420970265,0.7583333333333333
resnet18,43,escala,original,sdnet_W,1,0.4656513581957135,0.7035573122529645,0.75
resnet18,43,escala,original,sdnet_W,2,0.4150480806827545,0.7912087912087912,0.81
resnet18,43,escala,original,sdnet_W,3,0.3722180080413818,0.7855711422845691,0.8216666666666667
resnet18,43,escala,original,sdnet_W,4,0.3581219514778682,0.7938342967244701,0.8216666666666667
resnet18,43,escala,original,sdnet_W,5,0.3444720133713314,0.8385964912280702,0.8466666666666667
resnet18,43,escala,original,sdnet_W,6,0.3381226980686188,0.8173598553345389,0.8316666666666667
resnet18,43,escala,original,sdnet_W,7,0.3239260735682078,0.8431372549019608,0.84
resnet18,43,escala,original,sdnet_W,8,0.3097509860992432,0.8400702987697716,0.8483333333333334
resnet18,43,escala,original,sdnet_W,9,0.3092511802060264,0.823943661971831,0.8333333333333334
resnet18,43,escala,original,sdnet_W,10,0.3117176415239062,0.8330341113105925,0.845
resnet18,43,escala,original,metu,0,0.3239744957855769,0.988391376451078,0.9883333333333332
resnet18,43,escala,original,metu,1,0.0276693108677864,0.998330550918197,0.9983333333333332
resnet18,43,escala,original,metu,2,0.0148529883367674,1.0,1.0
resnet18,43,escala,original,metu,3,0.011645976438054,0.998330550918197,0.9983333333333332
resnet18,43,escala,original,metu,4,0.0103050441401345,1.0,1.0
resnet18,43,escala,original,metu,5,0.0074541478071893,0.998330550918197,0.9983333333333332
resnet18,44,escala,original,sdnet_D,0,0.6376824682099479,0.7154471544715447,0.7083333333333334
resnet18,44,escala,original,sdnet_D,1,0.511722263778959,0.7421150278293135,0.7683333333333333
resnet18,44,escala,original,sdnet_D,2,0.471261316708156,0.7540322580645161,0.7966666666666666
resnet18,44,escala,original,sdnet_D,3,0.4464984454427446,0.7932960893854749,0.815
resnet18,44,escala,original,sdnet_D,4,0.4332442445414406,0.7964601769911505,0.8083333333333333
resnet18,44,escala,original,sdnet_D,5,0.4158489935738699,0.7744510978043913,0.8116666666666666
resnet18,44,escala,original,sdnet_D,6,0.4091529445988791,0.7958115183246073,0.805
resnet18,44,escala,original,sdnet_D,7,0.4001444356782095,0.8051948051948052,0.825
resnet18,44,escala,original,sdnet_D,8,0.3883234657560076,0.788785046728972,0.8116666666666666
resnet18,44,escala,original,sdnet_D,9,0.4042052439280919,0.7984934086629002,0.8216666666666667
resnet18,44,escala,original,sdnet_D,10,0.385187543460301,0.7969639468690702,0.8216666666666667
resnet18,44,escala,original,sdnet_P,0,0.643509510244642,0.7509881422924901,0.685
resnet18,44,escala,original,sdnet_P,1,0.475604852267674,0.8089887640449438,0.83
resnet18,44,escala,original,sdnet_P,2,0.4074943094594138,0.867595818815331,0.8733333333333333
resnet18,44,escala,original,sdnet_P,3,0.3747239032813481,0.8524590163934426,0.865
resnet18,44,escala,original,sdnet_P,4,0.3385302686691284,0.8904109589041096,0.8933333333333333
resnet18,44,escala,original,sdnet_P,5,0.3231264654227666,0.8900169204737732,0.8916666666666667
resnet18,44,escala,original,sdnet_P,6,0.3051916110515594,0.8985024958402662,0.8983333333333333
resnet18,44,escala,original,sdnet_P,7,0.2914296175752367,0.8983050847457628,0.9
resnet18,44,escala,original,sdnet_P,8,0.2833175611495971,0.9005059021922428,0.9016666666666666
resnet18,44,escala,original,sdnet_P,9,0.2759555390902928,0.9038785834738616,0.905
resnet18,44,escala,original,sdnet_P,10,0.2827694032873426,0.9008403361344538,0.9016666666666666
resnet18,44,escala,original,sdnet_P,11,0.2786424839496612,0.899488926746167,0.9016666666666666
resnet18,44,escala,original,sdnet_W,0,0.6157025470052446,0.7559523809523809,0.7266666666666667
resnet18,44,escala,original,sdnet_W,1,0.4677686941623687,0.6893617021276596,0.7566666666666667
resnet18,44,escala,original,sdnet_W,2,0.4105308994225093,0.7265135699373695,0.7816666666666666
resnet18,44,escala,original,sdnet_W,3,0.3847372078895569,0.6578366445916115,0.7416666666666667
resnet18,44,escala,original,metu,0,0.3404486305585929,0.985172981878089,0.985
resnet18,44,escala,original,metu,1,0.0389314526745251,0.994991652754591,0.995
resnet18,44,escala,original,metu,2,0.0177937465054648,0.9966555183946488,0.9966666666666668
resnet18,44,escala,original,metu,3,0.0111509659513831,0.9966555183946488,0.9966666666666668
resnet18,44,escala,original,metu,4,0.0088881678639778,0.9966666666666668,0.9966666666666668
resnet18,44,escala,original,metu,5,0.0083989372423716,0.9966555183946488,0.9966666666666668
resnet18,44,escala,original,metu,6,0.0054968053980597,0.994991652754591,0.995
resnet18,44,escala,original,metu,7,0.0089317773069654,0.994991652754591,0.995
efficientnet_b0,42,escala,original,sdnet_D,0,1.6506535700389318,0.7360248447204969,0.7166666666666667
efficientnet_b0,42,escala,original,sdnet_D,1,1.0377618278775895,0.7326388888888888,0.7433333333333333
efficientnet_b0,42,escala,original,sdnet_D,2,0.7067667531967163,0.7439252336448599,0.7716666666666666
efficientnet_b0,42,escala,original,sdnet_D,3,0.5127929895264762,0.7553956834532374,0.7733333333333333
efficientnet_b0,42,escala,original,sdnet_D,4,0.4487992446763175,0.7641681901279708,0.785
efficientnet_b0,42,escala,original,sdnet_D,5,0.4138884772573198,0.7781954887218046,0.8033333333333333
efficientnet_b0,42,escala,original,sdnet_D,6,0.3876399183273315,0.7732342007434945,0.7966666666666666
efficientnet_b0,42,escala,original,sdnet_D,7,0.3681103486674172,0.7883211678832117,0.8066666666666666
efficientnet_b0,42,escala,original,sdnet_D,8,0.3591363276754107,0.775894538606403,0.8016666666666666
efficientnet_b0,42,escala,original,sdnet_D,9,0.3610766795703343,0.7803030303030303,0.8066666666666666
efficientnet_b0,42,escala,original,sdnet_D,10,0.3518894289221082,0.7853211009174312,0.805
efficientnet_b0,42,escala,original,sdnet_P,0,1.554882172516414,0.7914110429447853,0.7733333333333333
efficientnet_b0,42,escala,original,sdnet_P,1,0.886087829044887,0.8130081300813008,0.8083333333333333
efficientnet_b0,42,escala,original,sdnet_P,2,0.6304971132959638,0.8377483443708609,0.8366666666666667
efficientnet_b0,42,escala,original,sdnet_P,3,0.4687285612310682,0.846286701208981,0.8516666666666667
efficientnet_b0,42,escala,original,sdnet_P,4,0.3838114672047751,0.8760611205432938,0.8783333333333333
efficientnet_b0,42,escala,original,sdnet_P,5,0.3050029003620148,0.8732876712328768,0.8766666666666667
efficientnet_b0,42,escala,original,sdnet_P,6,0.2794835930211203,0.8805460750853242,0.8833333333333333
efficientnet_b0,42,escala,original,sdnet_P,7,0.2741374049867902,0.8847457627118644,0.8866666666666667
efficientnet_b0,42,escala,original,sdnet_P,8,0.2668113345759255,0.888135593220339,0.89
efficientnet_b0,42,escala,original,sdnet_P,9,0.2442842291934149,0.890728476821192,0.89
efficientnet_b0,42,escala,original,sdnet_P,10,0.2294096379620688,0.8911222780569514,0.8916666666666667
efficientnet_b0,42,escala,original,sdnet_P,11,0.234087980048997,0.8926174496644296,0.8933333333333333
efficientnet_b0,42,escala,original,sdnet_W,0,1.602673339162554,0.6905537459283387,0.6833333333333333
efficientnet_b0,42,escala,original,sdnet_W,1,0.9876356422901154,0.7626582278481012,0.75
efficientnet_b0,42,escala,original,sdnet_W,2,0.7368102693557739,0.7729636048526863,0.7816666666666666
efficientnet_b0,42,escala,original,sdnet_W,3,0.5052058976037161,0.8119800332778702,0.8116666666666666
efficientnet_b0,42,escala,original,sdnet_W,4,0.4113117912837437,0.8040201005025126,0.805
efficientnet_b0,42,escala,original,sdnet_W,5,0.3357993914399828,0.8089500860585198,0.815
efficientnet_b0,42,escala,original,sdnet_W,6,0.3220262888499668,0.8111888111888111,0.82
efficientnet_b0,42,escala,original,metu,0,0.2765316783956119,0.9933110367892976,0.9933333333333332
efficientnet_b0,42,escala,original,metu,1,0.0399926564523151,0.994991652754591,0.995
efficientnet_b0,42,escala,original,metu,2,0.0459616385187421,0.9933110367892976,0.9933333333333332
efficientnet_b0,42,escala,original,metu,3,0.0166062289902142,0.9966555183946488,0.9966666666666668
efficientnet_b0,42,escala,original,metu,4,0.0166966709494175,0.9966555183946488,0.9966666666666668
efficientnet_b0,42,escala,original,metu,5,0.0264081707144422,0.998330550918197,0.9983333333333332
efficientnet_b0,42,escala,original,metu,6,0.0213346082850226,0.9966555183946488,0.9966666666666668
efficientnet_b0,42,escala,original,metu,7,0.0178680672816283,1.0,1.0
efficientnet_b0,42,escala,original,metu,8,0.0124182857785906,0.998330550918197,0.9983333333333332
efficientnet_b0,42,escala,original,metu,9,0.0058842352032661,1.0,1.0
efficientnet_b0,42,escala,original,metu,10,0.0022922236580468,1.0,1.0
efficientnet_b0,43,escala,original,sdnet_D,0,1.574302681854793,0.7142857142857143,0.6933333333333334
efficientnet_b0,43,escala,original,sdnet_D,1,0.9765249272755214,0.7276051188299817,0.7516666666666667
efficientnet_b0,43,escala,original,sdnet_D,2,0.7007328792980739,0.7541528239202658,0.7533333333333333
efficientnet_b0,43,escala,original,sdnet_D,3,0.4863608183179583,0.7535714285714286,0.77
efficientnet_b0,43,escala,original,sdnet_D,4,0.4289611661434173,0.7679180887372014,0.7733333333333333
efficientnet_b0,43,escala,original,sdnet_D,5,0.4032700918401991,0.7620751341681574,0.7783333333333333
efficientnet_b0,43,escala,original,sdnet_D,6,0.3636880597046443,0.7760141093474426,0.7883333333333333
efficientnet_b0,43,escala,original,sdnet_D,7,0.3623170970167432,0.7792207792207793,0.8016666666666666
efficientnet_b0,43,escala,original,sdnet_D,8,0.3405161465917314,0.7803992740471869,0.7983333333333333
efficientnet_b0,43,escala,original,sdnet_D,9,0.3471434053352901,0.7845303867403315,0.805
efficientnet_b0,43,escala,original,sdnet_D,10,0.3535093670231955,0.7926605504587156,0.8116666666666666
efficientnet_b0,43,escala,original,sdnet_D,11,0.326933593239103,0.7904411764705882,0.81
efficientnet_b0,43,escala,original,sdnet_P,0,1.5937468147277831,0.7591463414634146,0.7366666666666667
efficientnet_b0,43,escala,original,sdnet_P,1,0.8573617247172765,0.8109854604200323,0.805
efficientnet_b0,43,escala,original,sdnet_P,2,0.6240150025912694,0.8347245409015025,0.835
efficientnet_b0,43,escala,original,sdnet_P,3,0.4319808103357042,0.8456140350877193,0.8533333333333334
efficientnet_b0,43,escala,original,sdnet_P,4,0.3546333379404885,0.8676716917922948,0.8683333333333333
efficientnet_b0,43,escala,original,sdnet_P,5,0.3458973346437726,0.8703071672354948,0.8733333333333333
efficientnet_b0,43,escala,original,sdnet_P,6,0.2967004262549536,0.8666666666666667,0.8666666666666667
efficientnet_b0,43,escala,original,sdnet_P,7,0.2667541488579341,0.8786324786324786,0.8816666666666667
efficientnet_b0,43,escala,original,sdnet_P,8,0.260245806319373,0.8825503355704698,0.8833333333333333
efficientnet_b0,43,escala,original,sdnet_P,9,0.2446536932672773,0.8724137931034482,0.8766666666666667
efficientnet_b0,43,escala,original,sdnet_P,10,0.2421328476497105,0.8743545611015491,0.8783333333333333
efficientnet_b0,43,escala,original,sdnet_P,11,0.244385410462107,0.8752136752136752,0.8783333333333333
efficientnet_b0,43,escala,original,sdnet_W,0,1.5953952523640225,0.7449139280125195,0.7283333333333334
efficientnet_b0,43,escala,original,sdnet_W,1,0.9433518748623984,0.754325259515571,0.7633333333333333
efficientnet_b0,43,escala,original,sdnet_W,2,0.6603278207778931,0.7960199004975125,0.795
efficientnet_b0,43,escala,original,sdnet_W,3,0.4488101603303637,0.8106194690265487,0.8216666666666667
efficientnet_b0,43,escala,original,sdnet_W,4,0.3879258869375501,0.8055555555555556,0.8133333333333334
efficientnet_b0,43,escala,original,sdnet_W,5,0.3330379257883344,0.8014440433212996,0.8166666666666667
efficientnet_b0,43,escala,original,sdnet_W,6,0.3452554531608309,0.8006993006993007,0.81
efficientnet_b0,43,escala,original,metu,0,0.2243411056910138,0.9966777408637874,0.9966666666666668
efficientnet_b0,43,escala,original,metu,1,0.0367327351231194,0.9983361064891848,0.9983333333333332
efficientnet_b0,43,escala,original,metu,2,0.0422873939779986,0.9949748743718592,0.995
efficientnet_b0,43,escala,original,metu,3,0.019182798905032,0.9983361064891848,0.9983333333333332
efficientnet_b0,43,escala,original,metu,4,0.0117773705295141,1.0,1.0
efficientnet_b0,43,escala,original,metu,5,0.0294989238466522,1.0,1.0
efficientnet_b0,43,escala,original,metu,6,0.0173633787035916,0.9966777408637874,0.9966666666666668
efficientnet_b0,43,escala,original,metu,7,0.0118735178027626,0.9983361064891848,0.9983333333333332
efficientnet_b0,44,escala,original,sdnet_D,0,1.675485360281808,0.7025089605734767,0.7233333333333334
efficientnet_b0,44,escala,original,sdnet_D,1,1.0304877894265312,0.7239488117001828,0.7483333333333333
efficientnet_b0,44,escala,original,sdnet_D,2,0.7576377013751439,0.7245841035120147,0.7516666666666667
efficientnet_b0,44,escala,original,sdnet_D,3,0.5930881725038801,0.7412844036697248,0.765
efficientnet_b0,44,escala,original,sdnet_D,4,0.4371722374643598,0.7504424778761062,0.765
efficientnet_b0,44,escala,original,sdnet_D,5,0.3986771258286067,0.7627737226277372,0.7833333333333333
efficientnet_b0,44,escala,original,sdnet_D,6,0.3746792502062661,0.7504690431519699,0.7783333333333333
efficientnet_b0,44,escala,original,sdnet_D,7,0.3763756847381592,0.7490494296577946,0.78
efficientnet_b0,44,escala,original,sdnet_D,8,0.3453632911614009,0.7669724770642202,0.7883333333333333
efficientnet_b0,44,escala,original,sdnet_D,9,0.3472045091220311,0.7611940298507462,0.7866666666666666
efficientnet_b0,44,escala,original,sdnet_D,10,0.3296039244106837,0.7522935779816514,0.775
efficientnet_b0,44,escala,original,sdnet_D,11,0.3136434650421142,0.7509293680297398,0.7766666666666666
efficientnet_b0,44,escala,original,sdnet_P,0,1.6972955342701503,0.7921686746987951,0.77
efficientnet_b0,44,escala,original,sdnet_P,1,1.0078327233450752,0.7655677655677655,0.7866666666666666
efficientnet_b0,44,escala,original,sdnet_P,2,0.6870794425691877,0.852233676975945,0.8566666666666667
efficientnet_b0,44,escala,original,sdnet_P,3,0.5411781534126827,0.8527397260273972,0.8566666666666667
efficientnet_b0,44,escala,original,sdnet_P,4,0.3762058430058616,0.8561525129982669,0.8616666666666667
efficientnet_b0,44,escala,original,sdnet_P,5,0.3313884343419756,0.8599033816425121,0.855
efficientnet_b0,44,escala,original,sdnet_P,6,0.3043817314079829,0.8720538720538721,0.8733333333333333
efficientnet_b0,44,escala,original,sdnet_P,7,0.2739200040272304,0.8654173764906303,0.8683333333333333
efficientnet_b0,44,escala,original,sdnet_P,8,0.2585416289738246,0.8711864406779661,0.8733333333333333
efficientnet_b0,44,escala,original,sdnet_P,9,0.2577328601905277,0.8668941979522184,0.87
efficientnet_b0,44,escala,original,sdnet_W,0,1.6716854109082904,0.7280832095096582,0.695
efficientnet_b0,44,escala,original,sdnet_W,1,1.0502283205304828,0.7451612903225806,0.7366666666666667
efficientnet_b0,44,escala,original,sdnet_W,2,0.7133132079669408,0.7520798668885191,0.7516666666666667
efficientnet_b0,44,escala,original,sdnet_W,3,0.5705084478855134,0.7892074198988196,0.7916666666666666
efficientnet_b0,44,escala,original,sdnet_W,4,0.3650466687338692,0.7893864013266998,0.7883333333333333
efficientnet_b0,44,escala,original,sdnet_W,5,0.3730362914289747,0.7946577629382304,0.795
efficientnet_b0,44,escala,original,sdnet_W,6,0.3508228068692343,0.802675585284281,0.8033333333333333
efficientnet_b0,44,escala,original,sdnet_W,7,0.3090116311822619,0.8035714285714286,0.8166666666666667
efficientnet_b0,44,escala,original,sdnet_W,8,0.3096760851996286,0.8055555555555556,0.8133333333333334
efficientnet_b0,44,escala,original,sdnet_W,9,0.2878517995561872,0.809106830122592,0.8183333333333334
efficientnet_b0,44,escala,original,sdnet_W,10,0.274188813992909,0.802013422818792,0.8033333333333333
efficientnet_b0,44,escala,original,sdnet_W,11,0.2779187604359218,0.8028169014084507,0.8133333333333334
efficientnet_b0,44,escala,original,metu,0,0.2798536245737653,0.9966555183946488,0.9966666666666668
efficientnet_b0,44,escala,original,metu,1,0.0749766117334365,0.9916805324459236,0.9916666666666668
efficientnet_b0,44,escala,original,metu,2,0.0560112147991146,1.0,1.0
efficientnet_b0,44,escala,original,metu,3,0.0376655134558573,0.9983361064891848,0.9983333333333332
efficientnet_b0,44,escala,original,metu,4,0.0225088327269934,1.0,1.0
efficientnet_b0,44,escala,original,metu,5,0.0099777122478865,1.0,1.0
mobilenetv3_small_100,42,escala,original,sdnet_D,0,1.9806476272855489,0.6070686070686071,0.685
mobilenetv3_small_100,42,escala,original,sdnet_D,1,0.7810429869379316,0.6907630522088354,0.7433333333333333
mobilenetv3_small_100,42,escala,original,sdnet_D,2,0.5631788577352251,0.7058823529411765,0.75
mobilenetv3_small_100,42,escala,original,sdnet_D,3,0.5147487701688493,0.748062015503876,0.7833333333333333
mobilenetv3_small_100,42,escala,original,sdnet_D,4,0.4854787325859069,0.794912559618442,0.785
mobilenetv3_small_100,42,escala,original,sdnet_D,5,0.5341202630315508,0.7889060092449923,0.7716666666666666
mobilenetv3_small_100,42,escala,original,sdnet_D,6,0.4743501918656485,0.7681159420289855,0.7866666666666666
mobilenetv3_small_100,42,escala,original,sdnet_D,7,0.4155697202682495,0.7963963963963964,0.8116666666666666
mobilenetv3_small_100,42,escala,original,sdnet_D,8,0.4007883650915963,0.7897623400365631,0.8083333333333333
mobilenetv3_small_100,42,escala,original,sdnet_D,9,0.3937473474230085,0.769825918762089,0.8016666666666666
mobilenetv3_small_100,42,escala,original,sdnet_D,10,0.3842112956728254,0.7773584905660378,0.8033333333333333
mobilenetv3_small_100,42,escala,original,sdnet_P,0,2.3333733797073366,0.7468879668049793,0.695
mobilenetv3_small_100,42,escala,original,sdnet_P,1,0.7093157030854906,0.8378812199036918,0.8316666666666667
mobilenetv3_small_100,42,escala,original,sdnet_P,2,0.5433886310032435,0.8467614533965245,0.8383333333333334
mobilenetv3_small_100,42,escala,original,sdnet_P,3,0.4509231402192797,0.869281045751634,0.8666666666666667
mobilenetv3_small_100,42,escala,original,sdnet_P,4,0.4407900251661028,0.8539682539682539,0.8466666666666667
mobilenetv3_small_100,42,escala,original,sdnet_P,5,0.407757168837956,0.8640275387263339,0.8683333333333333
mobilenetv3_small_100,42,escala,original,sdnet_P,6,0.3546006122657231,0.8643533123028391,0.8566666666666667
mobilenetv3_small_100,42,escala,original,sdnet_W,0,2.042719977583204,0.728110599078341,0.705
mobilenetv3_small_100,42,escala,original,sdnet_W,1,0.7415607695920127,0.7558139534883721,0.72
mobilenetv3_small_100,42,escala,original,sdnet_W,2,0.5423057000977652,0.7777777777777778,0.7866666666666666
mobilenetv3_small_100,42,escala,original,sdnet_W,3,0.4543695148399898,0.763915547024952,0.795
mobilenetv3_small_100,42,escala,original,sdnet_W,4,0.4152602667467934,0.8006872852233677,0.8066666666666666
mobilenetv3_small_100,42,escala,original,sdnet_W,5,0.4429704735960279,0.8032520325203252,0.7983333333333333
mobilenetv3_small_100,42,escala,original,sdnet_W,6,0.3871807324886322,0.8149300155520995,0.8016666666666666
mobilenetv3_small_100,42,escala,original,sdnet_W,7,0.3476646731581007,0.8187919463087249,0.82
mobilenetv3_small_100,42,escala,original,sdnet_W,8,0.3364047796385628,0.8151986183074266,0.8216666666666667
mobilenetv3_small_100,42,escala,original,sdnet_W,9,0.3249444362946919,0.8209764918625678,0.835
mobilenetv3_small_100,42,escala,original,sdnet_W,10,0.3110956916638783,0.8433734939759037,0.8483333333333334
mobilenetv3_small_100,42,escala,original,sdnet_W,11,0.2976684173515865,0.8336192109777015,0.8383333333333334
mobilenetv3_small_100,42,escala,original,metu,0,1.1642563813499045,0.9932885906040269,0.9933333333333332
mobilenetv3_small_100,42,escala,original,metu,1,0.0819431862233406,0.988391376451078,0.9883333333333332
mobilenetv3_small_100,42,escala,original,metu,2,0.0680100142556641,0.9966777408637874,0.9966666666666668
mobilenetv3_small_100,42,escala,original,metu,3,0.0194607317447662,1.0,1.0
mobilenetv3_small_100,42,escala,original,metu,4,0.0082061651668378,0.9983361064891848,0.9983333333333332
mobilenetv3_small_100,42,escala,original,metu,5,0.0079089805909565,1.0,1.0
mobilenetv3_small_100,42,escala,original,metu,6,0.0103920256665878,0.998330550918197,0.9983333333333332
mobilenetv3_small_100,43,escala,original,sdnet_D,0,2.828539481163025,0.6963151207115629,0.6016666666666667
mobilenetv3_small_100,43,escala,original,sdnet_D,1,0.8364839942114694,0.7074569789674953,0.745
mobilenetv3_small_100,43,escala,original,sdnet_D,2,0.5941424528190068,0.7204968944099379,0.775
mobilenetv3_small_100,43,escala,original,sdnet_D,3,0.5511690892492022,0.7239263803680982,0.775
mobilenetv3_small_100,43,escala,original,sdnet_D,4,0.5319988472121102,0.7596330275229358,0.7816666666666666
mobilenetv3_small_100,43,escala,original,sdnet_D,5,0.4722601696423122,0.7622504537205081,0.7816666666666666
mobilenetv3_small_100,43,escala,original,sdnet_D,6,0.449767346893038,0.7745454545454545,0.7933333333333333
mobilenetv3_small_100,43,escala,original,sdnet_D,7,0.4185763958522251,0.7804878048780488,0.805
mobilenetv3_small_100,43,escala,original,sdnet_D,8,0.3976287489277976,0.7853211009174312,0.805
mobilenetv3_small_100,43,escala,original,sdnet_D,9,0.3897209829943521,0.7862318840579711,0.8033333333333333
mobilenetv3_small_100,43,escala,original,sdnet_D,10,0.3887099032742636,0.7765151515151515,0.8033333333333333
mobilenetv3_small_100,43,escala,original,sdnet_D,11,0.3782202349390302,0.7842401500938087,0.8083333333333333
mobilenetv3_small_100,43,escala,original,sdnet_P,0,2.6342353088515145,0.7108886107634543,0.615
mobilenetv3_small_100,43,escala,original,sdnet_P,1,0.7415089954648699,0.7937062937062938,0.8033333333333333
mobilenetv3_small_100,43,escala,original,sdnet_P,2,0.4712431653908321,0.8160291438979964,0.8316666666666667
mobilenetv3_small_100,43,escala,original,sdnet_P,3,0.4464882920469556,0.7992277992277992,0.8266666666666667
mobilenetv3_small_100,43,escala,original,sdnet_P,4,0.4729195734432765,0.8523076923076923,0.84
mobilenetv3_small_100,43,escala,original,sdnet_P,5,0.3727916072096143,0.8731466227347611,0.8716666666666667
mobilenetv3_small_100,43,escala,original,sdnet_P,6,0.3330523777859551,0.8601398601398601,0.8666666666666667
mobilenetv3_small_100,43,escala,original,sdnet_P,7,0.3497539939199175,0.8754208754208754,0.8766666666666667
mobilenetv3_small_100,43,escala,original,sdnet_P,8,0.3227713901656014,0.8676716917922948,0.8683333333333333
mobilenetv3_small_100,43,escala,original,sdnet_P,9,0.2867042330333165,0.8758620689655172,0.88
mobilenetv3_small_100,43,escala,original,sdnet_P,10,0.2721203769530568,0.8768971332209107,0.8783333333333333
mobilenetv3_small_100,43,escala,original,sdnet_P,11,0.2754267760685512,0.8816466552315609,0.885
mobilenetv3_small_100,43,escala,original,sdnet_W,0,2.405324285711561,0.6072727272727273,0.64
mobilenetv3_small_100,43,escala,original,sdnet_W,1,0.8099031206539699,0.7556390977443609,0.7833333333333333
mobilenetv3_small_100,43,escala,original,sdnet_W,2,0.5550040934767042,0.7624309392265194,0.785
mobilenetv3_small_100,43,escala,original,sdnet_W,3,0.5143341447625841,0.7969924812030075,0.82
mobilenetv3_small_100,43,escala,original,sdnet_W,4,0.4806567112037114,0.7818181818181819,0.76
mobilenetv3_small_100,43,escala,original,sdnet_W,5,0.419623795066561,0.8217821782178217,0.82
mobilenetv3_small_100,43,escala,original,sdnet_W,6,0.3777973788125174,0.8070175438596491,0.8166666666666667
mobilenetv3_small_100,43,escala,original,sdnet_W,7,0.3552792650461197,0.8203389830508474,0.8233333333333334
mobilenetv3_small_100,43,escala,original,sdnet_W,8,0.3591661650793893,0.8208469055374593,0.8166666666666667
mobilenetv3_small_100,43,escala,original,metu,0,0.817619340845518,0.9950248756218906,0.995
mobilenetv3_small_100,43,escala,original,metu,1,0.0562133889964648,0.9883527454242927,0.9883333333333332
mobilenetv3_small_100,43,escala,original,metu,2,0.0313370567560195,0.9966555183946488,0.9966666666666668
mobilenetv3_small_100,43,escala,original,metu,3,0.0475477106603128,0.998330550918197,0.9983333333333332
mobilenetv3_small_100,43,escala,original,metu,4,0.0084705311485699,0.9983361064891848,0.9983333333333332
mobilenetv3_small_100,43,escala,original,metu,5,0.0032963296774375,1.0,1.0
mobilenetv3_small_100,43,escala,original,metu,6,0.0193050303629466,0.9966555183946488,0.9966666666666668
mobilenetv3_small_100,43,escala,original,metu,7,0.0111988520625579,0.9966777408637874,0.9966666666666668
mobilenetv3_small_100,43,escala,original,metu,8,0.0088615197370693,1.0,1.0
mobilenetv3_small_100,44,escala,original,sdnet_D,0,2.193417441504342,0.6614785992217899,0.71
mobilenetv3_small_100,44,escala,original,sdnet_D,1,0.7690354316575186,0.7467652495378928,0.7716666666666666
mobilenetv3_small_100,44,escala,original,sdnet_D,2,0.6170889578546797,0.751269035532995,0.755
mobilenetv3_small_100,44,escala,original,sdnet_D,3,0.5517371773719788,0.6766595289079229,0.7483333333333333
mobilenetv3_small_100,44,escala,original,sdnet_D,4,0.5355356531483787,0.7305605786618445,0.7516666666666667
mobilenetv3_small_100,44,escala,original,sdnet_D,5,0.4397370219230652,0.7622641509433963,0.79
mobilenetv3_small_100,44,escala,original,sdnet_D,6,0.436894758769444,0.76,0.78
mobilenetv3_small_100,44,escala,original,sdnet_D,7,0.4226370518548148,0.7475915221579962,0.7816666666666666
mobilenetv3_small_100,44,escala,original,sdnet_D,8,0.4017191347054072,0.7609942638623327,0.7916666666666666
mobilenetv3_small_100,44,escala,original,sdnet_P,0,2.054991287503924,0.759493670886076,0.715
mobilenetv3_small_100,44,escala,original,sdnet_P,1,0.9500149389675684,0.7803547066848567,0.7316666666666667
mobilenetv3_small_100,44,escala,original,sdnet_P,2,0.6114430907794407,0.8590604026845637,0.86
mobilenetv3_small_100,44,escala,original,sdnet_P,3,0.4492028629779815,0.8552188552188552,0.8566666666666667
mobilenetv3_small_100,44,escala,original,sdnet_P,4,0.4308245958600725,0.8532883642495784,0.855
mobilenetv3_small_100,44,escala,original,sdnet_P,5,0.3936984593527657,0.8866666666666667,0.8866666666666667
mobilenetv3_small_100,44,escala,original,sdnet_P,6,0.3294420186110905,0.8754208754208754,0.8766666666666667
mobilenetv3_small_100,44,escala,original,sdnet_P,7,0.3196362313202449,0.8859060402684564,0.8866666666666667
mobilenetv3_small_100,44,escala,original,sdnet_P,8,0.2741856814282281,0.8967851099830795,0.8983333333333333
mobilenetv3_small_100,44,escala,original,sdnet_P,9,0.2809439464977809,0.8950819672131147,0.8933333333333333
mobilenetv3_small_100,44,escala,original,sdnet_P,10,0.2533544278144836,0.891846921797005,0.8916666666666667
mobilenetv3_small_100,44,escala,original,sdnet_P,11,0.2672164865050997,0.8964346349745331,0.8983333333333333
mobilenetv3_small_100,44,escala,original,sdnet_W,0,2.058159224305834,0.7247956403269755,0.6633333333333333
mobilenetv3_small_100,44,escala,original,sdnet_W,1,0.8202565085887908,0.7642585551330798,0.7933333333333333
mobilenetv3_small_100,44,escala,original,sdnet_W,2,0.6421753604071481,0.7373868046571799,0.6616666666666666
mobilenetv3_small_100,44,escala,original,sdnet_W,3,0.5458084947722299,0.8121827411167513,0.815
mobilenetv3_small_100,44,escala,original,sdnet_W,4,0.4449059040205819,0.8,0.8116666666666666
mobilenetv3_small_100,44,escala,original,sdnet_W,5,0.4227800178527832,0.8,0.795
mobilenetv3_small_100,44,escala,original,sdnet_W,6,0.3628301324163164,0.8020477815699659,0.8066666666666666
mobilenetv3_small_100,44,escala,original,metu,0,0.7217471933790616,0.998330550918197,0.9983333333333332
mobilenetv3_small_100,44,escala,original,metu,1,0.1691299478496824,1.0,1.0
mobilenetv3_small_100,44,escala,original,metu,2,0.031994608598096,1.0,1.0
mobilenetv3_small_100,44,escala,original,metu,3,0.0061249817698262,1.0,1.0
mobilenetv3_small_100,44,escala,original,metu,4,0.0135049878699438,0.967741935483871,0.9666666666666668
vit_tiny_patch16_224,42,escala,original,sdnet_D,0,0.9187224514143808,0.7279693486590039,0.7633333333333333
vit_tiny_patch16_224,42,escala,original,sdnet_D,1,0.5517288596289498,0.7644927536231884,0.7833333333333333
vit_tiny_patch16_224,42,escala,original,sdnet_D,2,0.5265975298200335,0.7085514834205934,0.7216666666666667
vit_tiny_patch16_224,42,escala,original,sdnet_D,3,0.5118909628050667,0.7321937321937322,0.6866666666666666
vit_tiny_patch16_224,42,escala,original,sdnet_D,4,0.4782300955908639,0.7361963190184049,0.785
vit_tiny_patch16_224,42,escala,original,sdnet_P,0,0.7190571013518742,0.8308702791461412,0.8283333333333334
vit_tiny_patch16_224,42,escala,original,sdnet_P,1,0.4483191198962075,0.7215189873417721,0.78
vit_tiny_patch16_224,42,escala,original,sdnet_P,2,0.4139606715951647,0.8528925619834711,0.8516666666666667
vit_tiny_patch16_224,42,escala,original,sdnet_P,3,0.3715830433368683,0.8697068403908795,0.8666666666666667
vit_tiny_patch16_224,42,escala,original,sdnet_P,4,0.3859775991099221,0.884310618066561,0.8783333333333333
vit_tiny_patch16_224,42,escala,original,sdnet_P,5,0.3416021539483752,0.8903878583473862,0.8916666666666667
vit_tiny_patch16_224,42,escala,original,sdnet_P,6,0.3126468186719077,0.8841059602649006,0.8833333333333333
vit_tiny_patch16_224,42,escala,original,sdnet_P,7,0.2735135497365679,0.8923611111111112,0.8966666666666666
vit_tiny_patch16_224,42,escala,original,sdnet_P,8,0.2743597624983106,0.899505766062603,0.8983333333333333
vit_tiny_patch16_224,42,escala,original,sdnet_P,9,0.2551209244132042,0.9191919191919192,0.92
vit_tiny_patch16_224,42,escala,original,sdnet_P,10,0.2351819272552217,0.9137055837563453,0.915
vit_tiny_patch16_224,42,escala,original,sdnet_P,11,0.2239378772463117,0.9146757679180888,0.9166666666666666
vit_tiny_patch16_224,42,escala,original,sdnet_W,0,0.8168550789356231,0.7642956764295676,0.7183333333333334
vit_tiny_patch16_224,42,escala,original,sdnet_W,1,0.5795261602742331,0.7712854757929883,0.7716666666666666
vit_tiny_patch16_224,42,escala,original,sdnet_W,2,0.4886497524806431,0.7845884413309983,0.795
vit_tiny_patch16_224,42,escala,original,sdnet_W,3,0.4687887396131243,0.704225352112676,0.755
vit_tiny_patch16_224,42,escala,original,sdnet_W,4,0.4470890346595219,0.8330404217926186,0.8416666666666667
vit_tiny_patch16_224,42,escala,original,sdnet_W,5,0.4036353809492928,0.8201438848920863,0.8333333333333334
vit_tiny_patch16_224,42,escala,original,sdnet_W,6,0.3915913079466138,0.8035714285714286,0.8166666666666667
vit_tiny_patch16_224,42,escala,original,sdnet_W,7,0.3794323301315307,0.8466898954703833,0.8533333333333334
vit_tiny_patch16_224,42,escala,original,sdnet_W,8,0.356788672208786,0.8496503496503497,0.8566666666666667
vit_tiny_patch16_224,42,escala,original,sdnet_W,9,0.3421440361227308,0.8536155202821869,0.8616666666666667
vit_tiny_patch16_224,42,escala,original,sdnet_W,10,0.3218720051220485,0.8689655172413793,0.8733333333333333
vit_tiny_patch16_224,42,escala,original,sdnet_W,11,0.3335867849418095,0.8641975308641975,0.8716666666666667
vit_tiny_patch16_224,42,escala,original,metu,0,0.2949440697687013,0.98989898989899,0.99
vit_tiny_patch16_224,42,escala,original,metu,1,0.0185216270167646,0.998330550918197,0.9983333333333332
vit_tiny_patch16_224,42,escala,original,metu,2,0.0116444243703569,1.0,1.0
vit_tiny_patch16_224,42,escala,original,metu,3,0.01199807375736,1.0,1.0
vit_tiny_patch16_224,42,escala,original,metu,4,0.0136725416806127,1.0,1.0
vit_tiny_patch16_224,42,escala,original,metu,5,0.0122413668142897,1.0,1.0
vit_tiny_patch16_224,43,escala,original,sdnet_D,0,0.7562231261389596,0.684331797235023,0.5433333333333333
vit_tiny_patch16_224,43,escala,original,sdnet_D,1,0.5931438389846256,0.708185053380783,0.7266666666666667
vit_tiny_patch16_224,43,escala,original,sdnet_D,2,0.5226014574936458,0.7019027484143763,0.765
vit_tiny_patch16_224,43,escala,original,sdnet_D,3,0.5036612118993486,0.7125984251968503,0.7566666666666667
vit_tiny_patch16_224,43,escala,original,sdnet_D,4,0.4849688873972211,0.7647058823529411,0.7866666666666666
vit_tiny_patch16_224,43,escala,original,sdnet_D,5,0.4626743486949375,0.75,0.7833333333333333
vit_tiny_patch16_224,43,escala,original,sdnet_D,6,0.4552614213739123,0.7677543186180422,0.7983333333333333
vit_tiny_patch16_224,43,escala,original,sdnet_D,7,0.4383833597387586,0.7963963963963964,0.8116666666666666
vit_tiny_patch16_224,43,escala,original,sdnet_D,8,0.4251194470269339,0.781021897810219,0.8
vit_tiny_patch16_224,43,escala,original,sdnet_D,9,0.410517384665353,0.7925925925925926,0.8133333333333334
vit_tiny_patch16_224,43,escala,original,sdnet_D,10,0.3959881426606859,0.7896678966789668,0.81
vit_tiny_patch16_224,43,escala,original,sdnet_P,0,0.5846888109615871,0.8404802744425386,0.845
vit_tiny_patch16_224,43,escala,original,sdnet_P,1,0.4427076646259852,0.7890625,0.82
vit_tiny_patch16_224,43,escala,original,sdnet_P,2,0.4192286995479038,0.7741935483870968,0.8133333333333334
vit_tiny_patch16_224,43,escala,original,sdnet_P,3,0.3910599516119276,0.8364312267657993,0.8533333333333334
vit_tiny_patch16_224,43,escala,original,sdnet_W,0,0.7390833425521851,0.7130434782608696,0.615
vit_tiny_patch16_224,43,escala,original,sdnet_W,1,0.5086051428318024,0.6980728051391863,0.765
vit_tiny_patch16_224,43,escala,original,sdnet_W,2,0.4622729849815368,0.8366666666666667,0.8366666666666667
vit_tiny_patch16_224,43,escala,original,sdnet_W,3,0.4654289552143641,0.826890756302521,0.8283333333333334
vit_tiny_patch16_224,43,escala,original,sdnet_W,4,0.418928462437221,0.7683168316831683,0.805
vit_tiny_patch16_224,43,escala,original,sdnet_W,5,0.4035120700086866,0.8093645484949833,0.81
vit_tiny_patch16_224,43,escala,original,metu,0,0.1944969444191416,1.0,1.0
vit_tiny_patch16_224,43,escala,original,metu,1,0.0154297258598463,1.0,1.0
vit_tiny_patch16_224,43,escala,original,metu,2,0.0328601398664925,1.0,1.0
vit_tiny_patch16_224,43,escala,original,metu,3,0.0069540060417992,1.0,1.0
vit_tiny_patch16_224,44,escala,original,sdnet_D,0,0.8870441337994167,0.6144578313253012,0.68
vit_tiny_patch16_224,44,escala,original,sdnet_D,1,0.600341134411948,0.717948717948718,0.67
vit_tiny_patch16_224,44,escala,original,sdnet_D,2,0.5755033421516419,0.7169811320754716,0.65
vit_tiny_patch16_224,44,escala,original,sdnet_D,3,0.5598805301530021,0.6923076923076923,0.7466666666666667
vit_tiny_patch16_224,44,escala,original,sdnet_D,4,0.5241202759742737,0.7411347517730497,0.7566666666666667
vit_tiny_patch16_224,44,escala,original,sdnet_D,5,0.4940352688516889,0.6537634408602151,0.7316666666666667
vit_tiny_patch16_224,44,escala,original,sdnet_D,6,0.4881883249964033,0.7269155206286837,0.7683333333333333
vit_tiny_patch16_224,44,escala,original,sdnet_D,7,0.4622805890015193,0.7683823529411765,0.79
vit_tiny_patch16_224,44,escala,original,sdnet_D,8,0.463441059589386,0.7329192546583851,0.785
vit_tiny_patch16_224,44,escala,original,sdnet_D,9,0.4614258432388305,0.7710843373493976,0.7783333333333333
vit_tiny_patch16_224,44,escala,original,sdnet_D,10,0.4230117203508104,0.77882797731569,0.805
vit_tiny_patch16_224,44,escala,original,sdnet_D,11,0.4280004228864397,0.7706422018348624,0.7916666666666666
vit_tiny_patch16_224,44,escala,original,sdnet_P,0,0.7398026350566319,0.8387096774193549,0.8333333333333334
vit_tiny_patch16_224,44,escala,original,sdnet_P,1,0.420250734601702,0.8596491228070176,0.8666666666666667
vit_tiny_patch16_224,44,escala,original,sdnet_P,2,0.4168226976054055,0.8216374269005848,0.7966666666666666
vit_tiny_patch16_224,44,escala,original,sdnet_P,3,0.389586934532438,0.8324125230202578,0.8483333333333334
vit_tiny_patch16_224,44,escala,original,sdnet_P,4,0.3769157864366259,0.8802588996763754,0.8766666666666667
vit_tiny_patch16_224,44,escala,original,sdnet_P,5,0.3495062526634761,0.8802698145025295,0.8816666666666667
vit_tiny_patch16_224,44,escala,original,sdnet_P,6,0.3167746371882302,0.9037520391517128,0.9016666666666666
vit_tiny_patch16_224,44,escala,original,sdnet_P,7,0.3230184522696904,0.8976109215017065,0.9
vit_tiny_patch16_224,44,escala,original,sdnet_P,8,0.2757725725855146,0.8987993138936535,0.9016666666666666
vit_tiny_patch16_224,44,escala,original,sdnet_P,9,0.2763839403220585,0.9055374592833876,0.9033333333333332
vit_tiny_patch16_224,44,escala,original,sdnet_P,10,0.2557942089012691,0.903114186851211,0.9066666666666666
vit_tiny_patch16_224,44,escala,original,sdnet_P,11,0.2417708424159458,0.9112227805695142,0.9116666666666666
vit_tiny_patch16_224,44,escala,original,sdnet_W,0,0.8510031267574856,0.7379209370424598,0.7016666666666667
vit_tiny_patch16_224,44,escala,original,sdnet_W,1,0.533813648053578,0.756393001345895,0.6983333333333334
vit_tiny_patch16_224,44,escala,original,sdnet_W,2,0.481529495716095,0.7973856209150327,0.7933333333333333
vit_tiny_patch16_224,44,escala,original,sdnet_W,3,0.4658480254241398,0.77431906614786,0.8066666666666666
vit_tiny_patch16_224,44,escala,original,sdnet_W,4,0.4248510432243347,0.8290322580645161,0.8233333333333334
vit_tiny_patch16_224,44,escala,original,sdnet_W,5,0.4016246727534703,0.7844660194174757,0.815
vit_tiny_patch16_224,44,escala,original,sdnet_W,6,0.3960969265869685,0.8449197860962567,0.855
vit_tiny_patch16_224,44,escala,original,sdnet_W,7,0.3647600165435246,0.8195266272189349,0.7966666666666666
vit_tiny_patch16_224,44,escala,original,sdnet_W,8,0.3539620154244559,0.8441330998248686,0.8516666666666667
vit_tiny_patch16_224,44,escala,original,sdnet_W,9,0.337501767703465,0.8557844690966719,0.8483333333333334
vit_tiny_patch16_224,44,escala,original,sdnet_W,10,0.3192197443757738,0.8611111111111112,0.8666666666666667
vit_tiny_patch16_224,44,escala,original,sdnet_W,11,0.3103101693732398,0.8620102214650767,0.865
vit_tiny_patch16_224,44,escala,original,metu,0,0.11909554834876741,0.9932885906040269,0.9933333333333333
vit_tiny_patch16_224,44,escala,original,metu,1,0.0136247397427048,0.9966555183946488,0.9966666666666667
vit_tiny_patch16_224,44,escala,original,metu,2,0.0316096863137292,0.9983361064891847,0.9983333333333333
vit_tiny_patch16_224,44,escala,original,metu,3,0.010443459408623831,0.998330550918197,0.9983333333333333
vit_tiny_patch16_224,44,escala,original,metu,4,0.006979667459215437,0.998330550918197,0.9983333333333333
vit_tiny_patch16_224,44,escala,original,metu,5,0.007544718469226999,1.0,1.0
vit_tiny_patch16_224,44,escala,original,metu,6,0.0007461797339783515,1.0,1.0
vit_tiny_patch16_224,44,escala,original,metu,7,0.002197446354797908,1.0,1.0
vit_tiny_patch16_224,44,escala,original,metu,8,0.007648866516870579,1.0,1.0
