arquitectura,semilla,condicion,particion,dominio_train,dominio_test,diagonal,tp,tn,fp,fn,precision,recall,f1,n_test,mejor_epoca,epocas_entrenadas,epocas_max,segundos_entrenamiento
resnet18,42,baseline,original,sdnet_D,sdnet_D,True,229,254,46,71,0.8327272727272728,0.7633333333333333,0.7965217391304348,600,7,11,12,83.4
resnet18,42,baseline,original,sdnet_D,sdnet_P,False,135,292,8,165,0.944055944055944,0.45,0.6094808126410836,600,7,11,12,83.4
resnet18,42,baseline,original,sdnet_D,sdnet_W,False,172,286,14,128,0.9247311827956988,0.5733333333333334,0.7078189300411523,600,7,11,12,83.4
resnet18,42,baseline,original,sdnet_D,metu,False,206,272,28,94,0.8803418803418803,0.6866666666666666,0.7715355805243446,600,7,11,12,83.4
resnet18,42,baseline,original,sdnet_P,sdnet_D,False,178,282,18,122,0.9081632653061223,0.5933333333333334,0.717741935483871,600,9,12,12,88.4
resnet18,42,baseline,original,sdnet_P,sdnet_P,True,257,265,35,43,0.8801369863013698,0.8566666666666667,0.8682432432432432,600,9,12,12,88.4
resnet18,42,baseline,original,sdnet_P,sdnet_W,False,139,271,29,161,0.8273809523809523,0.4633333333333333,0.594017094017094,600,9,12,12,88.4
resnet18,42,baseline,original,sdnet_P,metu,False,274,289,11,26,0.9614035087719298,0.9133333333333332,0.9367521367521368,600,9,12,12,88.4
resnet18,42,baseline,original,sdnet_W,sdnet_D,False,234,226,74,66,0.7597402597402597,0.78,0.7697368421052632,600,6,10,12,73.8
resnet18,42,baseline,original,sdnet_W,sdnet_P,False,225,249,51,75,0.8152173913043478,0.75,0.78125,600,6,10,12,73.8
resnet18,42,baseline,original,sdnet_W,sdnet_W,True,243,274,26,57,0.9033457249070632,0.81,0.8541300527240774,600,6,10,12,73.8
resnet18,42,baseline,original,sdnet_W,metu,False,258,248,52,42,0.832258064516129,0.86,0.8459016393442623,600,6,10,12,73.8
resnet18,42,baseline,original,metu,sdnet_D,False,61,284,16,239,0.7922077922077922,0.2033333333333333,0.3236074270557029,600,2,6,12,43.7
resnet18,42,baseline,original,metu,sdnet_P,False,192,255,45,108,0.810126582278481,0.64,0.7150837988826816,600,2,6,12,43.7
resnet18,42,baseline,original,metu,sdnet_W,False,57,292,8,243,0.8769230769230769,0.19,0.3123287671232876,600,2,6,12,43.7
resnet18,42,baseline,original,metu,metu,True,300,300,0,0,1.0,1.0,1.0,600,2,6,12,43.7
resnet18,43,baseline,original,sdnet_D,sdnet_D,True,239,254,46,61,0.8385964912280702,0.7966666666666666,0.8170940170940171,600,11,12,12,89.1
resnet18,43,baseline,original,sdnet_D,sdnet_P,False,157,286,14,143,0.9181286549707602,0.5233333333333333,0.6666666666666666,600,11,12,12,89.1
resnet18,43,baseline,original,sdnet_D,sdnet_W,False,175,281,19,125,0.9020618556701032,0.5833333333333334,0.708502024291498,600,11,12,12,89.1
resnet18,43,baseline,original,sdnet_D,metu,False,266,253,47,34,0.8498402555910544,0.8866666666666667,0.867862969004894,600,11,12,12,89.1
resnet18,43,baseline,original,sdnet_P,sdnet_D,False,192,273,27,108,0.8767123287671232,0.64,0.7398843930635838,600,9,12,12,88.3
resnet18,43,baseline,original,sdnet_P,sdnet_P,True,257,271,29,43,0.8986013986013986,0.8566666666666667,0.8771331058020477,600,9,12,12,88.3
resnet18,43,baseline,original,sdnet_P,sdnet_W,False,152,281,19,148,0.8888888888888888,0.5066666666666667,0.6454352441613588,600,9,12,12,88.3
resnet18,43,baseline,original,sdnet_P,metu,False,287,296,4,13,0.986254295532646,0.9566666666666668,0.9712351945854484,600,9,12,12,88.3
resnet18,43,baseline,original,sdnet_W,sdnet_D,False,227,239,61,73,0.7881944444444444,0.7566666666666667,0.7721088435374149,600,9,12,12,82.7
resnet18,43,baseline,original,sdnet_W,sdnet_P,False,216,251,49,84,0.8150943396226416,0.72,0.7646017699115044,600,9,12,12,82.7
resnet18,43,baseline,original,sdnet_W,sdnet_W,True,252,266,34,48,0.8811188811188811,0.84,0.8600682593856656,600,9,12,12,82.7
resnet18,43,baseline,original,sdnet_W,metu,False,279,248,52,21,0.8429003021148036,0.93,0.884310618066561,600,9,12,12,82.7
resnet18,43,baseline,original,metu,sdnet_D,False,77,283,17,223,0.8191489361702128,0.2566666666666666,0.3908629441624365,600,3,7,12,48.9
resnet18,43,baseline,original,metu,sdnet_P,False,185,266,34,115,0.8447488584474886,0.6166666666666667,0.7129094412331407,600,3,7,12,48.9
resnet18,43,baseline,original,metu,sdnet_W,False,71,295,5,229,0.9342105263157896,0.2366666666666666,0.3776595744680851,600,3,7,12,48.9
resnet18,43,baseline,original,metu,metu,True,300,300,0,0,1.0,1.0,1.0,600,3,7,12,48.9
resnet18,44,baseline,original,sdnet_D,sdnet_D,True,246,240,60,54,0.803921568627451,0.82,0.8118811881188119,600,7,11,12,76.2
resnet18,44,baseline,original,sdnet_D,sdnet_P,False,98,291,9,202,0.9158878504672896,0.3266666666666666,0.4815724815724815,600,7,11,12,76.2
resnet18,44,baseline,original,sdnet_D,sdnet_W,False,190,270,30,110,0.8636363636363636,0.6333333333333333,0.7307692307692307,600,7,11,12,76.2
resnet18,44,baseline,original,sdnet_D,metu,False,214,268,32,86,0.8699186991869918,0.7133333333333334,0.7838827838827839,600,7,11,12,76.2
resnet18,44,baseline,original,sdnet_P,sdnet_D,False,163,271,29,137,0.8489583333333334,0.5433333333333333,0.6626016260162602,600,7,11,12,75.6
resnet18,44,baseline,original,sdnet_P,sdnet_P,True,261,265,35,39,0.8817567567567568,0.87,0.8758389261744967,600,7,11,12,75.6
resnet18,44,baseline,original,sdnet_P,sdnet_W,False,121,287,13,179,0.9029850746268656,0.4033333333333333,0.5576036866359447,600,7,11,12,75.6
resnet18,44,baseline,original,sdnet_P,metu,False,282,298,2,18,0.9929577464788732,0.94,0.9657534246575342,600,7,11,12,75.6
resnet18,44,baseline,original,sdnet_W,sdnet_D,False,235,214,86,65,0.7320872274143302,0.7833333333333333,0.7568438003220612,600,7,11,12,78.3
resnet18,44,baseline,original,sdnet_W,sdnet_P,False,233,242,58,67,0.8006872852233677,0.7766666666666666,0.7884940778341794,600,7,11,12,78.3
resnet18,44,baseline,original,sdnet_W,sdnet_W,True,236,265,35,64,0.8708487084870848,0.7866666666666666,0.8266199649737302,600,7,11,12,78.3
resnet18,44,baseline,original,sdnet_W,metu,False,251,259,41,49,0.8595890410958904,0.8366666666666667,0.847972972972973,600,7,11,12,78.3
resnet18,44,baseline,original,metu,sdnet_D,False,58,284,16,242,0.7837837837837838,0.1933333333333333,0.3101604278074866,600,4,8,12,56.1
resnet18,44,baseline,original,metu,sdnet_P,False,165,264,36,135,0.8208955223880597,0.55,0.6586826347305389,600,4,8,12,56.1
resnet18,44,baseline,original,metu,sdnet_W,False,54,297,3,246,0.9473684210526316,0.18,0.3025210084033613,600,4,8,12,56.1
resnet18,44,baseline,original,metu,metu,True,300,299,1,0,0.9966777408637874,1.0,0.9983361064891848,600,4,8,12,56.1
efficientnet_b0,42,baseline,original,sdnet_D,sdnet_D,True,221,243,57,79,0.7949640287769785,0.7366666666666667,0.7647058823529411,600,9,12,12,158.2
efficientnet_b0,42,baseline,original,sdnet_D,sdnet_P,False,160,273,27,140,0.8556149732620321,0.5333333333333333,0.6570841889117043,600,9,12,12,158.2
efficientnet_b0,42,baseline,original,sdnet_D,sdnet_W,False,176,273,27,124,0.8669950738916257,0.5866666666666667,0.6998011928429424,600,9,12,12,158.2
efficientnet_b0,42,baseline,original,sdnet_D,metu,False,152,258,42,148,0.7835051546391752,0.5066666666666667,0.6153846153846154,600,9,12,12,158.2
efficientnet_b0,42,baseline,original,sdnet_P,sdnet_D,False,161,279,21,139,0.8846153846153846,0.5366666666666666,0.6680497925311203,600,9,12,12,128.1
efficientnet_b0,42,baseline,original,sdnet_P,sdnet_P,True,252,266,34,48,0.8811188811188811,0.84,0.8600682593856656,600,9,12,12,128.1
efficientnet_b0,42,baseline,original,sdnet_P,sdnet_W,False,105,276,24,195,0.813953488372093,0.35,0.4895104895104895,600,9,12,12,128.1
efficientnet_b0,42,baseline,original,sdnet_P,metu,False,272,292,8,28,0.9714285714285714,0.9066666666666666,0.9379310344827586,600,9,12,12,128.1
efficientnet_b0,42,baseline,original,sdnet_W,sdnet_D,False,231,183,117,69,0.6637931034482759,0.77,0.7129629629629629,600,9,12,12,128.6
efficientnet_b0,42,baseline,original,sdnet_W,sdnet_P,False,96,265,35,204,0.732824427480916,0.32,0.445475638051044,600,9,12,12,128.6
efficientnet_b0,42,baseline,original,sdnet_W,sdnet_W,True,240,252,48,60,0.8333333333333334,0.8,0.8163265306122449,600,9,12,12,128.6
efficientnet_b0,42,baseline,original,sdnet_W,metu,False,220,181,119,80,0.6489675516224189,0.7333333333333333,0.6885758998435054,600,9,12,12,128.6
efficientnet_b0,42,baseline,original,metu,sdnet_D,False,58,298,2,242,0.9666666666666668,0.1933333333333333,0.3222222222222222,600,1,5,12,52.7
efficientnet_b0,42,baseline,original,metu,sdnet_P,False,136,282,18,164,0.8831168831168831,0.4533333333333333,0.5991189427312775,600,1,5,12,52.7
efficientnet_b0,42,baseline,original,metu,sdnet_W,False,51,299,1,249,0.9807692307692308,0.17,0.2897727272727273,600,1,5,12,52.7
efficientnet_b0,42,baseline,original,metu,metu,True,299,300,0,1,1.0,0.9966666666666668,0.998330550918197,600,1,5,12,52.7
efficientnet_b0,43,baseline,original,sdnet_D,sdnet_D,True,214,240,60,86,0.781021897810219,0.7133333333333334,0.7456445993031359,600,4,8,12,83.5
efficientnet_b0,43,baseline,original,sdnet_D,sdnet_P,False,130,257,43,170,0.7514450867052023,0.4333333333333333,0.5496828752642706,600,4,8,12,83.5
efficientnet_b0,43,baseline,original,sdnet_D,sdnet_W,False,140,278,22,160,0.8641975308641975,0.4666666666666667,0.6060606060606061,600,4,8,12,83.5
efficientnet_b0,43,baseline,original,sdnet_D,metu,False,140,282,18,160,0.8860759493670886,0.4666666666666667,0.611353711790393,600,4,8,12,83.5
efficientnet_b0,43,baseline,original,sdnet_P,sdnet_D,False,138,270,30,162,0.8214285714285714,0.46,0.5897435897435898,600,6,10,12,104.8
efficientnet_b0,43,baseline,original,sdnet_P,sdnet_P,True,249,259,41,51,0.8586206896551725,0.83,0.8440677966101695,600,6,10,12,104.8
efficientnet_b0,43,baseline,original,sdnet_P,sdnet_W,False,107,278,22,193,0.8294573643410853,0.3566666666666667,0.4988344988344988,600,6,10,12,104.8
efficientnet_b0,43,baseline,original,sdnet_P,metu,False,275,264,36,25,0.8842443729903537,0.9166666666666666,0.900163666121113,600,6,10,12,104.8
efficientnet_b0,43,baseline,original,sdnet_W,sdnet_D,False,220,205,95,80,0.6984126984126984,0.7333333333333333,0.7154471544715447,600,6,10,12,105.6
efficientnet_b0,43,baseline,original,sdnet_W,sdnet_P,False,185,197,103,115,0.6423611111111112,0.6166666666666667,0.6292517006802721,600,6,10,12,105.6
efficientnet_b0,43,baseline,original,sdnet_W,sdnet_W,True,247,256,44,53,0.8487972508591065,0.8233333333333334,0.8358714043993232,600,6,10,12,105.6
efficientnet_b0,43,baseline,original,sdnet_W,metu,False,157,233,67,143,0.7008928571428571,0.5233333333333333,0.5992366412213741,600,6,10,12,105.6
efficientnet_b0,43,baseline,original,metu,sdnet_D,False,56,292,8,244,0.875,0.1866666666666666,0.3076923076923077,600,0,4,12,42.5
efficientnet_b0,43,baseline,original,metu,sdnet_P,False,81,286,14,219,0.8526315789473684,0.27,0.410126582278481,600,0,4,12,42.5
efficientnet_b0,43,baseline,original,metu,sdnet_W,False,54,293,7,246,0.8852459016393442,0.18,0.299168975069252,600,0,4,12,42.5
efficientnet_b0,43,baseline,original,metu,metu,True,299,300,0,1,1.0,0.9966666666666668,0.998330550918197,600,0,4,12,42.5
efficientnet_b0,44,baseline,original,sdnet_D,sdnet_D,True,207,256,44,93,0.8247011952191236,0.69,0.7513611615245009,600,5,9,12,94.9
efficientnet_b0,44,baseline,original,sdnet_D,sdnet_P,False,96,283,17,204,0.8495575221238938,0.32,0.4648910411622276,600,5,9,12,94.9
efficientnet_b0,44,baseline,original,sdnet_D,sdnet_W,False,139,286,14,161,0.9084967320261438,0.4633333333333333,0.6136865342163356,600,5,9,12,94.9
efficientnet_b0,44,baseline,original,sdnet_D,metu,False,117,291,9,183,0.9285714285714286,0.39,0.5492957746478874,600,5,9,12,94.9
efficientnet_b0,44,baseline,original,sdnet_P,sdnet_D,False,140,281,19,160,0.8805031446540881,0.4666666666666667,0.6100217864923747,600,5,9,12,94.2
efficientnet_b0,44,baseline,original,sdnet_P,sdnet_P,True,243,258,42,57,0.8526315789473684,0.81,0.8307692307692308,600,5,9,12,94.2
efficientnet_b0,44,baseline,original,sdnet_P,sdnet_W,False,115,262,38,185,0.7516339869281046,0.3833333333333333,0.5077262693156733,600,5,9,12,94.2
efficientnet_b0,44,baseline,original,sdnet_P,metu,False,258,281,19,42,0.9314079422382672,0.86,0.8942807625649913,600,5,9,12,94.2
resnet18,42,baseline,agrupada,sdnet_D,sdnet_D,True,236,264,36,64,0.8676470588235294,0.7866666666666666,0.8251748251748252,600,7,11,12,85.0
resnet18,42,baseline,agrupada,sdnet_D,sdnet_P,False,172,271,29,128,0.8557213930348259,0.5733333333333334,0.6866267465069861,600,7,11,12,85.0
resnet18,42,baseline,agrupada,sdnet_D,sdnet_W,False,196,295,5,104,0.9751243781094528,0.6533333333333333,0.782435129740519,600,7,11,12,85.0
resnet18,42,baseline,agrupada,sdnet_D,metu,False,208,284,16,92,0.9285714285714286,0.6933333333333334,0.7938931297709924,600,7,11,12,85.0
resnet18,42,baseline,agrupada,sdnet_P,sdnet_D,False,207,263,37,93,0.8483606557377049,0.69,0.7610294117647058,600,6,10,12,73.9
resnet18,42,baseline,agrupada,sdnet_P,sdnet_P,True,246,268,32,54,0.8848920863309353,0.82,0.8512110726643599,600,6,10,12,73.9
resnet18,42,baseline,agrupada,sdnet_P,sdnet_W,False,169,284,16,131,0.9135135135135136,0.5633333333333334,0.6969072164948453,600,6,10,12,73.9
resnet18,42,baseline,agrupada,sdnet_P,metu,False,260,297,3,40,0.988593155893536,0.8666666666666667,0.9236234458259324,600,6,10,12,73.9
resnet18,42,baseline,agrupada,sdnet_W,sdnet_D,False,244,253,47,56,0.8384879725085911,0.8133333333333334,0.8257191201353637,600,11,12,12,88.3
resnet18,42,baseline,agrupada,sdnet_W,sdnet_P,False,214,266,34,86,0.8629032258064516,0.7133333333333334,0.781021897810219,600,11,12,12,88.3
resnet18,42,baseline,agrupada,sdnet_W,sdnet_W,True,248,279,21,52,0.9219330855018588,0.8266666666666667,0.8717047451669596,600,11,12,12,88.3
resnet18,42,baseline,agrupada,sdnet_W,metu,False,256,236,64,44,0.8,0.8533333333333334,0.8258064516129032,600,11,12,12,88.3
resnet18,42,baseline,agrupada,metu,sdnet_D,False,87,288,12,213,0.8787878787878788,0.29,0.4360902255639097,600,2,6,12,43.8
resnet18,42,baseline,agrupada,metu,sdnet_P,False,185,271,29,115,0.8644859813084113,0.6166666666666667,0.7198443579766537,600,2,6,12,43.8
resnet18,42,baseline,agrupada,metu,sdnet_W,False,88,293,7,212,0.9263157894736842,0.2933333333333333,0.4455696202531645,600,2,6,12,43.8
resnet18,42,baseline,agrupada,metu,metu,True,300,300,0,0,1.0,1.0,1.0,600,2,6,12,43.8
resnet18,43,baseline,agrupada,sdnet_D,sdnet_D,True,240,261,39,60,0.8602150537634409,0.8,0.8290155440414507,600,10,12,12,86.5
resnet18,43,baseline,agrupada,sdnet_D,sdnet_P,False,139,280,20,161,0.8742138364779874,0.4633333333333333,0.6056644880174292,600,10,12,12,86.5
resnet18,43,baseline,agrupada,sdnet_D,sdnet_W,False,184,288,12,116,0.9387755102040816,0.6133333333333333,0.7419354838709677,600,10,12,12,86.5
resnet18,43,baseline,agrupada,sdnet_D,metu,False,261,229,71,39,0.786144578313253,0.87,0.8259493670886076,600,10,12,12,86.5
resnet18,43,baseline,agrupada,sdnet_P,sdnet_D,False,217,267,33,83,0.868,0.7233333333333334,0.7890909090909091,600,11,12,12,86.7
resnet18,43,baseline,agrupada,sdnet_P,sdnet_P,True,239,265,35,61,0.8722627737226277,0.7966666666666666,0.8327526132404182,600,11,12,12,86.7
resnet18,43,baseline,agrupada,sdnet_P,sdnet_W,False,180,286,14,120,0.9278350515463918,0.6,0.728744939271255,600,11,12,12,86.7
resnet18,43,baseline,agrupada,sdnet_P,metu,False,264,296,4,36,0.9850746268656716,0.88,0.9295774647887324,600,11,12,12,86.7
resnet18,43,baseline,agrupada,sdnet_W,sdnet_D,False,232,264,36,68,0.8656716417910447,0.7733333333333333,0.8169014084507042,600,3,7,12,51.3
resnet18,43,baseline,agrupada,sdnet_W,sdnet_P,False,201,280,20,99,0.9095022624434388,0.67,0.7715930902111324,600,3,7,12,51.3
resnet18,43,baseline,agrupada,sdnet_W,sdnet_W,True,228,279,21,72,0.9156626506024096,0.76,0.8306010928961749,600,3,7,12,51.3
resnet18,43,baseline,agrupada,sdnet_W,metu,False,283,242,58,17,0.8299120234604106,0.9433333333333334,0.8829953198127926,600,3,7,12,51.3
resnet18,43,baseline,agrupada,metu,sdnet_D,False,104,287,13,196,0.8888888888888888,0.3466666666666667,0.4988009592326139,600,3,7,12,51.1
resnet18,43,baseline,agrupada,metu,sdnet_P,False,174,278,22,126,0.8877551020408163,0.58,0.7016129032258065,600,3,7,12,51.1
resnet18,43,baseline,agrupada,metu,sdnet_W,False,106,292,8,194,0.9298245614035088,0.3533333333333333,0.5120772946859904,600,3,7,12,51.1
resnet18,43,baseline,agrupada,metu,metu,True,300,300,0,0,1.0,1.0,1.0,600,3,7,12,51.1
resnet18,44,baseline,agrupada,sdnet_D,sdnet_D,True,227,240,60,73,0.7909407665505227,0.7566666666666667,0.7734241908006815,600,1,5,12,36.0
resnet18,44,baseline,agrupada,sdnet_D,sdnet_P,False,144,274,26,156,0.8470588235294118,0.48,0.6127659574468085,600,1,5,12,36.0
resnet18,44,baseline,agrupada,sdnet_D,sdnet_W,False,162,291,9,138,0.9473684210526316,0.54,0.6878980891719745,600,1,5,12,36.0
resnet18,44,baseline,agrupada,sdnet_D,metu,False,264,249,51,36,0.8380952380952381,0.88,0.8585365853658536,600,1,5,12,36.0
resnet18,44,baseline,agrupada,sdnet_P,sdnet_D,False,193,284,16,107,0.9234449760765552,0.6433333333333333,0.7583497053045186,600,8,12,12,86.6
resnet18,44,baseline,agrupada,sdnet_P,sdnet_P,True,255,270,30,45,0.8947368421052632,0.85,0.8717948717948718,600,8,12,12,86.6
resnet18,44,baseline,agrupada,sdnet_P,sdnet_W,False,189,281,19,111,0.908653846153846,0.63,0.7440944881889764,600,8,12,12,86.6
resnet18,44,baseline,agrupada,sdnet_P,metu,False,271,293,7,29,0.974820143884892,0.9033333333333332,0.9377162629757786,600,8,12,12,86.6
resnet18,44,baseline,agrupada,sdnet_W,sdnet_D,False,253,220,80,47,0.7597597597597597,0.8433333333333334,0.7993680884676145,600,6,10,12,72.0
resnet18,44,baseline,agrupada,sdnet_W,sdnet_P,False,241,243,57,59,0.8087248322147651,0.8033333333333333,0.8060200668896321,600,6,10,12,72.0
resnet18,44,baseline,agrupada,sdnet_W,sdnet_W,True,253,261,39,47,0.8664383561643836,0.8433333333333334,0.8547297297297297,600,6,10,12,72.0
resnet18,44,baseline,agrupada,sdnet_W,metu,False,262,254,46,38,0.8506493506493507,0.8733333333333333,0.8618421052631579,600,6,10,12,72.0
resnet18,44,baseline,agrupada,metu,sdnet_D,False,79,287,13,221,0.8586956521739131,0.2633333333333333,0.4030612244897959,600,4,8,12,58.6
resnet18,44,baseline,agrupada,metu,sdnet_P,False,161,273,27,139,0.8563829787234043,0.5366666666666666,0.6598360655737705,600,4,8,12,58.6
resnet18,44,baseline,agrupada,metu,sdnet_W,False,73,297,3,227,0.9605263157894736,0.2433333333333333,0.3882978723404255,600,4,8,12,58.6
resnet18,44,baseline,agrupada,metu,metu,True,300,299,1,0,0.9966777408637874,1.0,0.9983361064891848,600,4,8,12,58.6
efficientnet_b0,42,baseline,agrupada,sdnet_D,sdnet_D,True,225,240,60,75,0.7894736842105263,0.75,0.7692307692307693,600,2,6,12,96.3
efficientnet_b0,42,baseline,agrupada,sdnet_D,sdnet_P,False,142,247,53,158,0.7282051282051282,0.4733333333333333,0.5737373737373738,600,2,6,12,96.3
efficientnet_b0,42,baseline,agrupada,sdnet_D,sdnet_W,False,189,229,71,111,0.7269230769230769,0.63,0.675,600,2,6,12,96.3
efficientnet_b0,42,baseline,agrupada,sdnet_D,metu,False,157,244,56,143,0.7370892018779343,0.5233333333333333,0.6120857699805068,600,2,6,12,96.3
efficientnet_b0,42,baseline,agrupada,sdnet_P,sdnet_D,False,196,259,41,104,0.8270042194092827,0.6533333333333333,0.7299813780260708,600,9,12,12,129.9
efficientnet_b0,42,baseline,agrupada,sdnet_P,sdnet_P,True,240,260,40,60,0.8571428571428571,0.8,0.8275862068965517,600,9,12,12,129.9
efficientnet_b0,42,baseline,agrupada,sdnet_P,sdnet_W,False,142,275,25,158,0.8502994011976048,0.4733333333333333,0.6081370449678801,600,9,12,12,129.9
efficientnet_b0,42,baseline,agrupada,sdnet_P,metu,False,274,292,8,26,0.9716312056737588,0.9133333333333332,0.9415807560137456,600,9,12,12,129.9
efficientnet_b0,42,baseline,agrupada,sdnet_W,sdnet_D,False,228,210,90,72,0.7169811320754716,0.76,0.7378640776699029,600,4,8,12,86.8
efficientnet_b0,42,baseline,agrupada,sdnet_W,sdnet_P,False,156,214,86,144,0.6446280991735537,0.52,0.5756457564575646,600,4,8,12,86.8
efficientnet_b0,42,baseline,agrupada,sdnet_W,sdnet_W,True,225,261,39,75,0.8522727272727273,0.75,0.7978723404255319,600,4,8,12,86.8
efficientnet_b0,42,baseline,agrupada,sdnet_W,metu,False,210,186,114,90,0.6481481481481481,0.7,0.6730769230769231,600,4,8,12,86.8
efficientnet_b0,42,baseline,agrupada,metu,sdnet_D,False,63,297,3,237,0.9545454545454546,0.21,0.3442622950819672,600,1,5,12,67.8
efficientnet_b0,42,baseline,agrupada,metu,sdnet_P,False,116,282,18,184,0.8656716417910447,0.3866666666666666,0.5345622119815668,600,1,5,12,67.8
efficientnet_b0,42,baseline,agrupada,metu,sdnet_W,False,49,297,3,251,0.9423076923076924,0.1633333333333333,0.2784090909090909,600,1,5,12,67.8
efficientnet_b0,42,baseline,agrupada,metu,metu,True,299,300,0,1,1.0,0.9966666666666668,0.998330550918197,600,1,5,12,67.8
efficientnet_b0,43,baseline,agrupada,sdnet_D,sdnet_D,True,229,255,45,71,0.8357664233576643,0.7633333333333333,0.7979094076655052,600,7,11,12,117.2
efficientnet_b0,43,baseline,agrupada,sdnet_D,sdnet_P,False,217,192,108,83,0.6676923076923077,0.7233333333333334,0.6944,600,7,11,12,117.2
efficientnet_b0,43,baseline,agrupada,sdnet_D,sdnet_W,False,180,276,24,120,0.8823529411764706,0.6,0.7142857142857143,600,7,11,12,117.2
efficientnet_b0,43,baseline,agrupada,sdnet_D,metu,False,261,266,34,39,0.8847457627118644,0.87,0.8773109243697479,600,7,11,12,117.2
efficientnet_b0,43,baseline,agrupada,sdnet_P,sdnet_D,False,190,278,22,110,0.8962264150943396,0.6333333333333333,0.7421875,600,10,12,12,131.4
efficientnet_b0,43,baseline,agrupada,sdnet_P,sdnet_P,True,230,258,42,70,0.8455882352941176,0.7666666666666667,0.8041958041958042,600,10,12,12,131.4
efficientnet_b0,43,baseline,agrupada,sdnet_P,sdnet_W,False,142,278,22,158,0.8658536585365854,0.4733333333333333,0.6120689655172413,600,10,12,12,131.4
efficientnet_b0,43,baseline,agrupada,sdnet_P,metu,False,260,278,22,40,0.9219858156028368,0.8666666666666667,0.8934707903780069,600,10,12,12,131.4
efficientnet_b0,43,baseline,agrupada,sdnet_W,sdnet_D,False,240,225,75,60,0.7619047619047619,0.8,0.7804878048780488,600,10,12,12,128.6
efficientnet_b0,43,baseline,agrupada,sdnet_W,sdnet_P,False,123,243,57,177,0.6833333333333333,0.41,0.5125,600,10,12,12,128.6
efficientnet_b0,43,baseline,agrupada,sdnet_W,sdnet_W,True,220,272,28,80,0.8870967741935484,0.7333333333333333,0.8029197080291971,600,10,12,12,128.6
efficientnet_b0,43,baseline,agrupada,sdnet_W,metu,False,173,208,92,127,0.6528301886792452,0.5766666666666667,0.6123893805309735,600,10,12,12,128.6
efficientnet_b0,43,baseline,agrupada,metu,sdnet_D,False,77,296,4,223,0.9506172839506172,0.2566666666666666,0.4041994750656168,600,0,4,12,43.6
efficientnet_b0,43,baseline,agrupada,metu,sdnet_P,False,76,288,12,224,0.8636363636363636,0.2533333333333333,0.3917525773195876,600,0,4,12,43.6
efficientnet_b0,43,baseline,agrupada,metu,sdnet_W,False,66,294,6,234,0.9166666666666666,0.22,0.3548387096774194,600,0,4,12,43.6
efficientnet_b0,43,baseline,agrupada,metu,metu,True,299,300,0,1,1.0,0.9966666666666668,0.998330550918197,600,0,4,12,43.6
efficientnet_b0,44,baseline,agrupada,sdnet_D,sdnet_D,True,228,250,50,72,0.8201438848920863,0.76,0.7889273356401384,600,4,8,12,86.5
efficientnet_b0,44,baseline,agrupada,sdnet_D,sdnet_P,False,92,278,22,208,0.8070175438596491,0.3066666666666666,0.4444444444444444,600,4,8,12,86.5
efficientnet_b0,44,baseline,agrupada,sdnet_D,sdnet_W,False,154,274,26,146,0.8555555555555555,0.5133333333333333,0.6416666666666667,600,4,8,12,86.5
efficientnet_b0,44,baseline,agrupada,sdnet_D,metu,False,104,256,44,196,0.7027027027027027,0.3466666666666667,0.4642857142857143,600,4,8,12,86.5
efficientnet_b0,44,baseline,agrupada,sdnet_P,sdnet_D,False,185,281,19,115,0.9068627450980392,0.6166666666666667,0.7341269841269841,600,4,8,12,85.8
efficientnet_b0,44,baseline,agrupada,sdnet_P,sdnet_P,True,226,249,51,74,0.8158844765342961,0.7533333333333333,0.7833622183708839,600,4,8,12,85.8
efficientnet_b0,44,baseline,agrupada,sdnet_P,sdnet_W,False,130,281,19,170,0.87248322147651,0.4333333333333333,0.579064587973274,600,4,8,12,85.8
efficientnet_b0,44,baseline,agrupada,sdnet_P,metu,False,217,290,10,83,0.9559471365638766,0.7233333333333334,0.8235294117647058,600,4,8,12,85.8
efficientnet_b0,44,baseline,agrupada,sdnet_W,sdnet_D,False,250,188,112,50,0.6906077348066298,0.8333333333333334,0.7552870090634441,600,6,10,12,107.4
efficientnet_b0,44,baseline,agrupada,sdnet_W,sdnet_P,False,129,244,56,171,0.6972972972972973,0.43,0.5319587628865979,600,6,10,12,107.4
efficientnet_b0,44,baseline,agrupada,sdnet_W,sdnet_W,True,213,271,29,87,0.8801652892561983,0.71,0.7859778597785978,600,6,10,12,107.4
efficientnet_b0,44,baseline,agrupada,sdnet_W,metu,False,171,229,71,129,0.7066115702479339,0.57,0.6309963099630996,600,6,10,12,107.4
efficientnet_b0,44,baseline,agrupada,metu,sdnet_D,False,87,289,11,213,0.8877551020408163,0.29,0.4371859296482412,600,3,7,12,75.6
efficientnet_b0,44,baseline,agrupada,metu,sdnet_P,False,169,276,24,131,0.8756476683937824,0.5633333333333334,0.6855983772819473,600,3,7,12,75.6
efficientnet_b0,44,baseline,agrupada,metu,sdnet_W,False,67,294,6,233,0.9178082191780822,0.2233333333333333,0.3592493297587131,600,3,7,12,75.6
efficientnet_b0,44,baseline,agrupada,metu,metu,True,298,300,0,2,1.0,0.9933333333333332,0.9966555183946488,600,3,7,12,75.6
mobilenetv3_small_100,42,baseline,agrupada,sdnet_D,sdnet_D,True,236,232,68,64,0.7763157894736842,0.7866666666666666,0.7814569536423841,600,5,9,12,74.0
mobilenetv3_small_100,42,baseline,agrupada,sdnet_D,sdnet_P,False,71,275,25,229,0.7395833333333334,0.2366666666666666,0.3585858585858585,600,5,9,12,74.0
mobilenetv3_small_100,42,baseline,agrupada,sdnet_D,sdnet_W,False,184,264,36,116,0.8363636363636363,0.6133333333333333,0.7076923076923077,600,5,9,12,74.0
mobilenetv3_small_100,42,baseline,agrupada,sdnet_D,metu,False,201,249,51,99,0.7976190476190477,0.67,0.7282608695652174,600,5,9,12,74.0
mobilenetv3_small_100,42,baseline,agrupada,sdnet_P,sdnet_D,False,211,226,74,89,0.7403508771929824,0.7033333333333334,0.7213675213675214,600,2,6,12,33.8
mobilenetv3_small_100,42,baseline,agrupada,sdnet_P,sdnet_P,True,241,240,60,59,0.8006644518272426,0.8033333333333333,0.8019966722129783,600,2,6,12,33.8
mobilenetv3_small_100,42,baseline,agrupada,sdnet_P,sdnet_W,False,155,265,35,145,0.8157894736842105,0.5166666666666667,0.6326530612244898,600,2,6,12,33.8
mobilenetv3_small_100,42,baseline,agrupada,sdnet_P,metu,False,231,298,2,69,0.9914163090128756,0.77,0.8667917448405253,600,2,6,12,33.8
mobilenetv3_small_100,42,baseline,agrupada,sdnet_W,sdnet_D,False,275,141,159,25,0.6336405529953917,0.9166666666666666,0.7493188010899182,600,3,7,12,39.2
mobilenetv3_small_100,42,baseline,agrupada,sdnet_W,sdnet_P,False,237,93,207,63,0.5337837837837838,0.79,0.6370967741935484,600,3,7,12,39.2
mobilenetv3_small_100,42,baseline,agrupada,sdnet_W,sdnet_W,True,239,232,68,61,0.7785016286644951,0.7966666666666666,0.7874794069192751,600,3,7,12,39.2
mobilenetv3_small_100,42,baseline,agrupada,sdnet_W,metu,False,114,277,23,186,0.8321167883211679,0.38,0.5217391304347826,600,3,7,12,39.2
mobilenetv3_small_100,42,baseline,agrupada,metu,sdnet_D,False,103,278,22,197,0.824,0.3433333333333333,0.4847058823529411,600,4,8,12,54.6
mobilenetv3_small_100,42,baseline,agrupada,metu,sdnet_P,False,166,266,34,134,0.83,0.5533333333333333,0.664,600,4,8,12,54.6
mobilenetv3_small_100,42,baseline,agrupada,metu,sdnet_W,False,95,282,18,205,0.8407079646017699,0.3166666666666666,0.4600484261501211,600,4,8,12,54.6
mobilenetv3_small_100,42,baseline,agrupada,metu,metu,True,300,300,0,0,1.0,1.0,1.0,600,4,8,12,54.6
mobilenetv3_small_100,43,baseline,agrupada,sdnet_D,sdnet_D,True,240,198,102,60,0.7017543859649122,0.8,0.7476635514018691,600,1,5,12,29.6
mobilenetv3_small_100,43,baseline,agrupada,sdnet_D,sdnet_P,False,61,279,21,239,0.7439024390243902,0.2033333333333333,0.3193717277486911,600,1,5,12,29.6
mobilenetv3_small_100,43,baseline,agrupada,sdnet_D,sdnet_W,False,205,198,102,95,0.6677524429967426,0.6833333333333333,0.6754530477759473,600,1,5,12,29.6
mobilenetv3_small_100,43,baseline,agrupada,sdnet_D,metu,False,205,262,38,95,0.8436213991769548,0.6833333333333333,0.7550644567219152,600,1,5,12,29.6
mobilenetv3_small_100,43,baseline,agrupada,sdnet_P,sdnet_D,False,169,284,16,131,0.9135135135135136,0.5633333333333334,0.6969072164948453,600,2,6,12,34.1
mobilenetv3_small_100,43,baseline,agrupada,sdnet_P,sdnet_P,True,259,249,51,41,0.8354838709677419,0.8633333333333333,0.8491803278688524,600,2,6,12,34.1
mobilenetv3_small_100,43,baseline,agrupada,sdnet_P,sdnet_W,False,142,276,24,158,0.8554216867469879,0.4733333333333333,0.6094420600858369,600,2,6,12,34.1
mobilenetv3_small_100,43,baseline,agrupada,sdnet_P,metu,False,298,295,5,2,0.9834983498349836,0.9933333333333332,0.988391376451078,600,2,6,12,34.1
mobilenetv3_small_100,43,baseline,agrupada,sdnet_W,sdnet_D,False,267,136,164,33,0.6194895591647331,0.89,0.7305061559507524,600,8,12,12,69.6
mobilenetv3_small_100,43,baseline,agrupada,sdnet_W,sdnet_P,False,129,249,51,171,0.7166666666666667,0.43,0.5375,600,8,12,12,69.6
mobilenetv3_small_100,43,baseline,agrupada,sdnet_W,sdnet_W,True,241,253,47,59,0.8368055555555556,0.8033333333333333,0.8197278911564626,600,8,12,12,69.6
mobilenetv3_small_100,43,baseline,agrupada,sdnet_W,metu,False,184,165,135,116,0.5768025078369906,0.6133333333333333,0.5945072697899838,600,8,12,12,69.6
mobilenetv3_small_100,43,baseline,agrupada,metu,sdnet_D,False,118,288,12,182,0.9076923076923076,0.3933333333333333,0.5488372093023256,600,4,8,12,45.7
mobilenetv3_small_100,43,baseline,agrupada,metu,sdnet_P,False,113,279,21,187,0.8432835820895522,0.3766666666666666,0.5207373271889401,600,4,8,12,45.7
mobilenetv3_small_100,43,baseline,agrupada,metu,sdnet_W,False,122,291,9,178,0.931297709923664,0.4066666666666667,0.5661252900232019,600,4,8,12,45.7
mobilenetv3_small_100,43,baseline,agrupada,metu,metu,True,299,300,0,1,1.0,0.9966666666666668,0.998330550918197,600,4,8,12,45.7
mobilenetv3_small_100,44,baseline,agrupada,sdnet_D,sdnet_D,True,240,229,71,60,0.7717041800643086,0.8,0.7855973813420621,600,6,10,12,60.3
mobilenetv3_small_100,44,baseline,agrupada,sdnet_D,sdnet_P,False,58,290,10,242,0.8529411764705882,0.1933333333333333,0.3152173913043478,600,6,10,12,60.3
mobilenetv3_small_100,44,baseline,agrupada,sdnet_D,sdnet_W,False,152,284,16,148,0.9047619047619048,0.5066666666666667,0.6495726495726496,600,6,10,12,60.3
mobilenetv3_small_100,44,baseline,agrupada,sdnet_D,metu,False,163,284,16,137,0.9106145251396648,0.5433333333333333,0.6805845511482255,600,6,10,12,60.3
mobilenetv3_small_100,44,baseline,agrupada,sdnet_P,sdnet_D,False,216,243,57,84,0.7912087912087912,0.72,0.7539267015706806,600,11,12,12,76.0
mobilenetv3_small_100,44,baseline,agrupada,sdnet_P,sdnet_P,True,242,263,37,58,0.8673835125448028,0.8066666666666666,0.8359240069084629,600,11,12,12,76.0
mobilenetv3_small_100,44,baseline,agrupada,sdnet_P,sdnet_W,False,167,270,30,133,0.8477157360406091,0.5566666666666666,0.6720321931589537,600,11,12,12,76.0
mobilenetv3_small_100,44,baseline,agrupada,sdnet_P,metu,False,277,287,13,23,0.9551724137931036,0.9233333333333332,0.9389830508474576,600,11,12,12,76.0
mobilenetv3_small_100,44,baseline,agrupada,sdnet_W,sdnet_D,False,266,124,176,34,0.6018099547511312,0.8866666666666667,0.7169811320754716,600,1,5,12,31.0
mobilenetv3_small_100,44,baseline,agrupada,sdnet_W,sdnet_P,False,162,209,91,138,0.6403162055335968,0.54,0.5858951175406871,600,1,5,12,31.0
mobilenetv3_small_100,44,baseline,agrupada,sdnet_W,sdnet_W,True,239,244,56,61,0.8101694915254237,0.7966666666666666,0.8033613445378152,600,1,5,12,31.0
mobilenetv3_small_100,44,baseline,agrupada,sdnet_W,metu,False,148,219,81,152,0.6462882096069869,0.4933333333333333,0.5595463137996219,600,1,5,12,31.0
mobilenetv3_small_100,44,baseline,agrupada,metu,sdnet_D,False,76,291,9,224,0.8941176470588236,0.2533333333333333,0.3948051948051948,600,5,9,12,52.0
mobilenetv3_small_100,44,baseline,agrupada,metu,sdnet_P,False,93,284,16,207,0.8532110091743119,0.31,0.4547677261613692,600,5,9,12,52.0
mobilenetv3_small_100,44,baseline,agrupada,metu,sdnet_W,False,56,297,3,244,0.9491525423728814,0.1866666666666666,0.3119777158774373,600,5,9,12,52.0
mobilenetv3_small_100,44,baseline,agrupada,metu,metu,True,299,299,1,1,0.9966666666666668,0.9966666666666668,0.9966666666666668,600,5,9,12,52.0
vit_tiny_patch16_224,42,baseline,agrupada,sdnet_D,sdnet_D,True,247,219,81,53,0.7530487804878049,0.8233333333333334,0.7866242038216561,600,2,6,12,41.4
vit_tiny_patch16_224,42,baseline,agrupada,sdnet_D,sdnet_P,False,228,171,129,72,0.6386554621848739,0.76,0.6940639269406392,600,2,6,12,41.4
vit_tiny_patch16_224,42,baseline,agrupada,sdnet_D,sdnet_W,False,205,242,58,95,0.779467680608365,0.6833333333333333,0.7282415630550622,600,2,6,12,41.4
vit_tiny_patch16_224,42,baseline,agrupada,sdnet_D,metu,False,160,183,117,140,0.5776173285198556,0.5333333333333333,0.5545927209705372,600,2,6,12,41.4
vit_tiny_patch16_224,42,baseline,agrupada,sdnet_P,sdnet_D,False,231,229,71,69,0.7649006622516556,0.77,0.7674418604651163,600,3,7,12,48.4
vit_tiny_patch16_224,42,baseline,agrupada,sdnet_P,sdnet_P,True,251,257,43,49,0.8537414965986394,0.8366666666666667,0.8451178451178452,600,3,7,12,48.4
vit_tiny_patch16_224,42,baseline,agrupada,sdnet_P,sdnet_W,False,198,265,35,102,0.8497854077253219,0.66,0.7429643527204502,600,3,7,12,48.4
vit_tiny_patch16_224,42,baseline,agrupada,sdnet_P,metu,False,285,271,29,15,0.9076433121019108,0.95,0.9283387622149836,600,3,7,12,48.4
vit_tiny_patch16_224,42,baseline,agrupada,sdnet_W,sdnet_D,False,281,112,188,19,0.5991471215351812,0.9366666666666666,0.7308192457737321,600,2,6,12,41.4
vit_tiny_patch16_224,42,baseline,agrupada,sdnet_W,sdnet_P,False,235,160,140,65,0.6266666666666667,0.7833333333333333,0.6962962962962963,600,2,6,12,41.4
vit_tiny_patch16_224,42,baseline,agrupada,sdnet_W,sdnet_W,True,245,272,28,55,0.8974358974358975,0.8166666666666667,0.8551483420593369,600,2,6,12,41.4
vit_tiny_patch16_224,42,baseline,agrupada,sdnet_W,metu,False,150,272,28,150,0.8426966292134831,0.5,0.6276150627615062,600,2,6,12,41.4
vit_tiny_patch16_224,42,baseline,agrupada,metu,sdnet_D,False,92,275,25,208,0.7863247863247863,0.3066666666666666,0.4412470023980815,600,1,5,12,34.2
vit_tiny_patch16_224,42,baseline,agrupada,metu,sdnet_P,False,172,263,37,128,0.8229665071770335,0.5733333333333334,0.6758349705304518,600,1,5,12,34.2
vit_tiny_patch16_224,42,baseline,agrupada,metu,sdnet_W,False,92,294,6,208,0.9387755102040816,0.3066666666666666,0.4623115577889447,600,1,5,12,34.2
vit_tiny_patch16_224,42,baseline,agrupada,metu,metu,True,299,300,0,1,1.0,0.9966666666666668,0.998330550918197,600,1,5,12,34.2
vit_tiny_patch16_224,43,baseline,agrupada,sdnet_D,sdnet_D,True,259,190,110,41,0.7018970189701897,0.8633333333333333,0.7742899850523169,600,2,6,12,41.0
vit_tiny_patch16_224,43,baseline,agrupada,sdnet_D,sdnet_P,False,273,90,210,27,0.5652173913043478,0.91,0.6973180076628352,600,2,6,12,41.0
vit_tiny_patch16_224,43,baseline,agrupada,sdnet_D,sdnet_W,False,218,207,93,82,0.7009646302250804,0.7266666666666667,0.7135842880523732,600,2,6,12,41.0
vit_tiny_patch16_224,43,baseline,agrupada,sdnet_D,metu,False,205,168,132,95,0.6083086053412463,0.6833333333333333,0.6436420722135008,600,2,6,12,41.0
vit_tiny_patch16_224,43,baseline,agrupada,sdnet_P,sdnet_D,False,237,234,66,63,0.7821782178217822,0.79,0.7860696517412935,600,7,11,12,75.6
vit_tiny_patch16_224,43,baseline,agrupada,sdnet_P,sdnet_P,True,256,246,54,44,0.8258064516129032,0.8533333333333334,0.839344262295082,600,7,11,12,75.6
vit_tiny_patch16_224,43,baseline,agrupada,sdnet_P,sdnet_W,False,178,274,26,122,0.8725490196078431,0.5933333333333334,0.7063492063492064,600,7,11,12,75.6
vit_tiny_patch16_224,43,baseline,agrupada,sdnet_P,metu,False,286,270,30,14,0.9050632911392406,0.9533333333333334,0.9285714285714286,600,7,11,12,75.6
vit_tiny_patch16_224,43,baseline,agrupada,sdnet_W,sdnet_D,False,283,121,179,17,0.6125541125541125,0.9433333333333334,0.7427821522309711,600,1,5,12,34.3
vit_tiny_patch16_224,43,baseline,agrupada,sdnet_W,sdnet_P,False,169,238,62,131,0.7316017316017316,0.5633333333333334,0.6365348399246704,600,1,5,12,34.3
vit_tiny_patch16_224,43,baseline,agrupada,sdnet_W,sdnet_W,True,238,269,31,62,0.8847583643122676,0.7933333333333333,0.836555360281195,600,1,5,12,34.3
vit_tiny_patch16_224,43,baseline,agrupada,sdnet_W,metu,False,134,265,35,166,0.7928994082840237,0.4466666666666666,0.5714285714285714,600,1,5,12,34.3
vit_tiny_patch16_224,43,baseline,agrupada,metu,sdnet_D,False,94,284,16,206,0.8545454545454545,0.3133333333333333,0.4585365853658537,600,2,6,12,41.0
vit_tiny_patch16_224,43,baseline,agrupada,metu,sdnet_P,False,184,270,30,116,0.8598130841121495,0.6133333333333333,0.7159533073929961,600,2,6,12,41.0
vit_tiny_patch16_224,43,baseline,agrupada,metu,sdnet_W,False,91,295,5,209,0.9479166666666666,0.3033333333333333,0.4595959595959596,600,2,6,12,41.0
vit_tiny_patch16_224,43,baseline,agrupada,metu,metu,True,299,300,0,1,1.0,0.9966666666666668,0.998330550918197,600,2,6,12,41.0
vit_tiny_patch16_224,44,baseline,agrupada,sdnet_D,sdnet_D,True,240,225,75,60,0.7619047619047619,0.8,0.7804878048780488,600,2,6,12,41.3
vit_tiny_patch16_224,44,baseline,agrupada,sdnet_D,sdnet_P,False,252,101,199,48,0.5587583148558758,0.84,0.6711051930758988,600,2,6,12,41.3
vit_tiny_patch16_224,44,baseline,agrupada,sdnet_D,sdnet_W,False,196,214,86,104,0.6950354609929078,0.6533333333333333,0.6735395189003437,600,2,6,12,41.3
vit_tiny_patch16_224,44,baseline,agrupada,sdnet_D,metu,False,138,226,74,162,0.6509433962264151,0.46,0.5390625,600,2,6,12,41.3
vit_tiny_patch16_224,44,baseline,agrupada,sdnet_P,sdnet_D,False,241,234,66,59,0.7850162866449512,0.8033333333333333,0.7940691927512356,600,4,8,12,54.0
vit_tiny_patch16_224,44,baseline,agrupada,sdnet_P,sdnet_P,True,238,266,34,62,0.875,0.7933333333333333,0.8321678321678322,600,4,8,12,54.0
vit_tiny_patch16_224,44,baseline,agrupada,sdnet_P,sdnet_W,False,189,268,32,111,0.8552036199095022,0.63,0.72552783109405,600,4,8,12,54.0
vit_tiny_patch16_224,44,baseline,agrupada,sdnet_P,metu,False,284,269,31,16,0.9015873015873016,0.9466666666666668,0.9235772357723576,600,4,8,12,54.0
vit_tiny_patch16_224,44,baseline,agrupada,sdnet_W,sdnet_D,False,276,156,144,24,0.6571428571428571,0.92,0.7666666666666667,600,4,8,12,54.4
vit_tiny_patch16_224,44,baseline,agrupada,sdnet_W,sdnet_P,False,163,256,44,137,0.7874396135265701,0.5433333333333333,0.6429980276134122,600,4,8,12,54.4
vit_tiny_patch16_224,44,baseline,agrupada,sdnet_W,sdnet_W,True,234,271,29,66,0.8897338403041825,0.78,0.8312611012433393,600,4,8,12,54.4
vit_tiny_patch16_224,44,baseline,agrupada,sdnet_W,metu,False,112,278,22,188,0.835820895522388,0.3733333333333333,0.5161290322580645,600,4,8,12,54.4
vit_tiny_patch16_224,44,baseline,agrupada,metu,sdnet_D,False,77,283,17,223,0.8191489361702128,0.2566666666666666,0.3908629441624365,600,4,8,12,54.7
vit_tiny_patch16_224,44,baseline,agrupada,metu,sdnet_P,False,197,260,40,103,0.8312236286919831,0.6566666666666666,0.7337057728119181,600,4,8,12,54.7
vit_tiny_patch16_224,44,baseline,agrupada,metu,sdnet_W,False,78,297,3,222,0.9629629629629628,0.26,0.4094488188976378,600,4,8,12,54.7
vit_tiny_patch16_224,44,baseline,agrupada,metu,metu,True,299,300,0,1,1.0,0.9966666666666668,0.998330550918197,600,4,8,12,54.7
efficientnet_b0,44,baseline,original,sdnet_W,sdnet_D,False,210,168,132,90,0.6140350877192983,0.7,0.6542056074766355,600,4,8,12,258.9
efficientnet_b0,44,baseline,original,sdnet_W,sdnet_P,False,112,238,62,188,0.6436781609195402,0.3733333333333333,0.4725738396624472,600,4,8,12,258.9
efficientnet_b0,44,baseline,original,sdnet_W,sdnet_W,True,236,254,46,64,0.8368794326241135,0.7866666666666666,0.8109965635738832,600,4,8,12,258.9
efficientnet_b0,44,baseline,original,sdnet_W,metu,False,137,248,52,163,0.7248677248677249,0.4566666666666666,0.5603271983640081,600,4,8,12,258.9
efficientnet_b0,44,baseline,original,metu,sdnet_D,False,64,294,6,236,0.9142857142857144,0.2133333333333333,0.3459459459459459,600,3,7,12,151.6
efficientnet_b0,44,baseline,original,metu,sdnet_P,False,189,262,38,111,0.8325991189427313,0.63,0.7172675521821632,600,3,7,12,151.6
efficientnet_b0,44,baseline,original,metu,sdnet_W,False,65,294,6,235,0.9154929577464788,0.2166666666666666,0.3504043126684636,600,3,7,12,151.6
efficientnet_b0,44,baseline,original,metu,metu,True,298,300,0,2,1.0,0.9933333333333332,0.9966555183946488,600,3,7,12,151.6
mobilenetv3_small_100,42,baseline,original,sdnet_D,sdnet_D,True,235,252,48,65,0.8303886925795053,0.7833333333333333,0.8061749571183533,600,8,12,12,255.1
mobilenetv3_small_100,42,baseline,original,sdnet_D,sdnet_P,False,95,277,23,205,0.8050847457627118,0.3166666666666666,0.4545454545454545,600,8,12,12,255.1
mobilenetv3_small_100,42,baseline,original,sdnet_D,sdnet_W,False,160,278,22,140,0.8791208791208791,0.5333333333333333,0.6639004149377593,600,8,12,12,255.1
mobilenetv3_small_100,42,baseline,original,sdnet_D,metu,False,151,276,24,149,0.8628571428571429,0.5033333333333333,0.6357894736842106,600,8,12,12,255.1
mobilenetv3_small_100,42,baseline,original,sdnet_P,sdnet_D,False,166,264,36,134,0.8217821782178217,0.5533333333333333,0.6613545816733067,600,5,9,12,160.2
mobilenetv3_small_100,42,baseline,original,sdnet_P,sdnet_P,True,246,264,36,54,0.8723404255319149,0.82,0.845360824742268,600,5,9,12,160.2
mobilenetv3_small_100,42,baseline,original,sdnet_P,sdnet_W,False,125,273,27,175,0.8223684210526315,0.4166666666666667,0.5530973451327433,600,5,9,12,160.2
mobilenetv3_small_100,42,baseline,original,sdnet_P,metu,False,264,295,5,36,0.9814126394052044,0.88,0.9279437609841829,600,5,9,12,160.2
mobilenetv3_small_100,42,baseline,original,sdnet_W,sdnet_D,False,244,194,106,56,0.6971428571428572,0.8133333333333334,0.7507692307692307,600,4,8,12,138.2
mobilenetv3_small_100,42,baseline,original,sdnet_W,sdnet_P,False,210,183,117,90,0.6422018348623854,0.7,0.6698564593301436,600,4,8,12,138.2
mobilenetv3_small_100,42,baseline,original,sdnet_W,sdnet_W,True,253,229,71,47,0.7808641975308642,0.8433333333333334,0.8108974358974359,600,4,8,12,138.2
mobilenetv3_small_100,42,baseline,original,sdnet_W,metu,False,207,260,40,93,0.8380566801619433,0.69,0.7568555758683729,600,4,8,12,138.2
mobilenetv3_small_100,42,baseline,original,metu,sdnet_D,False,82,281,19,218,0.8118811881188119,0.2733333333333333,0.4089775561097257,600,4,8,12,133.3
mobilenetv3_small_100,42,baseline,original,metu,sdnet_P,False,179,257,43,121,0.8063063063063063,0.5966666666666667,0.685823754789272,600,4,8,12,133.3
mobilenetv3_small_100,42,baseline,original,metu,sdnet_W,False,63,280,20,237,0.7590361445783133,0.21,0.3289817232375979,600,4,8,12,133.3
mobilenetv3_small_100,42,baseline,original,metu,metu,True,300,300,0,0,1.0,1.0,1.0,600,4,8,12,133.3
mobilenetv3_small_100,43,baseline,original,sdnet_D,sdnet_D,True,253,232,68,47,0.7881619937694704,0.8433333333333334,0.8148148148148148,600,4,8,12,132.9
mobilenetv3_small_100,43,baseline,original,sdnet_D,sdnet_P,False,116,281,19,184,0.8592592592592593,0.3866666666666666,0.5333333333333333,600,4,8,12,132.9
mobilenetv3_small_100,43,baseline,original,sdnet_D,sdnet_W,False,192,264,36,108,0.8421052631578947,0.64,0.7272727272727273,600,4,8,12,132.9
mobilenetv3_small_100,43,baseline,original,sdnet_D,metu,False,219,266,34,81,0.8656126482213439,0.73,0.7920433996383364,600,4,8,12,132.9
mobilenetv3_small_100,43,baseline,original,sdnet_P,sdnet_D,False,173,272,28,127,0.8606965174129353,0.5766666666666667,0.6906187624750499,600,8,12,12,198.6
mobilenetv3_small_100,43,baseline,original,sdnet_P,sdnet_P,True,257,262,38,43,0.8711864406779661,0.8566666666666667,0.8638655462184874,600,8,12,12,198.6
mobilenetv3_small_100,43,baseline,original,sdnet_P,sdnet_W,False,134,274,26,166,0.8375,0.4466666666666666,0.5826086956521739,600,8,12,12,198.6
mobilenetv3_small_100,43,baseline,original,sdnet_P,metu,False,280,293,7,20,0.975609756097561,0.9333333333333332,0.9540034071550256,600,8,12,12,198.6
mobilenetv3_small_100,43,baseline,original,sdnet_W,sdnet_D,False,231,220,80,69,0.7427652733118971,0.77,0.7561374795417348,600,6,10,12,175.0
mobilenetv3_small_100,43,baseline,original,sdnet_W,sdnet_P,False,188,252,48,112,0.7966101694915254,0.6266666666666667,0.7014925373134329,600,6,10,12,175.0
mobilenetv3_small_100,43,baseline,original,sdnet_W,sdnet_W,True,234,270,30,66,0.8863636363636364,0.78,0.8297872340425532,600,6,10,12,175.0
mobilenetv3_small_100,43,baseline,original,sdnet_W,metu,False,223,264,36,77,0.861003861003861,0.7433333333333333,0.7978533094812165,600,6,10,12,175.0
mobilenetv3_small_100,43,baseline,original,metu,sdnet_D,False,79,283,17,221,0.8229166666666666,0.2633333333333333,0.398989898989899,600,4,8,12,136.2
mobilenetv3_small_100,43,baseline,original,metu,sdnet_P,False,140,273,27,160,0.8383233532934131,0.4666666666666667,0.5995717344753747,600,4,8,12,136.2
mobilenetv3_small_100,43,baseline,original,metu,sdnet_W,False,95,291,9,205,0.9134615384615384,0.3166666666666666,0.4702970297029702,600,4,8,12,136.2
mobilenetv3_small_100,43,baseline,original,metu,metu,True,299,300,0,1,1.0,0.9966666666666668,0.998330550918197,600,4,8,12,136.2
mobilenetv3_small_100,44,baseline,original,sdnet_D,sdnet_D,True,228,250,50,72,0.8201438848920863,0.76,0.7889273356401384,600,9,12,12,203.5
mobilenetv3_small_100,44,baseline,original,sdnet_D,sdnet_P,False,103,286,14,197,0.8803418803418803,0.3433333333333333,0.4940047961630695,600,9,12,12,203.5
mobilenetv3_small_100,44,baseline,original,sdnet_D,sdnet_W,False,162,272,28,138,0.8526315789473684,0.54,0.6612244897959184,600,9,12,12,203.5
mobilenetv3_small_100,44,baseline,original,sdnet_D,metu,False,157,284,16,143,0.907514450867052,0.5233333333333333,0.6638477801268499,600,9,12,12,203.5
mobilenetv3_small_100,44,baseline,original,sdnet_P,sdnet_D,False,132,282,18,168,0.88,0.44,0.5866666666666667,600,6,10,12,170.2
mobilenetv3_small_100,44,baseline,original,sdnet_P,sdnet_P,True,246,273,27,54,0.9010989010989012,0.82,0.8586387434554974,600,6,10,12,170.2
mobilenetv3_small_100,44,baseline,original,sdnet_P,sdnet_W,False,119,275,25,181,0.8263888888888888,0.3966666666666666,0.536036036036036,600,6,10,12,170.2
mobilenetv3_small_100,44,baseline,original,sdnet_P,metu,False,276,296,4,24,0.9857142857142858,0.92,0.9517241379310344,600,6,10,12,170.2
mobilenetv3_small_100,44,baseline,original,sdnet_W,sdnet_D,False,217,237,63,83,0.775,0.7233333333333334,0.7482758620689656,600,6,10,12,176.7
mobilenetv3_small_100,44,baseline,original,sdnet_W,sdnet_P,False,186,220,80,114,0.6992481203007519,0.62,0.657243816254417,600,6,10,12,176.7
mobilenetv3_small_100,44,baseline,original,sdnet_W,sdnet_W,True,229,264,36,71,0.8641509433962264,0.7633333333333333,0.8106194690265487,600,6,10,12,176.7
mobilenetv3_small_100,44,baseline,original,sdnet_W,metu,False,188,252,48,112,0.7966101694915254,0.6266666666666667,0.7014925373134329,600,6,10,12,176.7
mobilenetv3_small_100,44,baseline,original,metu,sdnet_D,False,45,289,11,255,0.8035714285714286,0.15,0.2528089887640449,600,5,9,12,154.5
mobilenetv3_small_100,44,baseline,original,metu,sdnet_P,False,119,276,24,181,0.8321678321678322,0.3966666666666666,0.5372460496613995,600,5,9,12,154.5
mobilenetv3_small_100,44,baseline,original,metu,sdnet_W,False,39,299,1,261,0.975,0.13,0.2294117647058823,600,5,9,12,154.5
mobilenetv3_small_100,44,baseline,original,metu,metu,True,299,299,1,1,0.9966666666666668,0.9966666666666668,0.9966666666666668,600,5,9,12,154.5
vit_tiny_patch16_224,42,baseline,original,sdnet_D,sdnet_D,True,220,267,33,80,0.8695652173913043,0.7333333333333333,0.7956600361663653,600,8,12,12,195.6
vit_tiny_patch16_224,42,baseline,original,sdnet_D,sdnet_P,False,171,271,29,129,0.855,0.57,0.684,600,8,12,12,195.6
vit_tiny_patch16_224,42,baseline,original,sdnet_D,sdnet_W,False,178,277,23,122,0.8855721393034826,0.5933333333333334,0.7105788423153693,600,8,12,12,195.6
vit_tiny_patch16_224,42,baseline,original,sdnet_D,metu,False,132,269,31,168,0.8098159509202454,0.44,0.5701943844492441,600,8,12,12,195.6
vit_tiny_patch16_224,42,baseline,original,sdnet_P,sdnet_D,False,212,265,35,88,0.8582995951417004,0.7066666666666667,0.7751371115173674,600,8,12,12,188.6
vit_tiny_patch16_224,42,baseline,original,sdnet_P,sdnet_P,True,261,260,40,39,0.867109634551495,0.87,0.8685524126455907,600,8,12,12,188.6
vit_tiny_patch16_224,42,baseline,original,sdnet_P,sdnet_W,False,162,273,27,138,0.8571428571428571,0.54,0.6625766871165644,600,8,12,12,188.6
vit_tiny_patch16_224,42,baseline,original,sdnet_P,metu,False,288,284,16,12,0.9473684210526316,0.96,0.9536423841059604,600,8,12,12,188.6
vit_tiny_patch16_224,42,baseline,original,sdnet_W,sdnet_D,False,252,180,120,48,0.6774193548387096,0.84,0.75,600,8,12,12,197.0
vit_tiny_patch16_224,42,baseline,original,sdnet_W,sdnet_P,False,222,210,90,78,0.7115384615384616,0.74,0.7254901960784313,600,8,12,12,197.0
vit_tiny_patch16_224,42,baseline,original,sdnet_W,sdnet_W,True,231,274,26,69,0.8988326848249028,0.77,0.829443447037702,600,8,12,12,197.0
vit_tiny_patch16_224,42,baseline,original,sdnet_W,metu,False,199,279,21,101,0.9045454545454544,0.6633333333333333,0.7653846153846153,600,8,12,12,197.0
vit_tiny_patch16_224,42,baseline,original,metu,sdnet_D,False,69,280,20,231,0.7752808988764045,0.23,0.3547557840616966,600,1,5,12,73.4
vit_tiny_patch16_224,42,baseline,original,metu,sdnet_P,False,173,244,56,127,0.7554585152838428,0.5766666666666667,0.6540642722117203,600,1,5,12,73.4
vit_tiny_patch16_224,42,baseline,original,metu,sdnet_W,False,67,298,2,233,0.9710144927536232,0.2233333333333333,0.3631436314363143,600,1,5,12,73.4
vit_tiny_patch16_224,42,baseline,original,metu,metu,True,299,300,0,1,1.0,0.9966666666666668,0.998330550918197,600,1,5,12,73.4
vit_tiny_patch16_224,43,baseline,original,sdnet_D,sdnet_D,True,234,256,44,66,0.841726618705036,0.78,0.8096885813148789,600,4,8,12,121.6
vit_tiny_patch16_224,43,baseline,original,sdnet_D,sdnet_P,False,203,242,58,97,0.7777777777777778,0.6766666666666666,0.7237076648841355,600,4,8,12,121.6
vit_tiny_patch16_224,43,baseline,original,sdnet_D,sdnet_W,False,182,268,32,118,0.8504672897196262,0.6066666666666667,0.708171206225681,600,4,8,12,121.6
vit_tiny_patch16_224,43,baseline,original,sdnet_D,metu,False,158,262,38,142,0.8061224489795918,0.5266666666666666,0.6370967741935484,600,4,8,12,121.6
vit_tiny_patch16_224,43,baseline,original,sdnet_P,sdnet_D,False,161,272,28,139,0.8518518518518519,0.5366666666666666,0.6584867075664622,600,0,4,12,59.1
vit_tiny_patch16_224,43,baseline,original,sdnet_P,sdnet_P,True,231,259,41,69,0.8492647058823529,0.77,0.8076923076923077,600,0,4,12,59.1
vit_tiny_patch16_224,43,baseline,original,sdnet_P,sdnet_W,False,129,270,30,171,0.8113207547169812,0.43,0.5620915032679739,600,0,4,12,59.1
vit_tiny_patch16_224,43,baseline,original,sdnet_P,metu,False,295,283,17,5,0.9455128205128204,0.9833333333333332,0.9640522875816994,600,0,4,12,59.1
vit_tiny_patch16_224,43,baseline,original,sdnet_W,sdnet_D,False,271,138,162,29,0.625866050808314,0.9033333333333332,0.7394270122783083,600,6,10,12,155.5
vit_tiny_patch16_224,43,baseline,original,sdnet_W,sdnet_P,False,261,164,136,39,0.6574307304785895,0.87,0.7489239598278336,600,6,10,12,155.5
vit_tiny_patch16_224,43,baseline,original,sdnet_W,sdnet_W,True,258,226,74,42,0.7771084337349398,0.86,0.8164556962025317,600,6,10,12,155.5
vit_tiny_patch16_224,43,baseline,original,sdnet_W,metu,False,234,273,27,66,0.896551724137931,0.78,0.8342245989304813,600,6,10,12,155.5
vit_tiny_patch16_224,43,baseline,original,metu,sdnet_D,False,62,284,16,238,0.7948717948717948,0.2066666666666666,0.328042328042328,600,2,6,12,90.9
vit_tiny_patch16_224,43,baseline,original,metu,sdnet_P,False,200,260,40,100,0.8333333333333334,0.6666666666666666,0.7407407407407407,600,2,6,12,90.9
vit_tiny_patch16_224,43,baseline,original,metu,sdnet_W,False,64,297,3,236,0.9552238805970148,0.2133333333333333,0.3487738419618528,600,2,6,12,90.9
vit_tiny_patch16_224,43,baseline,original,metu,metu,True,299,300,0,1,1.0,0.9966666666666668,0.998330550918197,600,2,6,12,90.9
vit_tiny_patch16_224,44,baseline,original,sdnet_D,sdnet_D,True,228,247,53,72,0.8113879003558719,0.76,0.7848537005163512,600,6,10,12,157.7
vit_tiny_patch16_224,44,baseline,original,sdnet_D,sdnet_P,False,197,245,55,103,0.7817460317460317,0.6566666666666666,0.7137681159420289,600,6,10,12,157.7
vit_tiny_patch16_224,44,baseline,original,sdnet_D,sdnet_W,False,153,270,30,147,0.8360655737704918,0.51,0.6335403726708074,600,6,10,12,157.7
vit_tiny_patch16_224,44,baseline,original,sdnet_D,metu,False,124,224,76,176,0.62,0.4133333333333333,0.496,600,6,10,12,157.7
vit_tiny_patch16_224,44,baseline,original,sdnet_P,sdnet_D,False,190,266,34,110,0.8482142857142857,0.6333333333333333,0.7251908396946565,600,1,5,12,82.1
vit_tiny_patch16_224,44,baseline,original,sdnet_P,sdnet_P,True,255,260,40,45,0.864406779661017,0.85,0.8571428571428571,600,1,5,12,82.1
vit_tiny_patch16_224,44,baseline,original,sdnet_P,sdnet_W,False,169,261,39,131,0.8125,0.5633333333333334,0.6653543307086615,600,1,5,12,82.1
vit_tiny_patch16_224,44,baseline,original,sdnet_P,metu,False,284,279,21,16,0.9311475409836064,0.9466666666666668,0.9388429752066116,600,1,5,12,82.1
vit_tiny_patch16_224,44,baseline,original,sdnet_W,sdnet_D,False,266,123,177,34,0.600451467268623,0.8866666666666667,0.7160161507402423,600,4,8,12,118.8
vit_tiny_patch16_224,44,baseline,original,sdnet_W,sdnet_P,False,221,226,74,79,0.7491525423728813,0.7366666666666667,0.7428571428571429,600,4,8,12,118.8
vit_tiny_patch16_224,44,baseline,original,sdnet_W,sdnet_W,True,232,258,42,68,0.8467153284671532,0.7733333333333333,0.8083623693379791,600,4,8,12,118.8
vit_tiny_patch16_224,44,baseline,original,sdnet_W,metu,False,134,276,24,166,0.8481012658227848,0.4466666666666666,0.5851528384279476,600,4,8,12,118.8
vit_tiny_patch16_224,44,baseline,original,metu,sdnet_D,False,49,286,14,251,0.7777777777777778,0.1633333333333333,0.2699724517906336,600,4,8,12,127.3
vit_tiny_patch16_224,44,baseline,original,metu,sdnet_P,False,197,243,57,103,0.7755905511811023,0.6566666666666666,0.7111913357400722,600,4,8,12,127.3
vit_tiny_patch16_224,44,baseline,original,metu,sdnet_W,False,55,296,4,245,0.9322033898305084,0.1833333333333333,0.3064066852367688,600,4,8,12,127.3
vit_tiny_patch16_224,44,baseline,original,metu,metu,True,299,300,0,1,1.0,0.9966666666666668,0.998330550918197,600,4,8,12,127.3
resnet18,42,agresivo,original,sdnet_D,sdnet_D,True,228,251,49,72,0.8231046931407943,0.76,0.7902946273830156,600,8,12,12,377.8
resnet18,42,agresivo,original,sdnet_D,sdnet_P,False,105,292,8,195,0.9292035398230089,0.35,0.5084745762711864,600,8,12,12,377.8
resnet18,42,agresivo,original,sdnet_D,sdnet_W,False,173,283,17,127,0.9105263157894736,0.5766666666666667,0.7061224489795919,600,8,12,12,377.8
resnet18,42,agresivo,original,sdnet_D,metu,False,204,280,20,96,0.9107142857142856,0.68,0.7786259541984732,600,8,12,12,377.8
resnet18,42,agresivo,original,sdnet_P,sdnet_D,False,226,243,57,74,0.7985865724381626,0.7533333333333333,0.7753001715265866,600,9,12,12,397.8
resnet18,42,agresivo,original,sdnet_P,sdnet_P,True,275,250,50,25,0.8461538461538461,0.9166666666666666,0.88,600,9,12,12,397.8
resnet18,42,agresivo,original,sdnet_P,sdnet_W,False,197,247,53,103,0.788,0.6566666666666666,0.7163636363636363,600,9,12,12,397.8
resnet18,42,agresivo,original,sdnet_P,metu,False,295,287,13,5,0.9577922077922078,0.9833333333333332,0.9703947368421052,600,9,12,12,397.8
resnet18,42,agresivo,original,sdnet_W,sdnet_D,False,227,239,61,73,0.7881944444444444,0.7566666666666667,0.7721088435374149,600,4,8,12,263.1
resnet18,42,agresivo,original,sdnet_W,sdnet_P,False,179,272,28,121,0.8647342995169082,0.5966666666666667,0.7061143984220908,600,4,8,12,263.1
resnet18,42,agresivo,original,sdnet_W,sdnet_W,True,250,264,36,50,0.8741258741258742,0.8333333333333334,0.8532423208191127,600,4,8,12,263.1
resnet18,42,agresivo,original,sdnet_W,metu,False,163,286,14,137,0.9209039548022598,0.5433333333333333,0.6834381551362684,600,4,8,12,263.1
resnet18,42,agresivo,original,metu,sdnet_D,False,67,288,12,233,0.8481012658227848,0.2233333333333333,0.3535620052770448,600,1,5,12,206.5
resnet18,42,agresivo,original,metu,sdnet_P,False,144,268,32,156,0.8181818181818182,0.48,0.6050420168067226,600,1,5,12,206.5
resnet18,42,agresivo,original,metu,sdnet_W,False,40,291,9,260,0.8163265306122449,0.1333333333333333,0.2292263610315186,600,1,5,12,206.5
resnet18,42,agresivo,original,metu,metu,True,300,299,1,0,0.9966777408637874,1.0,0.9983361064891848,600,1,5,12,206.5
resnet18,43,agresivo,original,sdnet_D,sdnet_D,True,231,257,43,69,0.843065693430657,0.77,0.8048780487804879,600,11,12,12,503.2
resnet18,43,agresivo,original,sdnet_D,sdnet_P,False,126,289,11,174,0.9197080291970804,0.42,0.5766590389016019,600,11,12,12,503.2
resnet18,43,agresivo,original,sdnet_D,sdnet_W,False,178,276,24,122,0.8811881188118812,0.5933333333333334,0.7091633466135459,600,11,12,12,503.2
resnet18,43,agresivo,original,sdnet_D,metu,False,192,273,27,108,0.8767123287671232,0.64,0.7398843930635838,600,11,12,12,503.2
resnet18,43,agresivo,original,sdnet_P,sdnet_D,False,164,274,26,136,0.8631578947368421,0.5466666666666666,0.6693877551020408,600,4,8,12,360.4
resnet18,43,agresivo,original,sdnet_P,sdnet_P,True,265,262,38,35,0.8745874587458746,0.8833333333333333,0.87893864013267,600,4,8,12,360.4
resnet18,43,agresivo,original,sdnet_P,sdnet_W,False,116,281,19,184,0.8592592592592593,0.3866666666666666,0.5333333333333333,600,4,8,12,360.4
resnet18,43,agresivo,original,sdnet_P,metu,False,294,297,3,6,0.98989898989899,0.98,0.984924623115578,600,4,8,12,360.4
resnet18,43,agresivo,original,sdnet_W,sdnet_D,False,230,248,52,70,0.8156028368794326,0.7666666666666667,0.7903780068728522,600,7,11,12,295.7
resnet18,43,agresivo,original,sdnet_W,sdnet_P,False,212,264,36,88,0.8548387096774194,0.7066666666666667,0.7737226277372263,600,7,11,12,295.7
resnet18,43,agresivo,original,sdnet_W,sdnet_W,True,247,275,25,53,0.9080882352941176,0.8233333333333334,0.8636363636363636,600,7,11,12,295.7
resnet18,43,agresivo,original,sdnet_W,metu,False,259,283,17,41,0.9384057971014492,0.8633333333333333,0.8993055555555556,600,7,11,12,295.7
resnet18,43,agresivo,original,metu,sdnet_D,False,75,292,8,225,0.9036144578313252,0.25,0.391644908616188,600,3,7,12,258.5
resnet18,43,agresivo,original,metu,sdnet_P,False,140,276,24,160,0.8536585365853658,0.4666666666666667,0.603448275862069,600,3,7,12,258.5
resnet18,43,agresivo,original,metu,sdnet_W,False,59,295,5,241,0.921875,0.1966666666666666,0.3241758241758242,600,3,7,12,258.5
resnet18,43,agresivo,original,metu,metu,True,300,299,1,0,0.9966777408637874,1.0,0.9983361064891848,600,3,7,12,258.5
resnet18,44,agresivo,original,sdnet_D,sdnet_D,True,235,257,43,65,0.8453237410071942,0.7833333333333333,0.8131487889273357,600,10,12,12,438.0
resnet18,44,agresivo,original,sdnet_D,sdnet_P,False,178,255,45,122,0.7982062780269058,0.5933333333333334,0.6806883365200764,600,10,12,12,438.0
resnet18,44,agresivo,original,sdnet_D,sdnet_W,False,175,281,19,125,0.9020618556701032,0.5833333333333334,0.708502024291498,600,10,12,12,438.0
resnet18,44,agresivo,original,sdnet_D,metu,False,250,251,49,50,0.8361204013377926,0.8333333333333334,0.8347245409015025,600,10,12,12,438.0
resnet18,44,agresivo,original,sdnet_P,sdnet_D,False,222,248,52,78,0.8102189781021898,0.74,0.7735191637630662,600,11,12,12,424.2
resnet18,44,agresivo,original,sdnet_P,sdnet_P,True,273,256,44,27,0.861198738170347,0.91,0.8849270664505673,600,11,12,12,424.2
resnet18,44,agresivo,original,sdnet_P,sdnet_W,False,165,265,35,135,0.825,0.55,0.66,600,11,12,12,424.2
resnet18,44,agresivo,original,sdnet_P,metu,False,289,288,12,11,0.9601328903654484,0.9633333333333334,0.961730449251248,600,11,12,12,424.2
resnet18,44,agresivo,original,sdnet_W,sdnet_D,False,241,246,54,59,0.8169491525423729,0.8033333333333333,0.8100840336134454,600,8,12,12,414.7
resnet18,44,agresivo,original,sdnet_W,sdnet_P,False,203,266,34,97,0.8565400843881856,0.6766666666666666,0.7560521415270018,600,8,12,12,414.7
resnet18,44,agresivo,original,sdnet_W,sdnet_W,True,251,266,34,49,0.8807017543859649,0.8366666666666667,0.8581196581196581,600,8,12,12,414.7
resnet18,44,agresivo,original,sdnet_W,metu,False,176,291,9,124,0.9513513513513514,0.5866666666666667,0.7257731958762886,600,8,12,12,414.7
resnet18,44,agresivo,original,metu,sdnet_D,False,92,285,15,208,0.8598130841121495,0.3066666666666666,0.4520884520884521,600,5,9,12,321.5
resnet18,44,agresivo,original,metu,sdnet_P,False,175,265,35,125,0.8333333333333334,0.5833333333333334,0.6862745098039216,600,5,9,12,321.5
resnet18,44,agresivo,original,metu,sdnet_W,False,62,291,9,238,0.8732394366197183,0.2066666666666666,0.3342318059299191,600,5,9,12,321.5
resnet18,44,agresivo,original,metu,metu,True,299,300,0,1,1.0,0.9966666666666668,0.998330550918197,600,5,9,12,321.5
efficientnet_b0,42,agresivo,original,sdnet_D,sdnet_D,True,167,197,103,133,0.6185185185185185,0.5566666666666666,0.5859649122807018,600,1,5,12,203.3
efficientnet_b0,42,agresivo,original,sdnet_D,sdnet_P,False,162,236,64,138,0.7168141592920354,0.54,0.6159695817490495,600,1,5,12,203.3
efficientnet_b0,42,agresivo,original,sdnet_D,sdnet_W,False,127,227,73,173,0.635,0.4233333333333333,0.508,600,1,5,12,203.3
efficientnet_b0,42,agresivo,original,sdnet_D,metu,False,125,210,90,175,0.5813953488372093,0.4166666666666667,0.4854368932038835,600,1,5,12,203.3
efficientnet_b0,42,agresivo,original,sdnet_P,sdnet_D,False,264,97,203,36,0.5653104925053534,0.88,0.6883963494132985,600,10,12,12,491.5
efficientnet_b0,42,agresivo,original,sdnet_P,sdnet_P,True,246,206,94,54,0.7235294117647059,0.82,0.76875,600,10,12,12,491.5
efficientnet_b0,42,agresivo,original,sdnet_P,sdnet_W,False,234,163,137,66,0.6307277628032345,0.78,0.6974664679582713,600,10,12,12,491.5
efficientnet_b0,42,agresivo,original,sdnet_P,metu,False,293,173,127,7,0.6976190476190476,0.9766666666666668,0.8138888888888889,600,10,12,12,491.5
efficientnet_b0,42,agresivo,original,sdnet_W,sdnet_D,False,227,167,133,73,0.6305555555555555,0.7566666666666667,0.6878787878787879,600,3,7,12,283.8
efficientnet_b0,42,agresivo,original,sdnet_W,sdnet_P,False,236,158,142,64,0.6243386243386243,0.7866666666666666,0.696165191740413,600,3,7,12,283.8
efficientnet_b0,42,agresivo,original,sdnet_W,sdnet_W,True,173,188,112,127,0.6070175438596491,0.5766666666666667,0.5914529914529915,600,3,7,12,283.8
efficientnet_b0,42,agresivo,original,sdnet_W,metu,False,293,94,206,7,0.5871743486973948,0.9766666666666668,0.7334167709637046,600,3,7,12,283.8
efficientnet_b0,42,agresivo,original,metu,sdnet_D,False,69,290,10,231,0.8734177215189873,0.23,0.3641160949868074,600,3,7,12,289.9
efficientnet_b0,42,agresivo,original,metu,sdnet_P,False,148,265,35,152,0.8087431693989071,0.4933333333333333,0.6128364389233955,600,3,7,12,289.9
efficientnet_b0,42,agresivo,original,metu,sdnet_W,False,51,260,40,249,0.5604395604395604,0.17,0.2608695652173913,600,3,7,12,289.9
efficientnet_b0,42,agresivo,original,metu,metu,True,287,288,12,13,0.959866220735786,0.9566666666666668,0.9582637729549248,600,3,7,12,289.9
efficientnet_b0,43,agresivo,original,sdnet_D,sdnet_D,True,238,77,223,62,0.5162689804772235,0.7933333333333333,0.6254927726675427,600,0,4,12,165.2
efficientnet_b0,43,agresivo,original,sdnet_D,sdnet_P,False,119,193,107,181,0.5265486725663717,0.3966666666666666,0.4524714828897338,600,0,4,12,165.2
efficientnet_b0,43,agresivo,original,sdnet_D,sdnet_W,False,234,64,236,66,0.4978723404255319,0.78,0.6077922077922078,600,0,4,12,165.2
efficientnet_b0,43,agresivo,original,sdnet_D,metu,False,183,210,90,117,0.6703296703296703,0.61,0.6387434554973822,600,0,4,12,165.2
efficientnet_b0,43,agresivo,original,sdnet_P,sdnet_D,False,196,232,68,104,0.7424242424242424,0.6533333333333333,0.6950354609929078,600,5,9,12,353.4
efficientnet_b0,43,agresivo,original,sdnet_P,sdnet_P,True,223,246,54,77,0.8050541516245487,0.7433333333333333,0.7729636048526863,600,5,9,12,353.4
efficientnet_b0,43,agresivo,original,sdnet_P,sdnet_W,False,145,250,50,155,0.7435897435897436,0.4833333333333333,0.5858585858585859,600,5,9,12,353.4
efficientnet_b0,43,agresivo,original,sdnet_P,metu,False,295,228,72,5,0.8038147138964578,0.9833333333333332,0.8845577211394303,600,5,9,12,353.4
efficientnet_b0,43,agresivo,original,sdnet_W,sdnet_D,False,194,165,135,106,0.5896656534954408,0.6466666666666666,0.6168521462639109,600,3,7,12,277.8
efficientnet_b0,43,agresivo,original,sdnet_W,sdnet_P,False,133,259,41,167,0.764367816091954,0.4433333333333333,0.5611814345991561,600,3,7,12,277.8
efficientnet_b0,43,agresivo,original,sdnet_W,sdnet_W,True,188,170,130,112,0.5911949685534591,0.6266666666666667,0.6084142394822006,600,3,7,12,277.8
efficientnet_b0,43,agresivo,original,sdnet_W,metu,False,227,267,33,73,0.8730769230769231,0.7566666666666667,0.8107142857142857,600,3,7,12,277.8
efficientnet_b0,43,agresivo,original,metu,sdnet_D,False,53,291,9,247,0.8548387096774194,0.1766666666666666,0.292817679558011,600,6,10,12,411.1
efficientnet_b0,43,agresivo,original,metu,sdnet_P,False,96,274,26,204,0.7868852459016393,0.32,0.4549763033175355,600,6,10,12,411.1
efficientnet_b0,43,agresivo,original,metu,sdnet_W,False,38,274,26,262,0.59375,0.1266666666666666,0.2087912087912088,600,6,10,12,411.1
efficientnet_b0,43,agresivo,original,metu,metu,True,267,280,20,33,0.9303135888501742,0.89,0.909710391822828,600,6,10,12,411.1
efficientnet_b0,44,agresivo,original,sdnet_D,sdnet_D,True,109,273,27,191,0.8014705882352942,0.3633333333333333,0.5,600,2,6,12,252.0
efficientnet_b0,44,agresivo,original,sdnet_D,sdnet_P,False,159,210,90,141,0.6385542168674698,0.53,0.5792349726775956,600,2,6,12,252.0
efficientnet_b0,44,agresivo,original,sdnet_D,sdnet_W,False,74,264,36,226,0.6727272727272727,0.2466666666666666,0.3609756097560975,600,2,6,12,252.0
efficientnet_b0,44,agresivo,original,sdnet_D,metu,False,110,278,22,190,0.8333333333333334,0.3666666666666666,0.5092592592592593,600,2,6,12,252.0
efficientnet_b0,44,agresivo,original,sdnet_P,sdnet_D,False,132,269,31,168,0.8098159509202454,0.44,0.5701943844492441,600,4,8,12,416.7
efficientnet_b0,44,agresivo,original,sdnet_P,sdnet_P,True,226,269,31,74,0.8793774319066148,0.7533333333333333,0.8114901256732495,600,4,8,12,416.7
efficientnet_b0,44,agresivo,original,sdnet_P,sdnet_W,False,118,281,19,182,0.8613138686131386,0.3933333333333333,0.540045766590389,600,4,8,12,416.7
efficientnet_b0,44,agresivo,original,sdnet_P,metu,False,280,269,31,20,0.9003215434083601,0.9333333333333332,0.9165302782324058,600,4,8,12,416.7
efficientnet_b0,44,agresivo,original,sdnet_W,sdnet_D,False,184,235,65,116,0.7389558232931727,0.6133333333333333,0.6703096539162113,600,9,12,12,510.5
efficientnet_b0,44,agresivo,original,sdnet_W,sdnet_P,False,248,169,131,52,0.6543535620052771,0.8266666666666667,0.7304860088365243,600,9,12,12,510.5
efficientnet_b0,44,agresivo,original,sdnet_W,sdnet_W,True,137,250,50,163,0.732620320855615,0.4566666666666666,0.5626283367556468,600,9,12,12,510.5
efficientnet_b0,44,agresivo,original,sdnet_W,metu,False,247,243,57,53,0.8125,0.8233333333333334,0.8178807947019867,600,9,12,12,510.5
efficientnet_b0,44,agresivo,original,metu,sdnet_D,False,37,292,8,263,0.8222222222222222,0.1233333333333333,0.2144927536231884,600,4,8,12,338.5
efficientnet_b0,44,agresivo,original,metu,sdnet_P,False,163,247,53,137,0.7546296296296297,0.5433333333333333,0.6317829457364341,600,4,8,12,338.5
efficientnet_b0,44,agresivo,original,metu,sdnet_W,False,35,290,10,265,0.7777777777777778,0.1166666666666666,0.2028985507246377,600,4,8,12,338.5
efficientnet_b0,44,agresivo,original,metu,metu,True,293,290,10,7,0.966996699669967,0.9766666666666668,0.9718076285240465,600,4,8,12,338.5
mobilenetv3_small_100,42,agresivo,original,sdnet_D,sdnet_D,True,219,252,48,81,0.8202247191011236,0.73,0.7724867724867724,600,6,10,12,393.4
mobilenetv3_small_100,42,agresivo,original,sdnet_D,sdnet_P,False,84,272,28,216,0.75,0.28,0.4077669902912621,600,6,10,12,393.4
mobilenetv3_small_100,42,agresivo,original,sdnet_D,sdnet_W,False,136,278,22,164,0.8607594936708861,0.4533333333333333,0.5938864628820961,600,6,10,12,393.4
mobilenetv3_small_100,42,agresivo,original,sdnet_D,metu,False,97,291,9,203,0.9150943396226416,0.3233333333333333,0.4778325123152709,600,6,10,12,393.4
mobilenetv3_small_100,42,agresivo,original,sdnet_P,sdnet_D,False,240,180,120,60,0.6666666666666666,0.8,0.7272727272727273,600,6,10,12,389.5
mobilenetv3_small_100,42,agresivo,original,sdnet_P,sdnet_P,True,261,258,42,39,0.8613861386138614,0.87,0.8656716417910447,600,6,10,12,389.5
mobilenetv3_small_100,42,agresivo,original,sdnet_P,sdnet_W,False,188,243,57,112,0.7673469387755102,0.6266666666666667,0.689908256880734,600,6,10,12,389.5
mobilenetv3_small_100,42,agresivo,original,sdnet_P,metu,False,292,270,30,8,0.906832298136646,0.9733333333333334,0.9389067524115756,600,6,10,12,389.5
mobilenetv3_small_100,42,agresivo,original,sdnet_W,sdnet_D,False,254,170,130,46,0.6614583333333334,0.8466666666666667,0.7426900584795322,600,11,12,12,467.7
mobilenetv3_small_100,42,agresivo,original,sdnet_W,sdnet_P,False,188,208,92,112,0.6714285714285714,0.6266666666666667,0.6482758620689655,600,11,12,12,467.7
mobilenetv3_small_100,42,agresivo,original,sdnet_W,sdnet_W,True,238,254,46,62,0.8380281690140845,0.7933333333333333,0.815068493150685,600,11,12,12,467.7
mobilenetv3_small_100,42,agresivo,original,sdnet_W,metu,False,100,287,13,200,0.8849557522123894,0.3333333333333333,0.4842615012106537,600,11,12,12,467.7
mobilenetv3_small_100,42,agresivo,original,metu,sdnet_D,False,73,289,11,227,0.8690476190476191,0.2433333333333333,0.3802083333333333,600,6,10,12,403.0
mobilenetv3_small_100,42,agresivo,original,metu,sdnet_P,False,159,265,35,141,0.8195876288659794,0.53,0.6437246963562753,600,6,10,12,403.0
mobilenetv3_small_100,42,agresivo,original,metu,sdnet_W,False,59,295,5,241,0.921875,0.1966666666666666,0.3241758241758242,600,6,10,12,403.0
mobilenetv3_small_100,42,agresivo,original,metu,metu,True,300,300,0,0,1.0,1.0,1.0,600,6,10,12,403.0
mobilenetv3_small_100,43,agresivo,original,sdnet_D,sdnet_D,True,200,264,36,100,0.847457627118644,0.6666666666666666,0.746268656716418,600,5,9,12,359.8
mobilenetv3_small_100,43,agresivo,original,sdnet_D,sdnet_P,False,65,284,16,235,0.8024691358024691,0.2166666666666666,0.3412073490813648,600,5,9,12,359.8
mobilenetv3_small_100,43,agresivo,original,sdnet_D,sdnet_W,False,157,288,12,143,0.9289940828402368,0.5233333333333333,0.6695095948827292,600,5,9,12,359.8
mobilenetv3_small_100,43,agresivo,original,sdnet_D,metu,False,85,291,9,215,0.9042553191489362,0.2833333333333333,0.4314720812182741,600,5,9,12,359.8
mobilenetv3_small_100,43,agresivo,original,sdnet_P,sdnet_D,False,210,237,63,90,0.7692307692307693,0.7,0.7329842931937173,600,10,12,12,480.7
mobilenetv3_small_100,43,agresivo,original,sdnet_P,sdnet_P,True,257,247,53,43,0.8290322580645161,0.8566666666666667,0.8426229508196721,600,10,12,12,480.7
mobilenetv3_small_100,43,agresivo,original,sdnet_P,sdnet_W,False,176,232,68,124,0.7213114754098361,0.5866666666666667,0.6470588235294118,600,10,12,12,480.7
mobilenetv3_small_100,43,agresivo,original,sdnet_P,metu,False,272,276,24,28,0.918918918918919,0.9066666666666666,0.912751677852349,600,10,12,12,480.7
mobilenetv3_small_100,43,agresivo,original,sdnet_W,sdnet_D,False,236,206,94,64,0.7151515151515152,0.7866666666666666,0.7492063492063492,600,6,10,12,397.4
mobilenetv3_small_100,43,agresivo,original,sdnet_W,sdnet_P,False,156,270,30,144,0.8387096774193549,0.52,0.6419753086419753,600,6,10,12,397.4
mobilenetv3_small_100,43,agresivo,original,sdnet_W,sdnet_W,True,236,235,65,64,0.7840531561461794,0.7866666666666666,0.7853577371048253,600,6,10,12,397.4
mobilenetv3_small_100,43,agresivo,original,sdnet_W,metu,False,172,281,19,128,0.900523560209424,0.5733333333333334,0.7006109979633401,600,6,10,12,397.4
mobilenetv3_small_100,43,agresivo,original,metu,sdnet_D,False,99,280,20,201,0.8319327731092437,0.33,0.4725536992840095,600,2,6,12,257.9
mobilenetv3_small_100,43,agresivo,original,metu,sdnet_P,False,193,230,70,107,0.7338403041825095,0.6433333333333333,0.6856127886323268,600,2,6,12,257.9
mobilenetv3_small_100,43,agresivo,original,metu,sdnet_W,False,80,297,3,220,0.963855421686747,0.2666666666666666,0.4177545691906005,600,2,6,12,257.9
mobilenetv3_small_100,43,agresivo,original,metu,metu,True,299,299,1,1,0.9966666666666668,0.9966666666666668,0.9966666666666668,600,2,6,12,257.9
mobilenetv3_small_100,44,agresivo,original,sdnet_D,sdnet_D,True,247,183,117,53,0.6785714285714286,0.8233333333333334,0.7439759036144579,600,1,5,12,207.3
mobilenetv3_small_100,44,agresivo,original,sdnet_D,sdnet_P,False,33,291,9,267,0.7857142857142857,0.11,0.1929824561403508,600,1,5,12,207.3
mobilenetv3_small_100,44,agresivo,original,sdnet_D,sdnet_W,False,193,210,90,107,0.6819787985865724,0.6433333333333333,0.6620926243567753,600,1,5,12,207.3
mobilenetv3_small_100,44,agresivo,original,sdnet_D,metu,False,96,277,23,204,0.8067226890756303,0.32,0.4582338902147971,600,1,5,12,207.3
mobilenetv3_small_100,44,agresivo,original,sdnet_P,sdnet_D,False,159,279,21,141,0.8833333333333333,0.53,0.6625,600,8,12,12,484.5
mobilenetv3_small_100,44,agresivo,original,sdnet_P,sdnet_P,True,251,260,40,49,0.8625429553264605,0.8366666666666667,0.8494077834179357,600,8,12,12,484.5
mobilenetv3_small_100,44,agresivo,original,sdnet_P,sdnet_W,False,159,255,45,141,0.7794117647058824,0.53,0.6309523809523809,600,8,12,12,484.5
mobilenetv3_small_100,44,agresivo,original,sdnet_P,metu,False,295,271,29,5,0.910493827160494,0.9833333333333332,0.9455128205128204,600,8,12,12,484.5
mobilenetv3_small_100,44,agresivo,original,sdnet_W,sdnet_D,False,225,227,73,75,0.7550335570469798,0.75,0.7525083612040134,600,11,12,12,476.5
mobilenetv3_small_100,44,agresivo,original,sdnet_W,sdnet_P,False,203,257,43,97,0.8252032520325203,0.6766666666666666,0.7435897435897436,600,11,12,12,476.5
mobilenetv3_small_100,44,agresivo,original,sdnet_W,sdnet_W,True,216,266,34,84,0.864,0.72,0.7854545454545454,600,11,12,12,476.5
mobilenetv3_small_100,44,agresivo,original,sdnet_W,metu,False,201,270,30,99,0.8701298701298701,0.67,0.7570621468926554,600,11,12,12,476.5
mobilenetv3_small_100,44,agresivo,original,metu,sdnet_D,False,82,285,15,218,0.845360824742268,0.2733333333333333,0.4130982367758186,600,1,5,12,208.5
mobilenetv3_small_100,44,agresivo,original,metu,sdnet_P,False,179,251,49,121,0.7850877192982456,0.5966666666666667,0.678030303030303,600,1,5,12,208.5
mobilenetv3_small_100,44,agresivo,original,metu,sdnet_W,False,33,294,6,267,0.8461538461538461,0.11,0.1946902654867256,600,1,5,12,208.5
mobilenetv3_small_100,44,agresivo,original,metu,metu,True,300,298,2,0,0.9933774834437086,1.0,0.9966777408637874,600,1,5,12,208.5
vit_tiny_patch16_224,42,agresivo,original,sdnet_D,sdnet_D,True,231,234,66,69,0.7777777777777778,0.77,0.7738693467336684,600,0,4,12,154.1
vit_tiny_patch16_224,42,agresivo,original,sdnet_D,sdnet_P,False,259,195,105,41,0.7115384615384616,0.8633333333333333,0.7801204819277109,600,0,4,12,154.1
vit_tiny_patch16_224,42,agresivo,original,sdnet_D,sdnet_W,False,207,230,70,93,0.7472924187725631,0.69,0.7175043327556326,600,0,4,12,154.1
vit_tiny_patch16_224,42,agresivo,original,sdnet_D,metu,False,293,254,46,7,0.8643067846607669,0.9766666666666668,0.917057902973396,600,0,4,12,154.1
vit_tiny_patch16_224,42,agresivo,original,sdnet_P,sdnet_D,False,248,239,61,52,0.8025889967637541,0.8266666666666667,0.8144499178981938,600,10,12,12,456.6
vit_tiny_patch16_224,42,agresivo,original,sdnet_P,sdnet_P,True,271,258,42,29,0.865814696485623,0.9033333333333332,0.8841761827079935,600,10,12,12,456.6
vit_tiny_patch16_224,42,agresivo,original,sdnet_P,sdnet_W,False,218,255,45,82,0.8288973384030418,0.7266666666666667,0.7744227353463587,600,10,12,12,456.6
vit_tiny_patch16_224,42,agresivo,original,sdnet_P,metu,False,290,261,39,10,0.8814589665653495,0.9666666666666668,0.9220985691573926,600,10,12,12,456.6
vit_tiny_patch16_224,42,agresivo,original,sdnet_W,sdnet_D,False,242,213,87,58,0.7355623100303952,0.8066666666666666,0.7694753577106518,600,11,12,12,461.4
vit_tiny_patch16_224,42,agresivo,original,sdnet_W,sdnet_P,False,180,252,48,120,0.7894736842105263,0.6,0.6818181818181818,600,11,12,12,461.4
vit_tiny_patch16_224,42,agresivo,original,sdnet_W,sdnet_W,True,243,265,35,57,0.8741007194244604,0.81,0.8408304498269896,600,11,12,12,461.4
vit_tiny_patch16_224,42,agresivo,original,sdnet_W,metu,False,82,292,8,218,0.9111111111111112,0.2733333333333333,0.4205128205128205,600,11,12,12,461.4
vit_tiny_patch16_224,42,agresivo,original,metu,sdnet_D,False,75,284,16,225,0.8241758241758241,0.25,0.3836317135549872,600,1,5,12,193.7
vit_tiny_patch16_224,42,agresivo,original,metu,sdnet_P,False,184,255,45,116,0.8034934497816594,0.6133333333333333,0.6956521739130435,600,1,5,12,193.7
vit_tiny_patch16_224,42,agresivo,original,metu,sdnet_W,False,65,294,6,235,0.9154929577464788,0.2166666666666666,0.3504043126684636,600,1,5,12,193.7
vit_tiny_patch16_224,42,agresivo,original,metu,metu,True,300,300,0,0,1.0,1.0,1.0,600,1,5,12,193.7
vit_tiny_patch16_224,43,agresivo,original,sdnet_D,sdnet_D,True,233,260,40,67,0.8534798534798534,0.7766666666666666,0.8132635253054101,600,11,12,12,464.7
vit_tiny_patch16_224,43,agresivo,original,sdnet_D,sdnet_P,False,143,273,27,157,0.8411764705882353,0.4766666666666667,0.6085106382978723,600,11,12,12,464.7
vit_tiny_patch16_224,43,agresivo,original,sdnet_D,sdnet_W,False,189,269,31,111,0.8590909090909091,0.63,0.7269230769230769,600,11,12,12,464.7
vit_tiny_patch16_224,43,agresivo,original,sdnet_D,metu,False,171,242,58,129,0.7467248908296943,0.57,0.6465028355387523,600,11,12,12,464.7
vit_tiny_patch16_224,43,agresivo,original,sdnet_P,sdnet_D,False,249,227,73,51,0.7732919254658385,0.83,0.8006430868167203,600,10,12,12,475.9
vit_tiny_patch16_224,43,agresivo,original,sdnet_P,sdnet_P,True,267,271,29,33,0.902027027027027,0.89,0.8959731543624161,600,10,12,12,475.9
vit_tiny_patch16_224,43,agresivo,original,sdnet_P,sdnet_W,False,223,265,35,77,0.8643410852713178,0.7433333333333333,0.7992831541218638,600,10,12,12,475.9
vit_tiny_patch16_224,43,agresivo,original,sdnet_P,metu,False,289,276,24,11,0.9233226837060704,0.9633333333333334,0.9429037520391516,600,10,12,12,475.9
vit_tiny_patch16_224,43,agresivo,original,sdnet_W,sdnet_D,False,243,217,83,57,0.745398773006135,0.81,0.7763578274760383,600,10,12,12,529.8
vit_tiny_patch16_224,43,agresivo,original,sdnet_W,sdnet_P,False,166,268,32,134,0.8383838383838383,0.5533333333333333,0.6666666666666666,600,10,12,12,529.8
vit_tiny_patch16_224,43,agresivo,original,sdnet_W,sdnet_W,True,242,272,28,58,0.8962962962962963,0.8066666666666666,0.8491228070175438,600,10,12,12,529.8
vit_tiny_patch16_224,43,agresivo,original,sdnet_W,metu,False,104,292,8,196,0.9285714285714286,0.3466666666666667,0.5048543689320388,600,10,12,12,529.8
vit_tiny_patch16_224,43,agresivo,original,metu,sdnet_D,False,80,282,18,220,0.8163265306122449,0.2666666666666666,0.4020100502512563,600,4,8,12,324.0
vit_tiny_patch16_224,43,agresivo,original,metu,sdnet_P,False,204,242,58,96,0.7786259541984732,0.68,0.7259786476868327,600,4,8,12,324.0
vit_tiny_patch16_224,43,agresivo,original,metu,sdnet_W,False,68,292,8,232,0.8947368421052632,0.2266666666666666,0.3617021276595745,600,4,8,12,324.0
vit_tiny_patch16_224,43,agresivo,original,metu,metu,True,300,300,0,0,1.0,1.0,1.0,600,4,8,12,324.0
vit_tiny_patch16_224,44,agresivo,original,sdnet_D,sdnet_D,True,205,274,26,95,0.8874458874458875,0.6833333333333333,0.7721280602636534,600,4,8,12,286.4
vit_tiny_patch16_224,44,agresivo,original,sdnet_D,sdnet_P,False,198,220,80,102,0.7122302158273381,0.66,0.6851211072664359,600,4,8,12,286.4
vit_tiny_patch16_224,44,agresivo,original,sdnet_D,sdnet_W,False,159,271,29,141,0.8457446808510638,0.53,0.6516393442622951,600,4,8,12,286.4
vit_tiny_patch16_224,44,agresivo,original,sdnet_D,metu,False,69,276,24,231,0.7419354838709677,0.23,0.3511450381679389,600,4,8,12,286.4
vit_tiny_patch16_224,44,agresivo,original,sdnet_P,sdnet_D,False,243,235,65,57,0.788961038961039,0.81,0.7993421052631579,600,11,12,12,427.1
vit_tiny_patch16_224,44,agresivo,original,sdnet_P,sdnet_P,True,263,267,33,37,0.8885135135135135,0.8766666666666667,0.8825503355704698,600,11,12,12,427.1
vit_tiny_patch16_224,44,agresivo,original,sdnet_P,sdnet_W,False,207,247,53,93,0.7961538461538461,0.69,0.7392857142857143,600,11,12,12,427.1
vit_tiny_patch16_224,44,agresivo,original,sdnet_P,metu,False,292,275,25,8,0.9211356466876972,0.9733333333333334,0.946515397082658,600,11,12,12,427.1
vit_tiny_patch16_224,44,agresivo,original,sdnet_W,sdnet_D,False,246,213,87,54,0.7387387387387387,0.82,0.7772511848341233,600,10,12,12,424.4
vit_tiny_patch16_224,44,agresivo,original,sdnet_W,sdnet_P,False,176,264,36,124,0.8301886792452831,0.5866666666666667,0.6875,600,10,12,12,424.4
vit_tiny_patch16_224,44,agresivo,original,sdnet_W,sdnet_W,True,236,272,28,64,0.8939393939393939,0.7866666666666666,0.8368794326241135,600,10,12,12,424.4
vit_tiny_patch16_224,44,agresivo,original,sdnet_W,metu,False,76,292,8,224,0.9047619047619048,0.2533333333333333,0.3958333333333333,600,10,12,12,424.4
vit_tiny_patch16_224,44,agresivo,original,metu,sdnet_D,False,111,281,19,189,0.8538461538461538,0.37,0.5162790697674419,600,2,6,12,217.6
vit_tiny_patch16_224,44,agresivo,original,metu,sdnet_P,False,196,257,43,104,0.8200836820083682,0.6533333333333333,0.7272727272727273,600,2,6,12,217.6
vit_tiny_patch16_224,44,agresivo,original,metu,sdnet_W,False,82,291,9,218,0.9010989010989012,0.2733333333333333,0.4194373401534527,600,2,6,12,217.6
vit_tiny_patch16_224,44,agresivo,original,metu,metu,True,300,300,0,0,1.0,1.0,1.0,600,2,6,12,217.6
resnet18,42,ecualizado,original,sdnet_D,sdnet_D,True,218,244,56,82,0.7956204379562044,0.7266666666666667,0.759581881533101,600,6,10,12,178.1
resnet18,42,ecualizado,original,sdnet_D,sdnet_P,False,231,228,72,69,0.7623762376237624,0.77,0.7661691542288557,600,6,10,12,178.1
resnet18,42,ecualizado,original,sdnet_D,sdnet_W,False,192,246,54,108,0.7804878048780488,0.64,0.7032967032967034,600,6,10,12,178.1
resnet18,42,ecualizado,original,sdnet_D,metu,False,220,218,82,80,0.7284768211920529,0.7333333333333333,0.7308970099667774,600,6,10,12,178.1
resnet18,42,ecualizado,original,sdnet_P,sdnet_D,False,170,279,21,130,0.8900523560209425,0.5666666666666667,0.6924643584521385,600,8,12,12,208.3
resnet18,42,ecualizado,original,sdnet_P,sdnet_P,True,245,273,27,55,0.9007352941176472,0.8166666666666667,0.8566433566433567,600,8,12,12,208.3
resnet18,42,ecualizado,original,sdnet_P,sdnet_W,False,154,262,38,146,0.8020833333333334,0.5133333333333333,0.6260162601626016,600,8,12,12,208.3
resnet18,42,ecualizado,original,sdnet_P,metu,False,256,282,18,44,0.9343065693430656,0.8533333333333334,0.89198606271777,600,8,12,12,208.3
resnet18,42,ecualizado,original,sdnet_W,sdnet_D,False,234,198,102,66,0.6964285714285714,0.78,0.7358490566037735,600,4,8,12,145.7
resnet18,42,ecualizado,original,sdnet_W,sdnet_P,False,230,233,67,70,0.7744107744107744,0.7666666666666667,0.7705192629815746,600,4,8,12,145.7
resnet18,42,ecualizado,original,sdnet_W,sdnet_W,True,233,263,37,67,0.8629629629629629,0.7766666666666666,0.8175438596491228,600,4,8,12,145.7
resnet18,42,ecualizado,original,sdnet_W,metu,False,215,257,43,85,0.8333333333333334,0.7166666666666667,0.7706093189964157,600,4,8,12,145.7
resnet18,42,ecualizado,original,metu,sdnet_D,False,73,283,17,227,0.8111111111111111,0.2433333333333333,0.3743589743589743,600,1,5,12,89.7
resnet18,42,ecualizado,original,metu,sdnet_P,False,158,267,33,142,0.8272251308900523,0.5266666666666666,0.6435845213849287,600,1,5,12,89.7
resnet18,42,ecualizado,original,metu,sdnet_W,False,67,291,9,233,0.881578947368421,0.2233333333333333,0.3563829787234042,600,1,5,12,89.7
resnet18,42,ecualizado,original,metu,metu,True,300,300,0,0,1.0,1.0,1.0,600,1,5,12,89.7
resnet18,43,ecualizado,original,sdnet_D,sdnet_D,True,238,221,79,62,0.750788643533123,0.7933333333333333,0.7714748784440842,600,4,8,12,139.7
resnet18,43,ecualizado,original,sdnet_D,sdnet_P,False,252,213,87,48,0.7433628318584071,0.84,0.7887323943661971,600,4,8,12,139.7
resnet18,43,ecualizado,original,sdnet_D,sdnet_W,False,183,248,52,117,0.7787234042553192,0.61,0.6841121495327103,600,4,8,12,139.7
resnet18,43,ecualizado,original,sdnet_D,metu,False,262,171,129,38,0.670076726342711,0.8733333333333333,0.7583212735166426,600,4,8,12,139.7
resnet18,43,ecualizado,original,sdnet_P,sdnet_D,False,194,264,36,106,0.8434782608695652,0.6466666666666666,0.7320754716981132,600,4,8,12,139.7
resnet18,43,ecualizado,original,sdnet_P,sdnet_P,True,254,262,38,46,0.8698630136986302,0.8466666666666667,0.8581081081081081,600,4,8,12,139.7
resnet18,43,ecualizado,original,sdnet_P,sdnet_W,False,159,260,40,141,0.7989949748743719,0.53,0.6372745490981964,600,4,8,12,139.7
resnet18,43,ecualizado,original,sdnet_P,metu,False,264,280,20,36,0.9295774647887324,0.88,0.9041095890410958,600,4,8,12,139.7
resnet18,43,ecualizado,original,sdnet_W,sdnet_D,False,245,154,146,55,0.6265984654731458,0.8166666666666667,0.7091172214182344,600,2,6,12,105.8
resnet18,43,ecualizado,original,sdnet_W,sdnet_P,False,209,242,58,91,0.7827715355805244,0.6966666666666667,0.7372134038800705,600,2,6,12,105.8
resnet18,43,ecualizado,original,sdnet_W,sdnet_W,True,239,249,51,61,0.8241379310344827,0.7966666666666666,0.8101694915254237,600,2,6,12,105.8
resnet18,43,ecualizado,original,sdnet_W,metu,False,206,257,43,94,0.8273092369477911,0.6866666666666666,0.7504553734061931,600,2,6,12,105.8
resnet18,43,ecualizado,original,metu,sdnet_D,False,57,284,16,243,0.7808219178082192,0.19,0.3056300268096514,600,4,8,12,139.7
resnet18,43,ecualizado,original,metu,sdnet_P,False,137,275,25,163,0.845679012345679,0.4566666666666666,0.5930735930735931,600,4,8,12,139.7
resnet18,43,ecualizado,original,metu,sdnet_W,False,61,293,7,239,0.8970588235294118,0.2033333333333333,0.3315217391304347,600,4,8,12,139.7
resnet18,43,ecualizado,original,metu,metu,True,300,300,0,0,1.0,1.0,1.0,600,4,8,12,139.7
resnet18,44,ecualizado,original,sdnet_D,sdnet_D,True,255,163,137,45,0.6505102040816326,0.85,0.7369942196531792,600,1,5,12,89.9
resnet18,44,ecualizado,original,sdnet_D,sdnet_P,False,269,145,155,31,0.6344339622641509,0.8966666666666666,0.7430939226519337,600,1,5,12,89.9
resnet18,44,ecualizado,original,sdnet_D,sdnet_W,False,238,160,140,62,0.6296296296296297,0.7933333333333333,0.7020648967551623,600,1,5,12,89.9
resnet18,44,ecualizado,original,sdnet_D,metu,False,231,140,160,69,0.5907928388746803,0.77,0.6685962373371924,600,1,5,12,89.9
resnet18,44,ecualizado,original,sdnet_P,sdnet_D,False,168,280,20,132,0.8936170212765957,0.56,0.6885245901639344,600,7,11,12,203.2
resnet18,44,ecualizado,original,sdnet_P,sdnet_P,True,253,266,34,47,0.8815331010452961,0.8433333333333334,0.8620102214650767,600,7,11,12,203.2
resnet18,44,ecualizado,original,sdnet_P,sdnet_W,False,160,266,34,140,0.8247422680412371,0.5333333333333333,0.6477732793522267,600,7,11,12,203.2
resnet18,44,ecualizado,original,sdnet_P,metu,False,224,290,10,76,0.9572649572649572,0.7466666666666667,0.8389513108614233,600,7,11,12,203.2
resnet18,44,ecualizado,original,sdnet_W,sdnet_D,False,252,124,176,48,0.5887850467289719,0.84,0.6923076923076923,600,7,11,12,192.7
resnet18,44,ecualizado,original,sdnet_W,sdnet_P,False,266,129,171,34,0.6086956521739131,0.8866666666666667,0.7218453188602443,600,7,11,12,192.7
resnet18,44,ecualizado,original,sdnet_W,sdnet_W,True,246,251,49,54,0.8338983050847457,0.82,0.826890756302521,600,7,11,12,192.7
resnet18,44,ecualizado,original,sdnet_W,metu,False,249,245,55,51,0.819078947368421,0.83,0.8245033112582781,600,7,11,12,192.7
resnet18,44,ecualizado,original,metu,sdnet_D,False,61,286,14,239,0.8133333333333334,0.2033333333333333,0.3253333333333333,600,1,5,12,89.0
resnet18,44,ecualizado,original,metu,sdnet_P,False,137,272,28,163,0.8303030303030303,0.4566666666666666,0.589247311827957,600,1,5,12,89.0
resnet18,44,ecualizado,original,metu,sdnet_W,False,60,290,10,240,0.8571428571428571,0.2,0.3243243243243243,600,1,5,12,89.0
resnet18,44,ecualizado,original,metu,metu,True,298,300,0,2,1.0,0.9933333333333332,0.9966555183946488,600,1,5,12,89.0
efficientnet_b0,42,ecualizado,original,sdnet_D,sdnet_D,True,212,235,65,88,0.7653429602888087,0.7066666666666667,0.7348353552859619,600,7,11,12,287.2
efficientnet_b0,42,ecualizado,original,sdnet_D,sdnet_P,False,199,197,103,101,0.6589403973509934,0.6633333333333333,0.6611295681063123,600,7,11,12,287.2
efficientnet_b0,42,ecualizado,original,sdnet_D,sdnet_W,False,169,244,56,131,0.7511111111111111,0.5633333333333334,0.6438095238095238,600,7,11,12,287.2
efficientnet_b0,42,ecualizado,original,sdnet_D,metu,False,83,254,46,217,0.6434108527131783,0.2766666666666666,0.3869463869463869,600,7,11,12,287.2
efficientnet_b0,42,ecualizado,original,sdnet_P,sdnet_D,False,210,214,86,90,0.7094594594594594,0.7,0.7046979865771812,600,3,7,12,174.3
efficientnet_b0,42,ecualizado,original,sdnet_P,sdnet_P,True,234,253,47,66,0.8327402135231317,0.78,0.8055077452667814,600,3,7,12,174.3
efficientnet_b0,42,ecualizado,original,sdnet_P,sdnet_W,False,174,250,50,126,0.7767857142857143,0.58,0.6641221374045801,600,3,7,12,174.3
efficientnet_b0,42,ecualizado,original,sdnet_P,metu,False,174,259,41,126,0.8093023255813954,0.58,0.6757281553398058,600,3,7,12,174.3
efficientnet_b0,42,ecualizado,original,sdnet_W,sdnet_D,False,240,143,157,60,0.6045340050377834,0.8,0.6886657101865137,600,9,12,12,306.3
efficientnet_b0,42,ecualizado,original,sdnet_W,sdnet_P,False,232,160,140,68,0.6236559139784946,0.7733333333333333,0.6904761904761905,600,9,12,12,306.3
efficientnet_b0,42,ecualizado,original,sdnet_W,sdnet_W,True,223,260,40,77,0.8479087452471483,0.7433333333333333,0.7921847246891652,600,9,12,12,306.3
efficientnet_b0,42,ecualizado,original,sdnet_W,metu,False,164,206,94,136,0.6356589147286822,0.5466666666666666,0.5878136200716846,600,9,12,12,306.3
efficientnet_b0,42,ecualizado,original,metu,sdnet_D,False,79,286,14,221,0.8494623655913979,0.2633333333333333,0.4020356234096692,600,4,8,12,203.7
efficientnet_b0,42,ecualizado,original,metu,sdnet_P,False,135,276,24,165,0.8490566037735849,0.45,0.5882352941176471,600,4,8,12,203.7
efficientnet_b0,42,ecualizado,original,metu,sdnet_W,False,91,291,9,209,0.91,0.3033333333333333,0.455,600,4,8,12,203.7
efficientnet_b0,42,ecualizado,original,metu,metu,True,298,298,2,2,0.9933333333333332,0.9933333333333332,0.9933333333333332,600,4,8,12,203.7
efficientnet_b0,43,ecualizado,original,sdnet_D,sdnet_D,True,207,232,68,93,0.7527272727272727,0.69,0.72,600,4,8,12,203.9
efficientnet_b0,43,ecualizado,original,sdnet_D,sdnet_P,False,192,194,106,108,0.6442953020134228,0.64,0.6421404682274248,600,4,8,12,203.9
efficientnet_b0,43,ecualizado,original,sdnet_D,sdnet_W,False,171,232,68,129,0.7154811715481172,0.57,0.634508348794063,600,4,8,12,203.9
efficientnet_b0,43,ecualizado,original,sdnet_D,metu,False,85,270,30,215,0.7391304347826086,0.2833333333333333,0.4096385542168674,600,4,8,12,203.9
efficientnet_b0,43,ecualizado,original,sdnet_P,sdnet_D,False,151,268,32,149,0.825136612021858,0.5033333333333333,0.6252587991718427,600,5,9,12,239.1
efficientnet_b0,43,ecualizado,original,sdnet_P,sdnet_P,True,240,247,53,60,0.8191126279863481,0.8,0.8094435075885329,600,5,9,12,239.1
efficientnet_b0,43,ecualizado,original,sdnet_P,sdnet_W,False,146,264,36,154,0.8021978021978022,0.4866666666666667,0.6058091286307054,600,5,9,12,239.1
efficientnet_b0,43,ecualizado,original,sdnet_P,metu,False,199,282,18,101,0.9170506912442395,0.6633333333333333,0.769825918762089,600,5,9,12,239.1
efficientnet_b0,43,ecualizado,original,sdnet_W,sdnet_D,False,226,156,144,74,0.6108108108108108,0.7533333333333333,0.6746268656716418,600,6,10,12,260.5
efficientnet_b0,43,ecualizado,original,sdnet_W,sdnet_P,False,244,132,168,56,0.5922330097087378,0.8133333333333334,0.6853932584269663,600,6,10,12,260.5
efficientnet_b0,43,ecualizado,original,sdnet_W,sdnet_W,True,228,253,47,72,0.8290909090909091,0.76,0.7930434782608695,600,6,10,12,260.5
efficientnet_b0,43,ecualizado,original,sdnet_W,metu,False,131,210,90,169,0.5927601809954751,0.4366666666666666,0.5028790786948176,600,6,10,12,260.5
efficientnet_b0,43,ecualizado,original,metu,sdnet_D,False,78,283,17,222,0.8210526315789474,0.26,0.3949367088607595,600,2,6,12,162.4
efficientnet_b0,43,ecualizado,original,metu,sdnet_P,False,111,274,26,189,0.8102189781021898,0.37,0.5080091533180778,600,2,6,12,162.4
efficientnet_b0,43,ecualizado,original,metu,sdnet_W,False,83,286,14,217,0.8556701030927835,0.2766666666666666,0.4181360201511335,600,2,6,12,162.4
efficientnet_b0,43,ecualizado,original,metu,metu,True,299,299,1,1,0.9966666666666668,0.9966666666666668,0.9966666666666668,600,2,6,12,162.4
efficientnet_b0,44,ecualizado,original,sdnet_D,sdnet_D,True,209,234,66,91,0.76,0.6966666666666667,0.7269565217391304,600,3,7,12,189.7
efficientnet_b0,44,ecualizado,original,sdnet_D,sdnet_P,False,209,193,107,91,0.6613924050632911,0.6966666666666667,0.6785714285714286,600,3,7,12,189.7
efficientnet_b0,44,ecualizado,original,sdnet_D,sdnet_W,False,178,231,69,122,0.7206477732793523,0.5933333333333334,0.6508226691042047,600,3,7,12,189.7
efficientnet_b0,44,ecualizado,original,sdnet_D,metu,False,186,235,65,114,0.7410358565737052,0.62,0.6751361161524501,600,3,7,12,189.7
efficientnet_b0,44,ecualizado,original,sdnet_P,sdnet_D,False,197,229,71,103,0.7350746268656716,0.6566666666666666,0.6936619718309859,600,8,12,12,350.2
efficientnet_b0,44,ecualizado,original,sdnet_P,sdnet_P,True,236,245,55,64,0.8109965635738832,0.7866666666666666,0.7986463620981388,600,8,12,12,350.2
efficientnet_b0,44,ecualizado,original,sdnet_P,sdnet_W,False,183,220,80,117,0.6958174904942965,0.61,0.650088809946714,600,8,12,12,350.2
efficientnet_b0,44,ecualizado,original,sdnet_P,metu,False,190,257,43,110,0.8154506437768241,0.6333333333333333,0.7129455909943715,600,8,12,12,350.2
efficientnet_b0,44,ecualizado,original,sdnet_W,sdnet_D,False,226,164,136,74,0.6243093922651933,0.7533333333333333,0.6827794561933535,600,11,12,12,337.6
efficientnet_b0,44,ecualizado,original,sdnet_W,sdnet_P,False,203,188,112,97,0.6444444444444445,0.6766666666666666,0.6601626016260163,600,11,12,12,337.6
efficientnet_b0,44,ecualizado,original,sdnet_W,sdnet_W,True,221,259,41,79,0.8435114503816794,0.7366666666666667,0.7864768683274022,600,11,12,12,337.6
efficientnet_b0,44,ecualizado,original,sdnet_W,metu,False,137,207,93,163,0.5956521739130435,0.4566666666666666,0.5169811320754717,600,11,12,12,337.6
efficientnet_b0,44,ecualizado,original,metu,sdnet_D,False,43,286,14,257,0.7543859649122807,0.1433333333333333,0.2408963585434173,600,2,6,12,164.9
efficientnet_b0,44,ecualizado,original,metu,sdnet_P,False,116,279,21,184,0.8467153284671532,0.3866666666666666,0.5308924485125858,600,2,6,12,164.9
efficientnet_b0,44,ecualizado,original,metu,sdnet_W,False,62,285,15,238,0.8051948051948052,0.2066666666666666,0.3289124668435013,600,2,6,12,164.9
efficientnet_b0,44,ecualizado,original,metu,metu,True,299,299,1,1,0.9966666666666668,0.9966666666666668,0.9966666666666668,600,2,6,12,164.9
mobilenetv3_small_100,42,ecualizado,original,sdnet_D,sdnet_D,True,218,216,84,82,0.7218543046357616,0.7266666666666667,0.7242524916943521,600,3,7,12,168.9
mobilenetv3_small_100,42,ecualizado,original,sdnet_D,sdnet_P,False,251,159,141,49,0.6403061224489796,0.8366666666666667,0.7254335260115607,600,3,7,12,168.9
mobilenetv3_small_100,42,ecualizado,original,sdnet_D,sdnet_W,False,180,210,90,120,0.6666666666666666,0.6,0.631578947368421,600,3,7,12,168.9
mobilenetv3_small_100,42,ecualizado,original,sdnet_D,metu,False,223,244,56,77,0.7992831541218638,0.7433333333333333,0.770293609671848,600,3,7,12,168.9
mobilenetv3_small_100,42,ecualizado,original,sdnet_P,sdnet_D,False,174,271,29,126,0.8571428571428571,0.58,0.6918489065606361,600,7,11,12,273.0
mobilenetv3_small_100,42,ecualizado,original,sdnet_P,sdnet_P,True,257,244,56,43,0.8210862619808307,0.8566666666666667,0.8384991843393148,600,7,11,12,273.0
mobilenetv3_small_100,42,ecualizado,original,sdnet_P,sdnet_W,False,165,261,39,135,0.8088235294117647,0.55,0.6547619047619048,600,7,11,12,273.0
mobilenetv3_small_100,42,ecualizado,original,sdnet_P,metu,False,264,264,36,36,0.88,0.88,0.88,600,7,11,12,273.0
mobilenetv3_small_100,42,ecualizado,original,sdnet_W,sdnet_D,False,237,139,161,63,0.5954773869346733,0.79,0.6790830945558739,600,7,11,12,274.0
mobilenetv3_small_100,42,ecualizado,original,sdnet_W,sdnet_P,False,250,126,174,50,0.589622641509434,0.8333333333333334,0.6906077348066298,600,7,11,12,274.0
mobilenetv3_small_100,42,ecualizado,original,sdnet_W,sdnet_W,True,252,220,80,48,0.7590361445783133,0.84,0.7974683544303798,600,7,11,12,274.0
mobilenetv3_small_100,42,ecualizado,original,sdnet_W,metu,False,214,208,92,86,0.6993464052287581,0.7133333333333334,0.7062706270627063,600,7,11,12,274.0
mobilenetv3_small_100,42,ecualizado,original,metu,sdnet_D,False,74,284,16,226,0.8222222222222222,0.2466666666666666,0.3794871794871794,600,2,6,12,155.9
mobilenetv3_small_100,42,ecualizado,original,metu,sdnet_P,False,118,284,16,182,0.8805970149253731,0.3933333333333333,0.543778801843318,600,2,6,12,155.9
mobilenetv3_small_100,42,ecualizado,original,metu,sdnet_W,False,64,290,10,236,0.8648648648648649,0.2133333333333333,0.3422459893048128,600,2,6,12,155.9
mobilenetv3_small_100,42,ecualizado,original,metu,metu,True,300,297,3,0,0.99009900990099,1.0,0.9950248756218906,600,2,6,12,155.9
mobilenetv3_small_100,43,ecualizado,original,sdnet_D,sdnet_D,True,234,246,54,66,0.8125,0.78,0.7959183673469388,600,8,12,12,296.0
mobilenetv3_small_100,43,ecualizado,original,sdnet_D,sdnet_P,False,196,207,93,104,0.6782006920415224,0.6533333333333333,0.66553480475382,600,8,12,12,296.0
mobilenetv3_small_100,43,ecualizado,original,sdnet_D,sdnet_W,False,192,197,103,108,0.6508474576271186,0.64,0.6453781512605042,600,8,12,12,296.0
mobilenetv3_small_100,43,ecualizado,original,sdnet_D,metu,False,217,229,71,83,0.7534722222222222,0.7233333333333334,0.7380952380952381,600,8,12,12,296.0
mobilenetv3_small_100,43,ecualizado,original,sdnet_P,sdnet_D,False,167,280,20,133,0.893048128342246,0.5566666666666666,0.6858316221765913,600,5,9,12,227.7
mobilenetv3_small_100,43,ecualizado,original,sdnet_P,sdnet_P,True,252,253,47,48,0.842809364548495,0.84,0.8414023372287145,600,5,9,12,227.7
mobilenetv3_small_100,43,ecualizado,original,sdnet_P,sdnet_W,False,143,239,61,157,0.7009803921568627,0.4766666666666667,0.5674603174603174,600,5,9,12,227.7
mobilenetv3_small_100,43,ecualizado,original,sdnet_P,metu,False,289,254,46,11,0.8626865671641791,0.9633333333333334,0.9102362204724408,600,5,9,12,227.7
mobilenetv3_small_100,43,ecualizado,original,sdnet_W,sdnet_D,False,232,180,120,68,0.6590909090909091,0.7733333333333333,0.7116564417177914,600,5,9,12,224.5
mobilenetv3_small_100,43,ecualizado,original,sdnet_W,sdnet_P,False,235,149,151,65,0.6088082901554405,0.7833333333333333,0.685131195335277,600,5,9,12,224.5
mobilenetv3_small_100,43,ecualizado,original,sdnet_W,sdnet_W,True,241,231,69,59,0.7774193548387097,0.8033333333333333,0.7901639344262295,600,5,9,12,224.5
mobilenetv3_small_100,43,ecualizado,original,sdnet_W,metu,False,201,238,62,99,0.7642585551330798,0.67,0.7140319715808171,600,5,9,12,224.5
mobilenetv3_small_100,43,ecualizado,original,metu,sdnet_D,False,40,290,10,260,0.8,0.1333333333333333,0.2285714285714285,600,3,7,12,175.4
mobilenetv3_small_100,43,ecualizado,original,metu,sdnet_P,False,99,281,19,201,0.8389830508474576,0.33,0.4736842105263157,600,3,7,12,175.4
mobilenetv3_small_100,43,ecualizado,original,metu,sdnet_W,False,73,285,15,227,0.8295454545454546,0.2433333333333333,0.3762886597938144,600,3,7,12,175.4
mobilenetv3_small_100,43,ecualizado,original,metu,metu,True,300,297,3,0,0.99009900990099,1.0,0.9950248756218906,600,3,7,12,175.4
mobilenetv3_small_100,44,ecualizado,original,sdnet_D,sdnet_D,True,207,233,67,93,0.7554744525547445,0.69,0.7212543554006968,600,4,8,12,203.0
mobilenetv3_small_100,44,ecualizado,original,sdnet_D,sdnet_P,False,263,148,152,37,0.6337349397590362,0.8766666666666667,0.7356643356643356,600,4,8,12,203.0
mobilenetv3_small_100,44,ecualizado,original,sdnet_D,sdnet_W,False,159,244,56,141,0.7395348837209302,0.53,0.6174757281553398,600,4,8,12,203.0
mobilenetv3_small_100,44,ecualizado,original,sdnet_D,metu,False,288,231,69,12,0.8067226890756303,0.96,0.8767123287671232,600,4,8,12,203.0
mobilenetv3_small_100,44,ecualizado,original,sdnet_P,sdnet_D,False,182,270,30,118,0.8584905660377359,0.6066666666666667,0.7109375,600,11,12,12,330.7
mobilenetv3_small_100,44,ecualizado,original,sdnet_P,sdnet_P,True,243,272,28,57,0.8966789667896679,0.81,0.851138353765324,600,11,12,12,330.7
mobilenetv3_small_100,44,ecualizado,original,sdnet_P,sdnet_W,False,148,259,41,152,0.783068783068783,0.4933333333333333,0.6053169734151329,600,11,12,12,330.7
mobilenetv3_small_100,44,ecualizado,original,sdnet_P,metu,False,258,274,26,42,0.908450704225352,0.86,0.8835616438356164,600,11,12,12,330.7
mobilenetv3_small_100,44,ecualizado,original,sdnet_W,sdnet_D,False,199,225,75,101,0.7262773722627737,0.6633333333333333,0.6933797909407665,600,7,11,12,310.0
mobilenetv3_small_100,44,ecualizado,original,sdnet_W,sdnet_P,False,214,206,94,86,0.6948051948051948,0.7133333333333334,0.7039473684210527,600,7,11,12,310.0
mobilenetv3_small_100,44,ecualizado,original,sdnet_W,sdnet_W,True,209,261,39,91,0.842741935483871,0.6966666666666667,0.7627737226277372,600,7,11,12,310.0
mobilenetv3_small_100,44,ecualizado,original,sdnet_W,metu,False,148,255,45,152,0.7668393782383419,0.4933333333333333,0.6004056795131846,600,7,11,12,310.0
mobilenetv3_small_100,44,ecualizado,original,metu,sdnet_D,False,68,283,17,232,0.8,0.2266666666666666,0.3532467532467532,600,3,7,12,197.3
mobilenetv3_small_100,44,ecualizado,original,metu,sdnet_P,False,120,279,21,180,0.851063829787234,0.4,0.54421768707483,600,3,7,12,197.3
mobilenetv3_small_100,44,ecualizado,original,metu,sdnet_W,False,66,288,12,234,0.8461538461538461,0.22,0.3492063492063492,600,3,7,12,197.3
mobilenetv3_small_100,44,ecualizado,original,metu,metu,True,299,299,1,1,0.9966666666666668,0.9966666666666668,0.9966666666666668,600,3,7,12,197.3
vit_tiny_patch16_224,42,ecualizado,original,sdnet_D,sdnet_D,True,202,166,134,98,0.6011904761904762,0.6733333333333333,0.6352201257861635,600,8,12,12,290.3
vit_tiny_patch16_224,42,ecualizado,original,sdnet_D,sdnet_P,False,227,153,147,73,0.606951871657754,0.7566666666666667,0.6735905044510386,600,8,12,12,290.3
vit_tiny_patch16_224,42,ecualizado,original,sdnet_D,sdnet_W,False,159,149,151,141,0.5129032258064516,0.53,0.521311475409836,600,8,12,12,290.3
vit_tiny_patch16_224,42,ecualizado,original,sdnet_D,metu,False,280,88,212,20,0.5691056910569106,0.9333333333333332,0.7070707070707071,600,8,12,12,290.3
vit_tiny_patch16_224,42,ecualizado,original,sdnet_P,sdnet_D,False,162,213,87,138,0.6506024096385542,0.54,0.5901639344262295,600,6,10,12,194.9
vit_tiny_patch16_224,42,ecualizado,original,sdnet_P,sdnet_P,True,265,151,149,35,0.6400966183574879,0.8833333333333333,0.742296918767507,600,6,10,12,194.9
vit_tiny_patch16_224,42,ecualizado,original,sdnet_P,sdnet_W,False,160,149,151,140,0.5144694533762058,0.5333333333333333,0.5237315875613748,600,6,10,12,194.9
vit_tiny_patch16_224,42,ecualizado,original,sdnet_P,metu,False,258,138,162,42,0.6142857142857143,0.86,0.7166666666666667,600,6,10,12,194.9
vit_tiny_patch16_224,42,ecualizado,original,sdnet_W,sdnet_D,False,286,19,281,14,0.5044091710758377,0.9533333333333334,0.6597462514417531,600,5,9,12,174.6
vit_tiny_patch16_224,42,ecualizado,original,sdnet_W,sdnet_P,False,246,56,244,54,0.5020408163265306,0.82,0.6227848101265823,600,5,9,12,174.6
vit_tiny_patch16_224,42,ecualizado,original,sdnet_W,sdnet_W,True,281,92,208,19,0.5746421267893661,0.9366666666666666,0.7122940430925222,600,5,9,12,174.6
vit_tiny_patch16_224,42,ecualizado,original,sdnet_W,metu,False,110,199,101,190,0.5213270142180095,0.3666666666666666,0.4305283757338551,600,5,9,12,174.6
vit_tiny_patch16_224,42,ecualizado,original,metu,sdnet_D,False,50,284,16,250,0.7575757575757576,0.1666666666666666,0.273224043715847,600,8,12,12,241.3
vit_tiny_patch16_224,42,ecualizado,original,metu,sdnet_P,False,129,267,33,171,0.7962962962962963,0.43,0.5584415584415584,600,8,12,12,241.3
vit_tiny_patch16_224,42,ecualizado,original,metu,sdnet_W,False,49,273,27,251,0.6447368421052632,0.1633333333333333,0.2606382978723404,600,8,12,12,241.3
vit_tiny_patch16_224,42,ecualizado,original,metu,metu,True,300,298,2,0,0.9933774834437086,1.0,0.9966777408637874,600,8,12,12,241.3
vit_tiny_patch16_224,43,ecualizado,original,sdnet_D,sdnet_D,True,299,10,290,1,0.5076400679117148,0.9966666666666668,0.672665916760405,600,1,5,12,100.0
vit_tiny_patch16_224,43,ecualizado,original,sdnet_D,sdnet_P,False,298,1,299,2,0.4991624790619765,0.9933333333333332,0.6644370122630993,600,1,5,12,100.0
vit_tiny_patch16_224,43,ecualizado,original,sdnet_D,sdnet_W,False,290,19,281,10,0.5078809106830122,0.9666666666666668,0.6659012629161883,600,1,5,12,100.0
vit_tiny_patch16_224,43,ecualizado,original,sdnet_D,metu,False,298,2,298,2,0.5,0.9933333333333332,0.6651785714285714,600,1,5,12,100.0
vit_tiny_patch16_224,43,ecualizado,original,sdnet_P,sdnet_D,False,288,17,283,12,0.5043782837127846,0.96,0.661308840413318,600,0,4,12,80.2
vit_tiny_patch16_224,43,ecualizado,original,sdnet_P,sdnet_P,True,294,16,284,6,0.5086505190311419,0.98,0.6697038724373576,600,0,4,12,80.2
vit_tiny_patch16_224,43,ecualizado,original,sdnet_P,sdnet_W,False,299,0,300,1,0.4991652754590985,0.9966666666666668,0.6651835372636262,600,0,4,12,80.2
vit_tiny_patch16_224,43,ecualizado,original,sdnet_P,metu,False,300,0,300,0,0.5,1.0,0.6666666666666666,600,0,4,12,80.2
vit_tiny_patch16_224,43,ecualizado,original,sdnet_W,sdnet_D,False,273,23,277,27,0.4963636363636363,0.91,0.6423529411764706,600,0,4,12,76.0
vit_tiny_patch16_224,43,ecualizado,original,sdnet_W,sdnet_P,False,293,19,281,7,0.5104529616724739,0.9766666666666668,0.6704805491990846,600,0,4,12,76.0
vit_tiny_patch16_224,43,ecualizado,original,sdnet_W,sdnet_W,True,284,48,252,16,0.5298507462686567,0.9466666666666668,0.6794258373205742,600,0,4,12,76.0
vit_tiny_patch16_224,43,ecualizado,original,sdnet_W,metu,False,86,122,178,214,0.3257575757575757,0.2866666666666667,0.3049645390070922,600,0,4,12,76.0
vit_tiny_patch16_224,43,ecualizado,original,metu,sdnet_D,False,45,280,20,255,0.6923076923076923,0.15,0.2465753424657534,600,7,11,12,206.8
vit_tiny_patch16_224,43,ecualizado,original,metu,sdnet_P,False,185,224,76,115,0.7088122605363985,0.6166666666666667,0.6595365418894831,600,7,11,12,206.8
vit_tiny_patch16_224,43,ecualizado,original,metu,sdnet_W,False,44,282,18,256,0.7096774193548387,0.1466666666666666,0.2430939226519337,600,7,11,12,206.8
vit_tiny_patch16_224,43,ecualizado,original,metu,metu,True,299,299,1,1,0.9966666666666668,0.9966666666666668,0.9966666666666668,600,7,11,12,206.8
vit_tiny_patch16_224,44,ecualizado,original,sdnet_D,sdnet_D,True,299,5,295,1,0.5033670033670034,0.9966666666666668,0.668903803131991,600,1,5,12,96.6
vit_tiny_patch16_224,44,ecualizado,original,sdnet_D,sdnet_P,False,299,4,296,1,0.5025210084033613,0.9966666666666668,0.6681564245810055,600,1,5,12,96.6
vit_tiny_patch16_224,44,ecualizado,original,sdnet_D,sdnet_W,False,296,0,300,4,0.4966442953020134,0.9866666666666668,0.6607142857142857,600,1,5,12,96.6
vit_tiny_patch16_224,44,ecualizado,original,sdnet_D,metu,False,299,0,300,1,0.4991652754590985,0.9966666666666668,0.6651835372636262,600,1,5,12,96.6
vit_tiny_patch16_224,44,ecualizado,original,sdnet_P,sdnet_D,False,143,206,94,157,0.6033755274261603,0.4766666666666667,0.5325884543761639,600,2,6,12,115.4
vit_tiny_patch16_224,44,ecualizado,original,sdnet_P,sdnet_P,True,255,159,141,45,0.6439393939393939,0.85,0.7327586206896551,600,2,6,12,115.4
vit_tiny_patch16_224,44,ecualizado,original,sdnet_P,sdnet_W,False,197,116,184,103,0.5170603674540682,0.6566666666666666,0.57856093979442,600,2,6,12,115.4
vit_tiny_patch16_224,44,ecualizado,original,sdnet_P,metu,False,290,113,187,10,0.6079664570230608,0.9666666666666668,0.7464607464607464,600,2,6,12,115.4
vit_tiny_patch16_224,44,ecualizado,original,sdnet_W,sdnet_D,False,165,170,130,135,0.559322033898305,0.55,0.5546218487394958,600,9,12,12,237.4
vit_tiny_patch16_224,44,ecualizado,original,sdnet_W,sdnet_P,False,114,201,99,186,0.5352112676056338,0.38,0.4444444444444444,600,9,12,12,237.4
vit_tiny_patch16_224,44,ecualizado,original,sdnet_W,sdnet_W,True,181,232,68,119,0.7269076305220884,0.6033333333333334,0.6593806921675774,600,9,12,12,237.4
vit_tiny_patch16_224,44,ecualizado,original,sdnet_W,metu,False,91,277,23,209,0.7982456140350878,0.3033333333333333,0.4396135265700483,600,9,12,12,237.4
vit_tiny_patch16_224,44,ecualizado,original,metu,sdnet_D,False,39,282,18,261,0.6842105263157895,0.13,0.2184873949579832,600,7,11,12,219.9
vit_tiny_patch16_224,44,ecualizado,original,metu,sdnet_P,False,146,249,51,154,0.7411167512690355,0.4866666666666667,0.5875251509054326,600,7,11,12,219.9
vit_tiny_patch16_224,44,ecualizado,original,metu,sdnet_W,False,40,285,15,260,0.7272727272727273,0.1333333333333333,0.2253521126760563,600,7,11,12,219.9
vit_tiny_patch16_224,44,ecualizado,original,metu,metu,True,300,299,1,0,0.9966777408637874,1.0,0.9983361064891848,600,7,11,12,219.9
resnet18,42,escala,original,sdnet_D,sdnet_D,True,218,272,28,82,0.8861788617886179,0.7266666666666667,0.7985347985347986,600,5,9,12,394.2
resnet18,42,escala,original,sdnet_D,sdnet_P,False,129,289,11,171,0.9214285714285714,0.43,0.5863636363636363,600,5,9,12,394.2
resnet18,42,escala,original,sdnet_D,sdnet_W,False,144,296,4,156,0.972972972972973,0.48,0.6428571428571429,600,5,9,12,394.2
resnet18,42,escala,original,sdnet_D,metu,False,250,230,70,50,0.78125,0.8333333333333334,0.8064516129032258,600,5,9,12,394.2
resnet18,42,escala,original,sdnet_P,sdnet_D,False,188,264,36,112,0.8392857142857143,0.6266666666666667,0.7175572519083969,600,10,12,12,245.1
resnet18,42,escala,original,sdnet_P,sdnet_P,True,262,264,36,38,0.8791946308724832,0.8733333333333333,0.8762541806020067,600,10,12,12,245.1
resnet18,42,escala,original,sdnet_P,sdnet_W,False,158,270,30,142,0.8404255319148937,0.5266666666666666,0.6475409836065574,600,10,12,12,245.1
resnet18,42,escala,original,sdnet_P,metu,False,289,289,11,11,0.9633333333333334,0.9633333333333334,0.9633333333333334,600,10,12,12,245.1
resnet18,42,escala,original,sdnet_W,sdnet_D,False,251,220,80,49,0.7583081570996979,0.8366666666666667,0.7955625990491284,600,7,11,12,234.6
resnet18,42,escala,original,sdnet_W,sdnet_P,False,208,252,48,92,0.8125,0.6933333333333334,0.7482014388489209,600,7,11,12,234.6
resnet18,42,escala,original,sdnet_W,sdnet_W,True,258,259,41,42,0.862876254180602,0.86,0.8614357262103506,600,7,11,12,234.6
resnet18,42,escala,original,sdnet_W,metu,False,275,254,46,25,0.8566978193146417,0.9166666666666666,0.8856682769726248,600,7,11,12,234.6
resnet18,42,escala,original,metu,sdnet_D,False,63,283,17,237,0.7875,0.21,0.331578947368421,600,3,7,12,143.9
resnet18,42,escala,original,metu,sdnet_P,False,194,266,34,106,0.8508771929824561,0.6466666666666666,0.7348484848484849,600,3,7,12,143.9
resnet18,42,escala,original,metu,sdnet_W,False,58,294,6,242,0.90625,0.1933333333333333,0.3186813186813186,600,3,7,12,143.9
resnet18,42,escala,original,metu,metu,True,300,300,0,0,1.0,1.0,1.0,600,3,7,12,143.9
resnet18,43,escala,original,sdnet_D,sdnet_D,True,223,268,32,77,0.8745098039215686,0.7433333333333333,0.8036036036036036,600,4,8,12,159.6
resnet18,43,escala,original,sdnet_D,sdnet_P,False,211,259,41,89,0.8373015873015873,0.7033333333333334,0.7644927536231884,600,4,8,12,159.6
resnet18,43,escala,original,sdnet_D,sdnet_W,False,150,277,23,150,0.8670520231213873,0.5,0.6342494714587738,600,4,8,12,159.6
resnet18,43,escala,original,sdnet_D,metu,False,269,195,105,31,0.7192513368983957,0.8966666666666666,0.798219584569733,600,4,8,12,159.6
resnet18,43,escala,original,sdnet_P,sdnet_D,False,187,277,23,113,0.8904761904761904,0.6233333333333333,0.7333333333333333,600,7,11,12,220.2
resnet18,43,escala,original,sdnet_P,sdnet_P,True,257,269,31,43,0.8923611111111112,0.8566666666666667,0.8741496598639455,600,7,11,12,220.2
resnet18,43,escala,original,sdnet_P,sdnet_W,False,153,271,29,147,0.8406593406593407,0.51,0.6348547717842323,600,7,11,12,220.2
resnet18,43,escala,original,sdnet_P,metu,False,292,294,6,8,0.9798657718120806,0.9733333333333334,0.9765886287625418,600,7,11,12,220.2
resnet18,43,escala,original,sdnet_W,sdnet_D,False,253,212,88,47,0.7419354838709677,0.8433333333333334,0.7893915756630265,600,7,11,12,242.1
resnet18,43,escala,original,sdnet_W,sdnet_P,False,227,251,49,73,0.822463768115942,0.7566666666666667,0.7881944444444444,600,7,11,12,242.1
resnet18,43,escala,original,sdnet_W,sdnet_W,True,263,251,49,37,0.842948717948718,0.8766666666666667,0.8594771241830066,600,7,11,12,242.1
resnet18,43,escala,original,sdnet_W,metu,False,279,242,58,21,0.827893175074184,0.93,0.8759811616954474,600,7,11,12,242.1
resnet18,43,escala,original,metu,sdnet_D,False,55,285,15,245,0.7857142857142857,0.1833333333333333,0.2972972972972973,600,2,6,12,130.7
resnet18,43,escala,original,metu,sdnet_P,False,167,266,34,133,0.8308457711442786,0.5566666666666666,0.6666666666666666,600,2,6,12,130.7
resnet18,43,escala,original,metu,sdnet_W,False,54,295,5,246,0.9152542372881356,0.18,0.3008356545961003,600,2,6,12,130.7
resnet18,43,escala,original,metu,metu,True,300,300,0,0,1.0,1.0,1.0,600,2,6,12,130.7
resnet18,44,escala,original,sdnet_D,sdnet_D,True,225,271,29,75,0.8858267716535433,0.75,0.8122743682310469,600,7,11,12,238.5
resnet18,44,escala,original,sdnet_D,sdnet_P,False,86,293,7,214,0.9247311827956988,0.2866666666666667,0.4376590330788804,600,7,11,12,238.5
resnet18,44,escala,original,sdnet_D,sdnet_W,False,168,287,13,132,0.9281767955801103,0.56,0.6985446985446986,600,7,11,12,238.5
resnet18,44,escala,original,sdnet_D,metu,False,235,254,46,65,0.8362989323843416,0.7833333333333333,0.8089500860585198,600,7,11,12,238.5
resnet18,44,escala,original,sdnet_P,sdnet_D,False,168,272,28,132,0.8571428571428571,0.56,0.6774193548387096,600,9,12,12,251.8
resnet18,44,escala,original,sdnet_P,sdnet_P,True,260,257,43,40,0.858085808580858,0.8666666666666667,0.8623548922056384,600,9,12,12,251.8
resnet18,44,escala,original,sdnet_P,sdnet_W,False,153,280,20,147,0.884393063583815,0.51,0.6469344608879493,600,9,12,12,251.8
resnet18,44,escala,original,sdnet_P,metu,False,290,288,12,10,0.9602649006622516,0.9666666666666668,0.9634551495016612,600,9,12,12,251.8
resnet18,44,escala,original,sdnet_W,sdnet_D,False,293,23,277,7,0.5140350877192983,0.9766666666666668,0.6735632183908046,600,0,4,12,87.9
resnet18,44,escala,original,sdnet_W,sdnet_P,False,250,164,136,50,0.6476683937823834,0.8333333333333334,0.7288629737609329,600,0,4,12,87.9
resnet18,44,escala,original,sdnet_W,sdnet_W,True,252,184,116,48,0.6847826086956522,0.84,0.7544910179640718,600,0,4,12,87.9
resnet18,44,escala,original,sdnet_W,metu,False,290,45,255,10,0.5321100917431193,0.9666666666666668,0.6863905325443787,600,0,4,12,87.9
resnet18,44,escala,original,metu,sdnet_D,False,68,285,15,232,0.8192771084337349,0.2266666666666666,0.3550913838120104,600,4,8,12,169.5
resnet18,44,escala,original,metu,sdnet_P,False,175,268,32,125,0.8454106280193237,0.5833333333333334,0.6903353057199211,600,4,8,12,169.5
resnet18,44,escala,original,metu,sdnet_W,False,77,291,9,223,0.8953488372093024,0.2566666666666666,0.3989637305699481,600,4,8,12,169.5
resnet18,44,escala,original,metu,metu,True,300,299,1,0,0.9966777408637874,1.0,0.9983361064891848,600,4,8,12,169.5
efficientnet_b0,42,escala,original,sdnet_D,sdnet_D,True,221,262,38,79,0.8532818532818532,0.7366666666666667,0.7906976744186046,600,7,11,12,376.6
efficientnet_b0,42,escala,original,sdnet_D,sdnet_P,False,135,273,27,165,0.8333333333333334,0.45,0.5844155844155844,600,7,11,12,376.6
efficientnet_b0,42,escala,original,sdnet_D,sdnet_W,False,137,288,12,163,0.9194630872483222,0.4566666666666666,0.6102449888641426,600,7,11,12,376.6
efficientnet_b0,42,escala,original,sdnet_D,metu,False,167,279,21,133,0.8882978723404256,0.5566666666666666,0.6844262295081968,600,7,11,12,376.6
efficientnet_b0,42,escala,original,sdnet_P,sdnet_D,False,189,256,44,111,0.8111587982832618,0.63,0.7091932457786116,600,11,12,12,318.5
efficientnet_b0,42,escala,original,sdnet_P,sdnet_P,True,259,259,41,41,0.8633333333333333,0.8633333333333333,0.8633333333333333,600,11,12,12,318.5
efficientnet_b0,42,escala,original,sdnet_P,sdnet_W,False,165,251,49,135,0.7710280373831776,0.55,0.642023346303502,600,11,12,12,318.5
efficientnet_b0,42,escala,original,sdnet_P,metu,False,287,275,25,13,0.9198717948717948,0.9566666666666668,0.937908496732026,600,11,12,12,318.5
efficientnet_b0,42,escala,original,sdnet_W,sdnet_D,False,237,157,143,63,0.6236842105263158,0.79,0.6970588235294117,600,3,7,12,184.5
efficientnet_b0,42,escala,original,sdnet_W,sdnet_P,False,140,227,73,160,0.6572769953051644,0.4666666666666667,0.5458089668615984,600,3,7,12,184.5
efficientnet_b0,42,escala,original,sdnet_W,sdnet_W,True,236,248,52,64,0.8194444444444444,0.7866666666666666,0.8027210884353742,600,3,7,12,184.5
efficientnet_b0,42,escala,original,sdnet_W,metu,False,191,193,107,109,0.6409395973154363,0.6366666666666667,0.6387959866220736,600,3,7,12,184.5
efficientnet_b0,42,escala,original,metu,sdnet_D,False,99,287,13,201,0.8839285714285714,0.33,0.4805825242718446,600,7,11,12,292.8
efficientnet_b0,42,escala,original,metu,sdnet_P,False,189,260,40,111,0.8253275109170306,0.63,0.7145557655954632,600,7,11,12,292.8
efficientnet_b0,42,escala,original,metu,sdnet_W,False,86,292,8,214,0.9148936170212766,0.2866666666666667,0.4365482233502538,600,7,11,12,292.8
efficientnet_b0,42,escala,original,metu,metu,True,300,300,0,0,1.0,1.0,1.0,600,7,11,12,292.8
efficientnet_b0,43,escala,original,sdnet_D,sdnet_D,True,216,262,38,84,0.8503937007874016,0.72,0.779783393501805,600,10,12,12,318.5
efficientnet_b0,43,escala,original,sdnet_D,sdnet_P,False,123,276,24,177,0.8367346938775511,0.41,0.5503355704697986,600,10,12,12,318.5
efficientnet_b0,43,escala,original,sdnet_D,sdnet_W,False,153,286,14,147,0.9161676646706588,0.51,0.6552462526766595,600,10,12,12,318.5
efficientnet_b0,43,escala,original,sdnet_D,metu,False,97,270,30,203,0.7637795275590551,0.3233333333333333,0.4543325526932084,600,10,12,12,318.5
efficientnet_b0,43,escala,original,sdnet_P,sdnet_D,False,170,259,41,130,0.8056872037914692,0.5666666666666667,0.6653620352250489,600,8,12,12,341.6
efficientnet_b0,43,escala,original,sdnet_P,sdnet_P,True,264,258,42,36,0.8627450980392157,0.88,0.8712871287128713,600,8,12,12,341.6
efficientnet_b0,43,escala,original,sdnet_P,sdnet_W,False,149,265,35,151,0.8097826086956522,0.4966666666666666,0.6157024793388429,600,8,12,12,341.6
efficientnet_b0,43,escala,original,sdnet_P,metu,False,273,267,33,27,0.8921568627450981,0.91,0.900990099009901,600,8,12,12,341.6
efficientnet_b0,43,escala,original,sdnet_W,sdnet_D,False,185,229,71,115,0.72265625,0.6166666666666667,0.6654676258992805,600,3,7,12,187.5
efficientnet_b0,43,escala,original,sdnet_W,sdnet_P,False,148,232,68,152,0.6851851851851852,0.4933333333333333,0.5736434108527132,600,3,7,12,187.5
efficientnet_b0,43,escala,original,sdnet_W,sdnet_W,True,225,265,35,75,0.8653846153846154,0.75,0.8035714285714286,600,3,7,12,187.5
efficientnet_b0,43,escala,original,sdnet_W,metu,False,137,225,75,163,0.6462264150943396,0.4566666666666666,0.53515625,600,3,7,12,187.5
efficientnet_b0,43,escala,original,metu,sdnet_D,False,55,294,6,245,0.9016393442622952,0.1833333333333333,0.3047091412742382,600,4,8,12,210.3
efficientnet_b0,43,escala,original,metu,sdnet_P,False,160,278,22,140,0.8791208791208791,0.5333333333333333,0.6639004149377593,600,4,8,12,210.3
efficientnet_b0,43,escala,original,metu,sdnet_W,False,53,296,4,247,0.9298245614035088,0.1766666666666666,0.2969187675070028,600,4,8,12,210.3
efficientnet_b0,43,escala,original,metu,metu,True,300,300,0,0,1.0,1.0,1.0,600,4,8,12,210.3
efficientnet_b0,44,escala,original,sdnet_D,sdnet_D,True,212,263,37,88,0.8514056224899599,0.7066666666666667,0.7723132969034608,600,8,12,12,312.0
efficientnet_b0,44,escala,original,sdnet_D,sdnet_P,False,187,245,55,113,0.7727272727272727,0.6233333333333333,0.6900369003690037,600,8,12,12,312.0
efficientnet_b0,44,escala,original,sdnet_D,sdnet_W,False,137,276,24,163,0.8509316770186336,0.4566666666666666,0.5943600867678959,600,8,12,12,312.0
efficientnet_b0,44,escala,original,sdnet_D,metu,False,199,285,15,101,0.9299065420560748,0.6633333333333333,0.77431906614786,600,8,12,12,312.0
efficientnet_b0,44,escala,original,sdnet_P,sdnet_D,False,181,264,36,119,0.8341013824884793,0.6033333333333334,0.7001934235976789,600,6,10,12,265.7
efficientnet_b0,44,escala,original,sdnet_P,sdnet_P,True,258,257,43,42,0.8571428571428571,0.86,0.8585690515806988,600,6,10,12,265.7
efficientnet_b0,44,escala,original,sdnet_P,sdnet_W,False,159,247,53,141,0.75,0.53,0.62109375,600,6,10,12,265.7
efficientnet_b0,44,escala,original,sdnet_P,metu,False,268,285,15,32,0.9469964664310954,0.8933333333333333,0.9193825042881648,600,6,10,12,265.7
efficientnet_b0,44,escala,original,sdnet_W,sdnet_D,False,211,200,100,89,0.6784565916398714,0.7033333333333334,0.690671031096563,600,9,12,12,323.3
efficientnet_b0,44,escala,original,sdnet_W,sdnet_P,False,168,232,68,132,0.711864406779661,0.56,0.6268656716417911,600,9,12,12,323.3
efficientnet_b0,44,escala,original,sdnet_W,sdnet_W,True,233,259,41,67,0.8503649635036497,0.7766666666666666,0.8118466898954704,600,9,12,12,323.3
efficientnet_b0,44,escala,original,sdnet_W,metu,False,129,238,62,171,0.675392670157068,0.43,0.5254582484725051,600,9,12,12,323.3
efficientnet_b0,44,escala,original,metu,sdnet_D,False,73,288,12,227,0.8588235294117647,0.2433333333333333,0.3792207792207792,600,2,6,12,166.9
efficientnet_b0,44,escala,original,metu,sdnet_P,False,120,274,26,180,0.821917808219178,0.4,0.5381165919282511,600,2,6,12,166.9
efficientnet_b0,44,escala,original,metu,sdnet_W,False,57,296,4,243,0.9344262295081968,0.19,0.3157894736842105,600,2,6,12,166.9
efficientnet_b0,44,escala,original,metu,metu,True,300,300,0,0,1.0,1.0,1.0,600,2,6,12,166.9
mobilenetv3_small_100,42,escala,original,sdnet_D,sdnet_D,True,218,263,37,82,0.8549019607843137,0.7266666666666667,0.7855855855855856,600,7,11,12,290.5
mobilenetv3_small_100,42,escala,original,sdnet_D,sdnet_P,False,152,265,35,148,0.8128342245989305,0.5066666666666667,0.6242299794661191,600,7,11,12,290.5
mobilenetv3_small_100,42,escala,original,sdnet_D,sdnet_W,False,162,259,41,138,0.7980295566502463,0.54,0.6441351888667992,600,7,11,12,290.5
mobilenetv3_small_100,42,escala,original,sdnet_D,metu,False,143,274,26,157,0.8461538461538461,0.4766666666666667,0.6098081023454158,600,7,11,12,290.5
mobilenetv3_small_100,42,escala,original,sdnet_P,sdnet_D,False,177,246,54,123,0.7662337662337663,0.59,0.6666666666666666,600,3,7,12,159.0
mobilenetv3_small_100,42,escala,original,sdnet_P,sdnet_P,True,260,255,45,40,0.8524590163934426,0.8666666666666667,0.859504132231405,600,3,7,12,159.0
mobilenetv3_small_100,42,escala,original,sdnet_P,sdnet_W,False,146,236,64,154,0.6952380952380952,0.4866666666666667,0.5725490196078431,600,3,7,12,159.0
mobilenetv3_small_100,42,escala,original,sdnet_P,metu,False,291,149,151,9,0.6583710407239819,0.97,0.784366576819407,600,3,7,12,159.0
mobilenetv3_small_100,42,escala,original,sdnet_W,sdnet_D,False,210,231,69,90,0.7526881720430108,0.7,0.7253886010362695,600,10,12,12,277.1
mobilenetv3_small_100,42,escala,original,sdnet_W,sdnet_P,False,220,166,134,80,0.6214689265536724,0.7333333333333333,0.672782874617737,600,10,12,12,277.1
mobilenetv3_small_100,42,escala,original,sdnet_W,sdnet_W,True,248,248,52,52,0.8266666666666667,0.8266666666666667,0.8266666666666667,600,10,12,12,277.1
mobilenetv3_small_100,42,escala,original,sdnet_W,metu,False,242,203,97,58,0.7138643067846607,0.8066666666666666,0.7574334898278561,600,10,12,12,277.1
mobilenetv3_small_100,42,escala,original,metu,sdnet_D,False,80,283,17,220,0.8247422680412371,0.2666666666666666,0.4030226700251889,600,3,7,12,157.5
mobilenetv3_small_100,42,escala,original,metu,sdnet_P,False,217,227,73,83,0.7482758620689656,0.7233333333333334,0.735593220338983,600,3,7,12,157.5
mobilenetv3_small_100,42,escala,original,metu,sdnet_W,False,79,290,10,221,0.8876404494382022,0.2633333333333333,0.4061696658097686,600,3,7,12,157.5
mobilenetv3_small_100,42,escala,original,metu,metu,True,300,300,0,0,1.0,1.0,1.0,600,3,7,12,157.5
mobilenetv3_small_100,43,escala,original,sdnet_D,sdnet_D,True,221,259,41,79,0.8435114503816794,0.7366666666666667,0.7864768683274022,600,9,12,12,271.3
mobilenetv3_small_100,43,escala,original,sdnet_D,sdnet_P,False,117,286,14,183,0.8931297709923665,0.39,0.54292343387471,600,9,12,12,271.3
mobilenetv3_small_100,43,escala,original,sdnet_D,sdnet_W,False,174,273,27,126,0.8656716417910447,0.58,0.6946107784431138,600,9,12,12,271.3
mobilenetv3_small_100,43,escala,original,sdnet_D,metu,False,115,269,31,185,0.7876712328767124,0.3833333333333333,0.515695067264574,600,9,12,12,271.3
mobilenetv3_small_100,43,escala,original,sdnet_P,sdnet_D,False,186,245,55,114,0.7717842323651453,0.62,0.6876155268022182,600,11,12,12,269.6
mobilenetv3_small_100,43,escala,original,sdnet_P,sdnet_P,True,255,260,40,45,0.864406779661017,0.85,0.8571428571428571,600,11,12,12,269.6
mobilenetv3_small_100,43,escala,original,sdnet_P,sdnet_W,False,166,265,35,134,0.8258706467661692,0.5533333333333333,0.6626746506986028,600,11,12,12,269.6
mobilenetv3_small_100,43,escala,original,sdnet_P,metu,False,269,286,14,31,0.950530035335689,0.8966666666666666,0.9228130360205832,600,11,12,12,269.6
mobilenetv3_small_100,43,escala,original,sdnet_W,sdnet_D,False,263,145,155,37,0.6291866028708134,0.8766666666666667,0.7325905292479109,600,5,9,12,200.6
mobilenetv3_small_100,43,escala,original,sdnet_W,sdnet_P,False,220,188,112,80,0.6626506024096386,0.7333333333333333,0.6962025316455697,600,5,9,12,200.6
mobilenetv3_small_100,43,escala,original,sdnet_W,sdnet_W,True,252,248,52,48,0.8289473684210527,0.84,0.8344370860927153,600,5,9,12,200.6
mobilenetv3_small_100,43,escala,original,sdnet_W,metu,False,233,129,171,67,0.5767326732673267,0.7766666666666666,0.6619318181818182,600,5,9,12,200.6
mobilenetv3_small_100,43,escala,original,metu,sdnet_D,False,102,277,23,198,0.816,0.34,0.48,600,5,9,12,197.9
mobilenetv3_small_100,43,escala,original,metu,sdnet_P,False,181,251,49,119,0.7869565217391304,0.6033333333333334,0.6830188679245283,600,5,9,12,197.9
mobilenetv3_small_100,43,escala,original,metu,sdnet_W,False,105,278,22,195,0.8267716535433071,0.35,0.4918032786885246,600,5,9,12,197.9
mobilenetv3_small_100,43,escala,original,metu,metu,True,300,299,1,0,0.9966777408637874,1.0,0.9983361064891848,600,5,9,12,197.9
mobilenetv3_small_100,44,escala,original,sdnet_D,sdnet_D,True,206,280,20,94,0.911504424778761,0.6866666666666666,0.7832699619771863,600,5,9,12,200.9
mobilenetv3_small_100,44,escala,original,sdnet_D,sdnet_P,False,52,295,5,248,0.912280701754386,0.1733333333333333,0.2913165266106443,600,5,9,12,200.9
mobilenetv3_small_100,44,escala,original,sdnet_D,sdnet_W,False,157,284,16,143,0.907514450867052,0.5233333333333333,0.6638477801268499,600,5,9,12,200.9
mobilenetv3_small_100,44,escala,original,sdnet_D,metu,False,67,298,2,233,0.9710144927536232,0.2233333333333333,0.3631436314363143,600,5,9,12,200.9
mobilenetv3_small_100,44,escala,original,sdnet_P,sdnet_D,False,136,289,11,164,0.9251700680272108,0.4533333333333333,0.6085011185682326,600,8,12,12,266.7
mobilenetv3_small_100,44,escala,original,sdnet_P,sdnet_P,True,264,268,32,36,0.8918918918918919,0.88,0.8859060402684564,600,8,12,12,266.7
mobilenetv3_small_100,44,escala,original,sdnet_P,sdnet_W,False,117,279,21,183,0.8478260869565217,0.39,0.5342465753424658,600,8,12,12,266.7
mobilenetv3_small_100,44,escala,original,sdnet_P,metu,False,272,292,8,28,0.9714285714285714,0.9066666666666666,0.9379310344827586,600,8,12,12,266.7
mobilenetv3_small_100,44,escala,original,sdnet_W,sdnet_D,False,260,83,217,40,0.5450733752620545,0.8666666666666667,0.6692406692406693,600,3,7,12,158.3
mobilenetv3_small_100,44,escala,original,sdnet_W,sdnet_P,False,118,265,35,182,0.7712418300653595,0.3933333333333333,0.5209713024282561,600,3,7,12,158.3
mobilenetv3_small_100,44,escala,original,sdnet_W,sdnet_W,True,232,239,61,68,0.7918088737201365,0.7733333333333333,0.7824620573355818,600,3,7,12,158.3
mobilenetv3_small_100,44,escala,original,sdnet_W,metu,False,217,174,126,83,0.6326530612244898,0.7233333333333334,0.6749611197511665,600,3,7,12,158.3
mobilenetv3_small_100,44,escala,original,metu,sdnet_D,False,89,280,20,211,0.8165137614678899,0.2966666666666667,0.4352078239608802,600,1,5,12,114.4
mobilenetv3_small_100,44,escala,original,metu,sdnet_P,False,220,230,70,80,0.7586206896551724,0.7333333333333333,0.7457627118644068,600,1,5,12,114.4
mobilenetv3_small_100,44,escala,original,metu,sdnet_W,False,95,276,24,205,0.7983193277310925,0.3166666666666666,0.4534606205250596,600,1,5,12,114.4
mobilenetv3_small_100,44,escala,original,metu,metu,True,300,299,1,0,0.9966777408637874,1.0,0.9983361064891848,600,1,5,12,114.4
vit_tiny_patch16_224,42,escala,original,sdnet_D,sdnet_D,True,227,256,44,73,0.8376383763837638,0.7566666666666667,0.7950963222416813,600,1,5,12,112.4
vit_tiny_patch16_224,42,escala,original,sdnet_D,sdnet_P,False,247,171,129,53,0.6569148936170213,0.8233333333333334,0.7307692307692307,600,1,5,12,112.4
vit_tiny_patch16_224,42,escala,original,sdnet_D,sdnet_W,False,184,228,72,116,0.71875,0.6133333333333333,0.6618705035971223,600,1,5,12,112.4
vit_tiny_patch16_224,42,escala,original,sdnet_D,metu,False,195,221,79,105,0.7116788321167883,0.65,0.6794425087108014,600,1,5,12,112.4
vit_tiny_patch16_224,42,escala,original,sdnet_P,sdnet_D,False,216,262,38,84,0.8503937007874016,0.72,0.779783393501805,600,9,12,12,259.7
vit_tiny_patch16_224,42,escala,original,sdnet_P,sdnet_P,True,265,264,36,35,0.8803986710963455,0.8833333333333333,0.8818635607321131,600,9,12,12,259.7
vit_tiny_patch16_224,42,escala,original,sdnet_P,sdnet_W,False,162,269,31,138,0.8393782383419689,0.54,0.6572008113590264,600,9,12,12,259.7
vit_tiny_patch16_224,42,escala,original,sdnet_P,metu,False,296,282,18,4,0.9426751592356688,0.9866666666666668,0.9641693811074918,600,9,12,12,259.7
vit_tiny_patch16_224,42,escala,original,sdnet_W,sdnet_D,False,268,180,120,32,0.6907216494845361,0.8933333333333333,0.7790697674418605,600,10,12,12,269.3
vit_tiny_patch16_224,42,escala,original,sdnet_W,sdnet_P,False,236,220,80,64,0.7468354430379747,0.7866666666666666,0.7662337662337663,600,10,12,12,269.3
vit_tiny_patch16_224,42,escala,original,sdnet_W,sdnet_W,True,251,260,40,49,0.8625429553264605,0.8366666666666667,0.8494077834179357,600,10,12,12,269.3
vit_tiny_patch16_224,42,escala,original,sdnet_W,metu,False,263,274,26,37,0.9100346020761244,0.8766666666666667,0.8930390492359932,600,10,12,12,269.3
vit_tiny_patch16_224,42,escala,original,metu,sdnet_D,False,90,276,24,210,0.7894736842105263,0.3,0.4347826086956521,600,2,6,12,135.7
vit_tiny_patch16_224,42,escala,original,metu,sdnet_P,False,227,227,73,73,0.7566666666666667,0.7566666666666667,0.7566666666666667,600,2,6,12,135.7
vit_tiny_patch16_224,42,escala,original,metu,sdnet_W,False,78,291,9,222,0.896551724137931,0.26,0.4031007751937984,600,2,6,12,135.7
vit_tiny_patch16_224,42,escala,original,metu,metu,True,300,300,0,0,1.0,1.0,1.0,600,2,6,12,135.7
vit_tiny_patch16_224,43,escala,original,sdnet_D,sdnet_D,True,229,264,36,71,0.8641509433962264,0.7633333333333333,0.8106194690265487,600,7,11,12,247.4
vit_tiny_patch16_224,43,escala,original,sdnet_D,sdnet_P,False,206,241,59,94,0.7773584905660378,0.6866666666666666,0.7292035398230089,600,7,11,12,247.4
vit_tiny_patch16_224,43,escala,original,sdnet_D,sdnet_W,False,189,279,21,111,0.9,0.63,0.7411764705882353,600,7,11,12,247.4
vit_tiny_patch16_224,43,escala,original,sdnet_D,metu,False,226,254,46,74,0.8308823529411765,0.7533333333333333,0.7902097902097902,600,7,11,12,247.4
vit_tiny_patch16_224,43,escala,original,sdnet_P,sdnet_D,False,168,274,26,132,0.865979381443299,0.56,0.680161943319838,600,0,4,12,92.6
vit_tiny_patch16_224,43,escala,original,sdnet_P,sdnet_P,True,239,264,36,61,0.8690909090909091,0.7966666666666666,0.831304347826087,600,0,4,12,92.6
vit_tiny_patch16_224,43,escala,original,sdnet_P,sdnet_W,False,135,266,34,165,0.7988165680473372,0.45,0.5756929637526652,600,0,4,12,92.6
vit_tiny_patch16_224,43,escala,original,sdnet_P,metu,False,288,288,12,12,0.96,0.96,0.96,600,0,4,12,92.6
vit_tiny_patch16_224,43,escala,original,sdnet_W,sdnet_D,False,288,56,244,12,0.5413533834586466,0.96,0.6923076923076923,600,2,6,12,136.6
vit_tiny_patch16_224,43,escala,original,sdnet_W,sdnet_P,False,239,205,95,61,0.7155688622754491,0.7966666666666666,0.7539432176656151,600,2,6,12,136.6
vit_tiny_patch16_224,43,escala,original,sdnet_W,sdnet_W,True,250,244,56,50,0.8169934640522876,0.8333333333333334,0.8250825082508251,600,2,6,12,136.6
vit_tiny_patch16_224,43,escala,original,sdnet_W,metu,False,239,195,105,61,0.6947674418604651,0.7966666666666666,0.7422360248447205,600,2,6,12,136.6
vit_tiny_patch16_224,43,escala,original,metu,sdnet_D,False,58,286,14,242,0.8055555555555556,0.1933333333333333,0.3118279569892473,600,0,4,12,89.3
vit_tiny_patch16_224,43,escala,original,metu,sdnet_P,False,198,251,49,102,0.8016194331983806,0.66,0.7239488117001828,600,0,4,12,89.3
vit_tiny_patch16_224,43,escala,original,metu,sdnet_W,False,61,294,6,239,0.9104477611940298,0.2033333333333333,0.332425068119891,600,0,4,12,89.3
vit_tiny_patch16_224,43,escala,original,metu,metu,True,299,300,0,1,1.0,0.9966666666666668,0.998330550918197,600,0,4,12,89.3
vit_tiny_patch16_224,44,escala,original,sdnet_D,sdnet_D,True,216,273,27,84,0.8888888888888888,0.72,0.7955801104972375,600,10,12,12,260.9
vit_tiny_patch16_224,44,escala,original,sdnet_D,sdnet_P,False,96,294,6,204,0.9411764705882352,0.32,0.4776119402985074,600,10,12,12,260.9
vit_tiny_patch16_224,44,escala,original,sdnet_D,sdnet_W,False,159,288,12,141,0.9298245614035088,0.53,0.6751592356687898,600,10,12,12,260.9
vit_tiny_patch16_224,44,escala,original,sdnet_D,metu,False,88,241,59,212,0.5986394557823129,0.2933333333333333,0.3937360178970917,600,10,12,12,260.9
vit_tiny_patch16_224,44,escala,original,sdnet_P,sdnet_D,False,220,260,40,80,0.8461538461538461,0.7333333333333333,0.7857142857142857,600,11,12,12,259.4
vit_tiny_patch16_224,44,escala,original,sdnet_P,sdnet_P,True,265,267,33,35,0.889261744966443,0.8833333333333333,0.8862876254180602,600,11,12,12,259.4
vit_tiny_patch16_224,44,escala,original,sdnet_P,sdnet_W,False,184,268,32,116,0.8518518518518519,0.6133333333333333,0.7131782945736435,600,11,12,12,259.4
vit_tiny_patch16_224,44,escala,original,sdnet_P,metu,False,298,287,13,2,0.9581993569131833,0.9933333333333332,0.9754500818330606,600,11,12,12,259.4
vit_tiny_patch16_224,44,escala,original,sdnet_W,sdnet_D,False,249,218,82,51,0.7522658610271903,0.83,0.7892234548335975,600,11,12,12,260.1
vit_tiny_patch16_224,44,escala,original,sdnet_W,sdnet_P,False,208,243,57,92,0.7849056603773585,0.6933333333333334,0.736283185840708,600,11,12,12,260.1
vit_tiny_patch16_224,44,escala,original,sdnet_W,sdnet_W,True,256,258,42,44,0.8590604026845637,0.8533333333333334,0.8561872909698997,600,11,12,12,260.1
vit_tiny_patch16_224,44,escala,original,sdnet_W,metu,False,134,278,22,166,0.8589743589743589,0.4466666666666666,0.5877192982456141,600,11,12,12,260.1
vit_tiny_patch16_224,44,escala,original,metu,sdnet_D,False,94,278,22,206,0.8103448275862069,0.31333333333333335,0.4519230769230769,600,5,9,12,195.1
vit_tiny_patch16_224,44,escala,original,metu,sdnet_P,False,221,233,67,79,0.7673611111111112,0.7366666666666667,0.7517006802721088,600,5,9,12,195.1
vit_tiny_patch16_224,44,escala,original,metu,sdnet_W,False,98,292,8,202,0.9245283018867925,0.32666666666666666,0.4827586206896552,600,5,9,12,195.1
vit_tiny_patch16_224,44,escala,original,metu,metu,True,300,300,0,0,1.0,1.0,1.0,600,5,9,12,195.1
