regimen,arquitectura,semilla,dominio_train,dominio_test,direccion,n_valores_unicos,auroc,ap,f1_05,discrepancias_05,f1_techo,f1_k20,f1_k50,f1_k100
fine-tuning,efficientnet_b0,42,metu,metu,dentro,19,0.9999777777777779,0.9999779249448124,0.998330550918197,0,0.998330550918197,0.9907632391640868,0.9916762877487919,0.9924728383299657
fine-tuning,efficientnet_b0,42,metu,sdnet_D,metu_a_sdnet,95,0.6475888888888888,0.6543614604035601,0.32222222222222224,0,0.6666666666666666,0.6064670195371802,0.6583361989508145,0.6666666666666665
fine-tuning,efficientnet_b0,42,metu,sdnet_P,metu_a_sdnet,290,0.793861111111111,0.7949039317368511,0.5991189427312775,0,0.7447154471544716,0.7048324432462048,0.7187918382226869,0.7238964465745994
fine-tuning,efficientnet_b0,42,metu,sdnet_W,metu_a_sdnet,95,0.6114,0.6308892414760779,0.2897727272727273,0,0.6666666666666666,0.631378030997344,0.6654209621993127,0.6666666666666665
fine-tuning,efficientnet_b0,42,sdnet_D,metu,sdnet_a_metu,520,0.6881666666666667,0.7652029339358712,0.6153846153846154,0,0.6666666666666666,0.620510986237598,0.6335192335690186,0.6388691678065759
fine-tuning,efficientnet_b0,42,sdnet_D,sdnet_D,dentro,455,0.8458055555555556,0.8850901881504876,0.7647058823529411,0,0.7697715289982425,0.7305697847161042,0.7401196192784028,0.7485345304800876
fine-tuning,efficientnet_b0,42,sdnet_D,sdnet_P,entre_superficie,543,0.7594166666666666,0.8083137038286905,0.6570841889117043,0,0.7003058103975535,0.6657941650206347,0.670054106621786,0.6762765413436556
fine-tuning,efficientnet_b0,42,sdnet_D,sdnet_W,entre_superficie,508,0.812722222222222,0.8503401754738054,0.6998011928429424,0,0.7336122733612274,0.6977446113125286,0.7081388832413592,0.7137553006601712
fine-tuning,efficientnet_b0,42,sdnet_P,metu,sdnet_a_metu,440,0.986011111111111,0.9883822459273066,0.9379310344827586,0,0.9528619528619529,0.9251402054076122,0.9338670110767096,0.9418974525187184
fine-tuning,efficientnet_b0,42,sdnet_P,sdnet_D,entre_superficie,481,0.7916277777777777,0.839381556868843,0.6680497925311203,0,0.7325769854132901,0.6897347877645906,0.7026794280180795,0.7051411310139525
fine-tuning,efficientnet_b0,42,sdnet_P,sdnet_P,dentro,369,0.9324777777777778,0.9333876864209978,0.8600682593856656,0,0.8668831168831169,0.8344195505334804,0.8464330304325116,0.850969653808782
fine-tuning,efficientnet_b0,42,sdnet_P,sdnet_W,entre_superficie,523,0.6743611111111111,0.7251406422816356,0.48951048951048953,0,0.6829865361077111,0.624454270349381,0.6463307011277667,0.6644611091670698
fine-tuning,efficientnet_b0,42,sdnet_W,metu,sdnet_a_metu,470,0.7194333333333334,0.687051247791823,0.6885758998435054,0,0.6964285714285714,0.6628566281119787,0.6758435573338475,0.6789835115765702
fine-tuning,efficientnet_b0,42,sdnet_W,sdnet_D,entre_superficie,474,0.7847055555555555,0.8072304459361468,0.7129629629629629,0,0.7174770039421814,0.6845228152108009,0.6934633812522796,0.6981310570957281
fine-tuning,efficientnet_b0,42,sdnet_W,sdnet_P,entre_superficie,521,0.6455388888888889,0.6566991413416465,0.44547563805104406,0,0.6676056338028169,0.6292612087312617,0.6431055707689822,0.6525137920632439
fine-tuning,efficientnet_b0,42,sdnet_W,sdnet_W,dentro,415,0.8990944444444444,0.917165816605725,0.8163265306122449,0,0.8216783216783217,0.7801114050747731,0.7961794533786818,0.8016023125297926
fine-tuning,efficientnet_b0,43,metu,metu,dentro,23,1.0,1.0,0.998330550918197,0,1.0,0.9865599578359411,0.9886460641046966,0.9928178763247221
fine-tuning,efficientnet_b0,43,metu,sdnet_D,metu_a_sdnet,134,0.6951222222222222,0.6994871935918361,0.3076923076923077,0,0.6666666666666666,0.6206202137465123,0.6342422127992965,0.6473215769913727
fine-tuning,efficientnet_b0,43,metu,sdnet_P,metu_a_sdnet,139,0.7196277777777778,0.6954934517558213,0.41012658227848103,0,0.6666666666666666,0.624958771795686,0.64317686188495,0.6538315202055945
fine-tuning,efficientnet_b0,43,metu,sdnet_W,metu_a_sdnet,151,0.6688222222222222,0.6763358375732078,0.29916897506925205,0,0.6666666666666666,0.616433110842891,0.6419127216749416,0.6552152301955472
fine-tuning,efficientnet_b0,43,sdnet_D,metu,sdnet_a_metu,512,0.6856111111111112,0.7771419371891775,0.611353711790393,0,0.6666666666666666,0.6215975540468981,0.63224621461674,0.6381730698879987
fine-tuning,efficientnet_b0,43,sdnet_D,sdnet_D,dentro,479,0.8383944444444444,0.8686382813133062,0.7456445993031359,0,0.7560975609756098,0.7263825320815109,0.7305961179023244,0.7363850923694261
fine-tuning,efficientnet_b0,43,sdnet_D,sdnet_P,entre_superficie,513,0.704138888888889,0.7431990594841011,0.5496828752642706,0,0.6752910737386805,0.6385638549294643,0.6549032176712457,0.654134861791881
fine-tuning,efficientnet_b0,43,sdnet_D,sdnet_W,entre_superficie,523,0.797,0.8314185984836144,0.6060606060606061,0,0.7225433526011561,0.691664988346009,0.6968741292457213,0.700136714350663
fine-tuning,efficientnet_b0,43,sdnet_P,metu,sdnet_a_metu,418,0.9581611111111112,0.9668860155622931,0.900163666121113,0,0.9222797927461139,0.8827323821470577,0.9035666618483134,0.9109658006886812
fine-tuning,efficientnet_b0,43,sdnet_P,sdnet_D,entre_superficie,517,0.7404222222222223,0.7985122455109589,0.5897435897435898,0,0.6808510638297872,0.6503321285343305,0.6543383920759902,0.6611026810499624
fine-tuning,efficientnet_b0,43,sdnet_P,sdnet_P,dentro,405,0.9163833333333333,0.9209965558136463,0.8440677966101695,0,0.8498293515358362,0.8166469564470259,0.8306602429846212,0.8348637171348039
fine-tuning,efficientnet_b0,43,sdnet_P,sdnet_W,entre_superficie,544,0.7097333333333333,0.735515728999682,0.4988344988344988,0,0.6940874035989717,0.6471331533058161,0.6623664007568283,0.6661580238467266
fine-tuning,efficientnet_b0,43,sdnet_W,metu,sdnet_a_metu,505,0.6929111111111111,0.6475715640755073,0.5992366412213741,0,0.6910039113428944,0.6590664441887176,0.6649331301285051,0.6699580441667411
fine-tuning,efficientnet_b0,43,sdnet_W,sdnet_D,entre_superficie,476,0.7729777777777778,0.8137055052661492,0.7154471544715447,0,0.7156549520766773,0.6788370967087661,0.6858810277760671,0.692756813884009
fine-tuning,efficientnet_b0,43,sdnet_W,sdnet_P,entre_superficie,526,0.705338888888889,0.7137697675789645,0.6292517006802721,0,0.6918918918918919,0.6549504145442504,0.6668973316743154,0.6761738572012116
fine-tuning,efficientnet_b0,43,sdnet_W,sdnet_W,dentro,407,0.9077666666666666,0.9249480891505407,0.8358714043993232,0,0.8462809917355372,0.7951525157215843,0.8188821142176286,0.8287353085837134
fine-tuning,efficientnet_b0,44,metu,metu,dentro,22,0.9998888888888888,0.9998912715191784,0.9966555183946488,0,0.9966555183946488,0.9886350182738093,0.9895975889859181,0.9907051157515476
fine-tuning,efficientnet_b0,44,metu,sdnet_D,metu_a_sdnet,125,0.7002166666666666,0.6925521005378711,0.34594594594594597,0,0.6666666666666666,0.6191180142031688,0.638439006991325,0.6526980196674838
fine-tuning,efficientnet_b0,44,metu,sdnet_P,metu_a_sdnet,191,0.8040555555555555,0.7803058730306115,0.7172675521821632,0,0.7572519083969466,0.7236588285561613,0.7374149429280951,0.7431395112739057
fine-tuning,efficientnet_b0,44,metu,sdnet_W,metu_a_sdnet,123,0.6732222222222222,0.6732414480861859,0.3504043126684636,0,0.6666666666666666,0.6126447683858265,0.6489278374078142,0.65856903138341
fine-tuning,efficientnet_b0,44,sdnet_D,metu,sdnet_a_metu,422,0.7411888888888889,0.798851405850127,0.5492957746478874,0,0.6925795053003534,0.6495742472398678,0.6664257252037814,0.6670544396399742
fine-tuning,efficientnet_b0,44,sdnet_D,sdnet_D,dentro,478,0.8374499999999999,0.8755426444658524,0.7513611615245009,0,0.7712665406427222,0.729637630255815,0.7456372524582914,0.7513746287556
fine-tuning,efficientnet_b0,44,sdnet_D,sdnet_P,entre_superficie,421,0.6571,0.7101847932059179,0.4648910411622276,0,0.6666666666666666,0.6082533777859763,0.6351872479942968,0.6438032908886148
fine-tuning,efficientnet_b0,44,sdnet_D,sdnet_W,entre_superficie,464,0.8174555555555556,0.8489251297865523,0.6136865342163356,0,0.7438692098092643,0.7133672716155544,0.7217693696822749,0.7240299288608384
fine-tuning,efficientnet_b0,44,sdnet_P,metu,sdnet_a_metu,432,0.9517722222222222,0.9643810720789646,0.8942807625649913,0,0.9033391915641477,0.8702119506381208,0.8862708539888148,0.888792208221514
fine-tuning,efficientnet_b0,44,sdnet_P,sdnet_D,entre_superficie,502,0.7611722222222221,0.8118174177385129,0.6100217864923747,0,0.7060755336617406,0.6632598252032491,0.6776658053676924,0.6844010342942446
fine-tuning,efficientnet_b0,44,sdnet_P,sdnet_P,dentro,379,0.9220111111111111,0.9307009027785929,0.8307692307692308,0,0.847682119205298,0.8160674072291211,0.8299474121638842,0.8327699418410569
fine-tuning,efficientnet_b0,44,sdnet_P,sdnet_W,entre_superficie,556,0.655,0.695494554413964,0.5077262693156733,0,0.6681564245810055,0.6249922438250273,0.6383698642012076,0.6484989611265565
fine-tuning,efficientnet_b0,44,sdnet_W,metu,sdnet_a_metu,467,0.6719944444444444,0.6564984048501966,0.5603271983640081,0,0.6676258992805756,0.634629751033903,0.6457567260776489,0.6525345598199541
fine-tuning,efficientnet_b0,44,sdnet_W,sdnet_D,entre_superficie,477,0.7336611111111111,0.7775330533825432,0.6542056074766355,0,0.6792452830188679,0.6547503624723919,0.6569909918282607,0.6585355296509192
fine-tuning,efficientnet_b0,44,sdnet_W,sdnet_P,entre_superficie,511,0.5904777777777778,0.6333575582424784,0.47257383966244726,0,0.6666666666666666,0.6103443319952521,0.6364577612963079,0.6495143870644842
fine-tuning,efficientnet_b0,44,sdnet_W,sdnet_W,dentro,411,0.8972277777777778,0.9144568906427853,0.8109965635738832,0,0.8153310104529616,0.7778381563156472,0.788146323542568,0.7943555975118253
fine-tuning,mobilenetv3_small_100,42,metu,metu,dentro,8,1.0,1.0,1.0,0,1.0,1.0,1.0,1.0
fine-tuning,mobilenetv3_small_100,42,metu,sdnet_D,metu_a_sdnet,68,0.6498333333333333,0.6309280705776236,0.4089775561097257,0,0.6666666666666666,0.6199671907829487,0.6430030806319219,0.6630525196300653
fine-tuning,mobilenetv3_small_100,42,metu,sdnet_P,metu_a_sdnet,186,0.7895666666666666,0.7696263189646028,0.685823754789272,0,0.7456556082148499,0.710618890770423,0.7242485448143845,0.7310803860912864
fine-tuning,mobilenetv3_small_100,42,metu,sdnet_W,metu_a_sdnet,104,0.6119777777777778,0.6178098843446266,0.3289817232375979,0,0.6666666666666666,0.6120196834242924,0.6555959196613648,0.6666666666666665
fine-tuning,mobilenetv3_small_100,42,sdnet_D,metu,sdnet_a_metu,551,0.7245611111111112,0.7940101432191085,0.6357894736842106,0,0.6823104693140795,0.6459582138521767,0.6570143373912114,0.6607076263752901
fine-tuning,mobilenetv3_small_100,42,sdnet_D,sdnet_D,dentro,486,0.8821999999999999,0.9079399522082799,0.8061749571183533,0,0.8114478114478114,0.7694836190317145,0.7865423753159465,0.7959283303811201
fine-tuning,mobilenetv3_small_100,42,sdnet_D,sdnet_P,entre_superficie,553,0.6589555555555556,0.7030747204734326,0.45454545454545453,0,0.6681974741676234,0.6179479747091222,0.6360002026567981,0.6472036258191823
fine-tuning,mobilenetv3_small_100,42,sdnet_D,sdnet_W,entre_superficie,537,0.82035,0.8526305427071161,0.6639004149377593,0,0.7521367521367521,0.7077094997620966,0.7208732523455158,0.7288680808334597
fine-tuning,mobilenetv3_small_100,42,sdnet_P,metu,sdnet_a_metu,508,0.9751111111111112,0.9808475837306406,0.9279437609841827,0,0.9425675675675675,0.8988147891092589,0.9246887096893428,0.9308052366899863
fine-tuning,mobilenetv3_small_100,42,sdnet_P,sdnet_D,entre_superficie,537,0.7877333333333334,0.8303503669183411,0.6613545816733067,0,0.7100591715976331,0.6826752367125775,0.6871057666531416,0.6921287363919032
fine-tuning,mobilenetv3_small_100,42,sdnet_P,sdnet_P,dentro,482,0.9268166666666666,0.9356807185947194,0.845360824742268,0,0.85667215815486,0.8275179159651419,0.8347638151469599,0.8404047270272753
fine-tuning,mobilenetv3_small_100,42,sdnet_P,sdnet_W,entre_superficie,555,0.7595611111111111,0.7939802638659248,0.5530973451327433,0,0.7040673211781207,0.6707744301649783,0.6795701049282533,0.6826370006852713
fine-tuning,mobilenetv3_small_100,42,sdnet_W,metu,sdnet_a_metu,587,0.8530555555555556,0.848825245599522,0.7568555758683729,0,0.8044871794871795,0.7670898431766912,0.7821513711079493,0.788752753170872
fine-tuning,mobilenetv3_small_100,42,sdnet_W,sdnet_D,entre_superficie,498,0.8423833333333333,0.8704195018673064,0.7507692307692307,0,0.7580372250423012,0.730245666143828,0.7391430865754023,0.7403907218464633
fine-tuning,mobilenetv3_small_100,42,sdnet_W,sdnet_P,entre_superficie,549,0.7261333333333334,0.7510580494512413,0.6698564593301436,0,0.6987951807228916,0.655096554028915,0.6749218433195547,0.6779658632606566
fine-tuning,mobilenetv3_small_100,42,sdnet_W,sdnet_W,dentro,493,0.9092222222222222,0.9238957690646964,0.8108974358974359,0,0.8258859784283513,0.7920328850823906,0.80581111016182,0.8102574690309869
fine-tuning,mobilenetv3_small_100,43,metu,metu,dentro,18,1.0,1.0,0.998330550918197,0,1.0,0.9934380706953124,0.9940955958023213,0.9950054642038317
fine-tuning,mobilenetv3_small_100,43,metu,sdnet_D,metu_a_sdnet,166,0.6908222222222222,0.688930822406715,0.398989898989899,0,0.6666666666666666,0.6212246369193014,0.6478184786920539,0.6509083101376437
fine-tuning,mobilenetv3_small_100,43,metu,sdnet_P,metu_a_sdnet,213,0.7891833333333333,0.7718244050947765,0.5995717344753747,0,0.735632183908046,0.7036490198605441,0.7177384119354167,0.7218942668597036
fine-tuning,mobilenetv3_small_100,43,metu,sdnet_W,metu_a_sdnet,230,0.72535,0.7597247335754453,0.47029702970297027,0,0.6887755102040817,0.6452308117533405,0.6550161272775935,0.6624393333767046
fine-tuning,mobilenetv3_small_100,43,sdnet_D,metu,sdnet_a_metu,500,0.8605722222222223,0.8994228955203607,0.7920433996383364,0,0.8059701492537313,0.7634734777959937,0.7786883527293589,0.7873921636321873
fine-tuning,mobilenetv3_small_100,43,sdnet_D,sdnet_D,dentro,479,0.8943388888888888,0.9147655961581171,0.8148148148148148,0,0.8177496038034865,0.7855126250233938,0.7998421451156276,0.8038778529470518
fine-tuning,mobilenetv3_small_100,43,sdnet_D,sdnet_P,entre_superficie,528,0.7153333333333334,0.7641865071968591,0.5333333333333333,0,0.6817102137767221,0.6409373873286833,0.6535828865028627,0.6563593045751435
fine-tuning,mobilenetv3_small_100,43,sdnet_D,sdnet_W,entre_superficie,521,0.8240833333333333,0.8622329631993031,0.7272727272727273,1,0.7491525423728813,0.7125907707204324,0.7184248022233599,0.7260271855413578
fine-tuning,mobilenetv3_small_100,43,sdnet_P,metu,sdnet_a_metu,482,0.9876555555555555,0.9897026878264441,0.9540034071550255,0,0.9568106312292359,0.9247721639518741,0.9425297311444547,0.9483618296722591
fine-tuning,mobilenetv3_small_100,43,sdnet_P,sdnet_D,entre_superficie,523,0.7973722222222223,0.8390116577545519,0.6906187624750499,0,0.7282415630550622,0.6943026505175349,0.7033070202920555,0.7072411707699677
fine-tuning,mobilenetv3_small_100,43,sdnet_P,sdnet_P,dentro,465,0.9286944444444445,0.9361814826681862,0.8638655462184874,0,0.8695652173913043,0.8353173002486792,0.849843931236945,0.8529431235226957
fine-tuning,mobilenetv3_small_100,43,sdnet_P,sdnet_W,entre_superficie,537,0.7366611111111112,0.7722639740131046,0.5826086956521739,0,0.7048567870485679,0.6585130309193551,0.6744128799006305,0.6790742066305306
fine-tuning,mobilenetv3_small_100,43,sdnet_W,metu,sdnet_a_metu,538,0.8781333333333333,0.8803189666508582,0.7978533094812165,0,0.8133802816901409,0.7735704215766703,0.7898397759191563,0.7966044141653331
fine-tuning,mobilenetv3_small_100,43,sdnet_W,sdnet_D,entre_superficie,480,0.8411055555555556,0.8716414832139903,0.7561374795417348,0,0.768503937007874,0.7331120746002506,0.7452055983792742,0.7509297688410906
fine-tuning,mobilenetv3_small_100,43,sdnet_W,sdnet_P,entre_superficie,533,0.7863833333333332,0.8194890454628442,0.7014925373134329,0,0.7220543806646526,0.6915291892181362,0.6981259314112372,0.7012725571327857
fine-tuning,mobilenetv3_small_100,43,sdnet_W,sdnet_W,dentro,479,0.900761111111111,0.9202506501805596,0.8297872340425532,0,0.8345323741007195,0.7948847032621258,0.8102707625139978,0.8177597285783089
fine-tuning,mobilenetv3_small_100,44,metu,metu,dentro,19,0.9965277777777778,0.9949889262991976,0.9966666666666667,0,0.9966666666666667,0.9933832331355842,0.9934229739524585,0.9935873633660184
fine-tuning,mobilenetv3_small_100,44,metu,sdnet_D,metu_a_sdnet,74,0.6202833333333333,0.6120964569778784,0.25280898876404495,0,0.6666666666666666,0.6158934883821519,0.6588334342358084,0.6655705300988319
fine-tuning,mobilenetv3_small_100,44,metu,sdnet_P,metu_a_sdnet,220,0.7520833333333333,0.7411001501368,0.5372460496613995,0,0.7155172413793104,0.6737152645652378,0.6887625206979107,0.698244898870545
fine-tuning,mobilenetv3_small_100,44,metu,sdnet_W,metu_a_sdnet,58,0.577811111111111,0.602175972044378,0.22941176470588234,0,0.6666666666666666,0.6496839491970064,0.6666666666666665,0.6666666666666665
fine-tuning,mobilenetv3_small_100,44,sdnet_D,metu,sdnet_a_metu,566,0.7978,0.8400703562682099,0.6638477801268499,0,0.7457627118644068,0.7057784860156283,0.7190697547744866,0.7245306506460873
fine-tuning,mobilenetv3_small_100,44,sdnet_D,sdnet_D,dentro,500,0.8673,0.8961111385111081,0.7889273356401384,0,0.8026315789473685,0.7515296153540603,0.7726930297706858,0.7820434854663911
fine-tuning,mobilenetv3_small_100,44,sdnet_D,sdnet_P,entre_superficie,412,0.6672,0.7355987947065139,0.4940047961630695,0,0.6666666666666666,0.6054480030582196,0.6254904284034766,0.6404190873818453
fine-tuning,mobilenetv3_small_100,44,sdnet_D,sdnet_W,entre_superficie,540,0.7882388888888889,0.8314307146811115,0.6612244897959184,0,0.7172995780590717,0.6823870545748175,0.6925272768608991,0.693960525423184
fine-tuning,mobilenetv3_small_100,44,sdnet_P,metu,sdnet_a_metu,452,0.987461111111111,0.9904222555284486,0.9517241379310345,0,0.9632107023411371,0.9292751397184205,0.9469009191765145,0.9524880306113332
fine-tuning,mobilenetv3_small_100,44,sdnet_P,sdnet_D,entre_superficie,544,0.7840222222222222,0.8210848834070783,0.5866666666666667,0,0.7151515151515152,0.6815821616742308,0.6921052909853332,0.69407664491494
fine-tuning,mobilenetv3_small_100,44,sdnet_P,sdnet_P,dentro,462,0.9293111111111111,0.9416505049400199,0.8586387434554974,0,0.8635578583765112,0.8285566439715554,0.8416890716416701,0.8453209749458382
fine-tuning,mobilenetv3_small_100,44,sdnet_P,sdnet_W,entre_superficie,521,0.6528888888888889,0.7109022966423861,0.536036036036036,0,0.6666666666666666,0.6123127482834971,0.6314434089555362,0.6389275129022098
fine-tuning,mobilenetv3_small_100,44,sdnet_W,metu,sdnet_a_metu,567,0.7968277777777778,0.8158339989361982,0.7014925373134329,0,0.7321131447587355,0.6990464948639945,0.7058725773207378,0.7101878178193735
fine-tuning,mobilenetv3_small_100,44,sdnet_W,sdnet_D,entre_superficie,497,0.8346722222222223,0.8610865680681253,0.7482758620689656,0,0.7598566308243727,0.7265424951915526,0.7349358782077858,0.740563161841269
fine-tuning,mobilenetv3_small_100,44,sdnet_W,sdnet_P,entre_superficie,559,0.7362166666666667,0.770727448722061,0.657243816254417,1,0.7009063444108762,0.6604483690734496,0.6720835189241796,0.6797519138458964
fine-tuning,mobilenetv3_small_100,44,sdnet_W,sdnet_W,dentro,491,0.9013222222222222,0.9215744706185136,0.8106194690265487,0,0.8154657293497364,0.782470408199548,0.7948538833216803,0.7990798352649648
fine-tuning,resnet18,42,metu,metu,dentro,532,1.0,1.0,1.0,0,1.0,0.9495881843708349,0.9807292399762397,0.9895002689128944
fine-tuning,resnet18,42,metu,sdnet_D,metu_a_sdnet,548,0.6837666666666666,0.7193590766774391,0.32360742705570295,0,0.667433831990794,0.6281649083815993,0.6429319982665143,0.6473622740947741
fine-tuning,resnet18,42,metu,sdnet_P,metu_a_sdnet,585,0.8191833333333334,0.8180872728341126,0.7150837988826816,0,0.7643097643097643,0.72623771178494,0.743891868780718,0.7490042193612991
fine-tuning,resnet18,42,metu,sdnet_W,metu_a_sdnet,558,0.6203333333333333,0.6778847085194911,0.31232876712328766,0,0.668918918918919,0.6160812892827786,0.6349971585084542,0.6496761972478882
fine-tuning,resnet18,42,sdnet_D,metu,sdnet_a_metu,592,0.8674388888888889,0.8497190430678885,0.7715355805243446,0,0.8121212121212121,0.7842342954118803,0.7929873321493247,0.7949306172176642
fine-tuning,resnet18,42,sdnet_D,sdnet_D,dentro,580,0.8700888888888889,0.8965084832752124,0.7965217391304348,0,0.8063943161634103,0.7721086343992195,0.7830948082002567,0.7872308105155694
fine-tuning,resnet18,42,sdnet_D,sdnet_P,entre_superficie,578,0.8284722222222223,0.863610278173577,0.6094808126410836,0,0.7661691542288557,0.7268829966285232,0.7387870808292025,0.7451197922255823
fine-tuning,resnet18,42,sdnet_D,sdnet_W,entre_superficie,584,0.8342,0.8706199985912805,0.7078189300411523,0,0.768976897689769,0.7307689984521923,0.7425064559691853,0.7502230677182999
fine-tuning,resnet18,42,sdnet_P,metu,sdnet_a_metu,580,0.9857555555555555,0.986090054938934,0.9367521367521368,0,0.956953642384106,0.9185515592157572,0.9384487419211678,0.9465551563384024
fine-tuning,resnet18,42,sdnet_P,sdnet_D,entre_superficie,559,0.8332833333333334,0.8663000402744516,0.717741935483871,0,0.7760683760683761,0.7368564263561724,0.749052276598586,0.7568949157710384
fine-tuning,resnet18,42,sdnet_P,sdnet_P,dentro,579,0.9410888888888888,0.9362393154157456,0.8682432432432432,0,0.8802588996763754,0.8466060114193232,0.8606628721569013,0.8660467465001318
fine-tuning,resnet18,42,sdnet_P,sdnet_W,entre_superficie,567,0.725988888888889,0.779343517966574,0.594017094017094,0,0.6901579586877278,0.6468055050250693,0.6598159342590018,0.6634260126596803
fine-tuning,resnet18,42,sdnet_W,metu,sdnet_a_metu,587,0.9168111111111111,0.8944228280602518,0.8459016393442623,0,0.8660436137071651,0.8238190195658035,0.8419457371685029,0.8507961396666103
fine-tuning,resnet18,42,sdnet_W,sdnet_D,entre_superficie,585,0.8422111111111111,0.8663022366693567,0.7697368421052632,0,0.7795031055900621,0.7308658607671462,0.7495998276367566,0.7598543995474594
fine-tuning,resnet18,42,sdnet_W,sdnet_P,entre_superficie,588,0.8557277777777779,0.8644257755854908,0.78125,0,0.7864768683274022,0.7458292139278333,0.7648098612245104,0.7699409809602094
fine-tuning,resnet18,42,sdnet_W,sdnet_W,dentro,591,0.9323444444444444,0.944303174226776,0.8541300527240774,0,0.8541300527240774,0.8273325354695709,0.8339611113572875,0.8372161355096287
fine-tuning,resnet18,43,metu,metu,dentro,562,1.0,1.0,1.0,0,1.0,0.9500438042455592,0.9791402512118417,0.9903471834965627
fine-tuning,resnet18,43,metu,sdnet_D,metu_a_sdnet,563,0.7339055555555554,0.7558477025261204,0.39086294416243655,0,0.693069306930693,0.6554062732443555,0.6681475754383668,0.6727149889777614
fine-tuning,resnet18,43,metu,sdnet_P,metu_a_sdnet,591,0.8304888888888888,0.8245685314145221,0.7129094412331407,0,0.7617647058823529,0.7295049666437575,0.742736403441307,0.744989875602561
fine-tuning,resnet18,43,metu,sdnet_W,metu_a_sdnet,561,0.6598722222222222,0.7153446556120868,0.3776595744680851,0,0.6697142857142857,0.6205324017701574,0.6379352483192311,0.6533008459487383
fine-tuning,resnet18,43,sdnet_D,metu,sdnet_a_metu,583,0.9051055555555555,0.9013922097252741,0.867862969004894,0,0.8731466227347611,0.8351892192905258,0.854102694941362,0.860190320323374
fine-tuning,resnet18,43,sdnet_D,sdnet_D,dentro,584,0.895938888888889,0.9171430939000481,0.8170940170940171,0,0.8231292517006803,0.7917559060094213,0.8019612136831347,0.8045456111152557
fine-tuning,resnet18,43,sdnet_D,sdnet_P,entre_superficie,587,0.8403611111111111,0.864430653377452,0.6666666666666666,0,0.7781456953642384,0.7433138895972681,0.7611679753517998,0.7623257093065899
fine-tuning,resnet18,43,sdnet_D,sdnet_W,entre_superficie,581,0.8183888888888888,0.8629932238959144,0.708502024291498,0,0.7545126353790613,0.7167864326375873,0.7263967000680883,0.731337708953142
fine-tuning,resnet18,43,sdnet_P,metu,sdnet_a_metu,575,0.9948111111111111,0.9948895610116928,0.9712351945854484,0,0.9817578772802653,0.9367155640993705,0.9623698980681477,0.9718840695200122
fine-tuning,resnet18,43,sdnet_P,sdnet_D,entre_superficie,581,0.8495166666666667,0.8686499687656324,0.7398843930635838,0,0.7836065573770492,0.7460357381923077,0.7581781732374023,0.7654909895328744
fine-tuning,resnet18,43,sdnet_P,sdnet_P,dentro,580,0.9461277777777777,0.9450413901750194,0.8771331058020477,0,0.8852988691437803,0.8509183207342104,0.8631117271421451,0.8692503359862788
fine-tuning,resnet18,43,sdnet_P,sdnet_W,entre_superficie,578,0.7567111111111111,0.8113233471222175,0.6454352441613588,0,0.6910299003322259,0.6568149928153728,0.6685577789032364,0.6684399947720118
fine-tuning,resnet18,43,sdnet_W,metu,sdnet_a_metu,589,0.9390222222222222,0.9259728946760375,0.884310618066561,0,0.889967637540453,0.8544050748025463,0.8707592859890991,0.8770128172063778
fine-tuning,resnet18,43,sdnet_W,sdnet_D,entre_superficie,586,0.8500777777777777,0.8704351911734125,0.7721088435374149,0,0.7874015748031497,0.7472431695832714,0.761631444394103,0.7660119247574554
fine-tuning,resnet18,43,sdnet_W,sdnet_P,entre_superficie,587,0.8654666666666666,0.8719373829991643,0.7646017699115044,0,0.8062992125984252,0.7669711125348926,0.7820141394159517,0.7899887727109197
fine-tuning,resnet18,43,sdnet_W,sdnet_W,dentro,579,0.9219833333333334,0.9315985800758679,0.8600682593856656,0,0.8601036269430051,0.8191581596791573,0.8335832627482902,0.8443276524267267
fine-tuning,resnet18,44,metu,metu,dentro,534,1.0,1.0000000000000002,0.9983361064891847,0,1.0,0.944338402888858,0.9803550515569319,0.9897476173473412
fine-tuning,resnet18,44,metu,sdnet_D,metu_a_sdnet,543,0.6553666666666667,0.6881867291161041,0.31016042780748665,0,0.6674132138857782,0.6235069537790342,0.636180011685183,0.6427825738691597
fine-tuning,resnet18,44,metu,sdnet_P,metu_a_sdnet,590,0.8018388888888889,0.7732838907338521,0.6586826347305389,0,0.7464387464387464,0.7058945741117962,0.7179401611249923,0.7286595608351479
fine-tuning,resnet18,44,metu,sdnet_W,metu_a_sdnet,558,0.6470833333333332,0.7019356727934402,0.3025210084033613,0,0.6728538283062645,0.6108946853651193,0.6450106414710036,0.6521361377261072
fine-tuning,resnet18,44,sdnet_D,metu,sdnet_a_metu,586,0.8664722222222222,0.8818285506914636,0.7838827838827839,0,0.8171334431630972,0.7792324149479783,0.7915123305701147,0.7956974916942309
fine-tuning,resnet18,44,sdnet_D,sdnet_D,dentro,586,0.8961666666666667,0.9086931276942469,0.8118811881188119,0,0.8266199649737302,0.7915779821531065,0.8059168550128338,0.8109857656845817
fine-tuning,resnet18,44,sdnet_D,sdnet_P,entre_superficie,585,0.7662055555555556,0.8004155935630696,0.48157248157248156,0,0.7209705372616985,0.6725107313253278,0.6899355542084521,0.6955440248753932
fine-tuning,resnet18,44,sdnet_D,sdnet_W,entre_superficie,574,0.8301777777777778,0.8664931865306638,0.7307692307692307,0,0.7521968365553603,0.7182893668715303,0.7297954941027993,0.7333229842582195
fine-tuning,resnet18,44,sdnet_P,metu,sdnet_a_metu,574,0.9957666666666667,0.9961470048987854,0.9657534246575342,0,0.9766666666666667,0.9365214439229979,0.9621687354718244,0.9674236880895073
fine-tuning,resnet18,44,sdnet_P,sdnet_D,entre_superficie,574,0.7949055555555556,0.8291211899680297,0.6626016260162602,0,0.7378048780487805,0.7021747509096034,0.7073477516003633,0.7156013050825739
fine-tuning,resnet18,44,sdnet_P,sdnet_P,dentro,585,0.9433277777777778,0.9389107365495762,0.8758389261744967,0,0.8859504132231405,0.8514018612044211,0.8637784838509701,0.8706971490402377
fine-tuning,resnet18,44,sdnet_P,sdnet_W,entre_superficie,556,0.7908944444444445,0.8284731800510591,0.5576036866359447,0,0.727802037845706,0.693576329344385,0.7017856029475316,0.7060366343634519
fine-tuning,resnet18,44,sdnet_W,metu,sdnet_a_metu,589,0.9118277777777779,0.9004112416868443,0.847972972972973,0,0.8687196110210696,0.828057716454345,0.848920003185096,0.8577379921524491
fine-tuning,resnet18,44,sdnet_W,sdnet_D,entre_superficie,587,0.8439666666666668,0.87058127826139,0.7568438003220612,0,0.7692307692307693,0.7331007055320589,0.7459802889871849,0.7479571308443235
fine-tuning,resnet18,44,sdnet_W,sdnet_P,entre_superficie,584,0.8598833333333333,0.8637507873162937,0.7884940778341794,0,0.7946127946127947,0.7568250584934756,0.7674301540342909,0.7750073019534166
fine-tuning,resnet18,44,sdnet_W,sdnet_W,dentro,593,0.9179666666666666,0.9265906233106868,0.8266199649737302,0,0.8346972176759411,0.7994592308596197,0.8165461752790186,0.8204857038267224
fine-tuning,vit_tiny_patch16_224,42,metu,metu,dentro,397,0.9999,0.9999029126213593,0.998330550918197,0,0.998330550918197,0.9521582717446716,0.9797288055208913,0.9869022236386489
fine-tuning,vit_tiny_patch16_224,42,metu,sdnet_D,metu_a_sdnet,374,0.6953944444444444,0.6650547486234697,0.35475578406169667,0,0.6863270777479893,0.6558947710991572,0.6617113019620975,0.666291232428503
fine-tuning,vit_tiny_patch16_224,42,metu,sdnet_P,metu_a_sdnet,556,0.7975666666666668,0.7561366687089861,0.6540642722117203,0,0.7792592592592592,0.7308936578168117,0.7550539220481594,0.7640221721998072
fine-tuning,vit_tiny_patch16_224,42,metu,sdnet_W,metu_a_sdnet,439,0.5834388888888888,0.6696031747144162,0.36314363143631434,0,0.6666666666666666,0.5937164900303863,0.6271132457035614,0.6492394750155652
fine-tuning,vit_tiny_patch16_224,42,sdnet_D,metu,sdnet_a_metu,587,0.5859722222222222,0.703911117622294,0.5701943844492441,0,0.6666666666666666,0.5903658182598825,0.622807133268142,0.6415983356454251
fine-tuning,vit_tiny_patch16_224,42,sdnet_D,sdnet_D,dentro,532,0.8705611111111111,0.9049920319736184,0.7956600361663653,0,0.8080133555926544,0.7721728720663406,0.782295155294905,0.78985878827427
fine-tuning,vit_tiny_patch16_224,42,sdnet_D,sdnet_P,entre_superficie,560,0.7426777777777778,0.8100991928709809,0.684,0,0.7073170731707317,0.6649809175925224,0.6768690681953058,0.6815835136910365
fine-tuning,vit_tiny_patch16_224,42,sdnet_D,sdnet_W,entre_superficie,572,0.8401444444444446,0.8728396054936465,0.7105788423153693,0,0.7775891341256367,0.7358668542278032,0.750296458294155,0.7563634245430361
fine-tuning,vit_tiny_patch16_224,42,sdnet_P,metu,sdnet_a_metu,538,0.9897111111111111,0.9895383286739172,0.9536423841059603,0,0.9549248747913188,0.921905575867308,0.9381801079897286,0.9443552860006935
fine-tuning,vit_tiny_patch16_224,42,sdnet_P,sdnet_D,entre_superficie,551,0.8648888888888889,0.8909463949739196,0.7751371115173674,0,0.7920133111480865,0.7582776920975997,0.7698994226324046,0.7725746722007648
fine-tuning,vit_tiny_patch16_224,42,sdnet_P,sdnet_P,dentro,500,0.9433888888888888,0.9496674137120253,0.8685524126455907,0,0.8712871287128713,0.8374522630937876,0.8494403658567851,0.855350139754366
fine-tuning,vit_tiny_patch16_224,42,sdnet_P,sdnet_W,entre_superficie,553,0.8236111111111111,0.8500819777700706,0.6625766871165644,0,0.7534626038781164,0.7108830889963224,0.7270263330643317,0.7289520885849605
fine-tuning,vit_tiny_patch16_224,42,sdnet_W,metu,sdnet_a_metu,578,0.8900499999999999,0.896276326724037,0.7653846153846153,0,0.8262195121951219,0.7936773413333217,0.8041472337969793,0.8080861488034907
fine-tuning,vit_tiny_patch16_224,42,sdnet_W,sdnet_D,entre_superficie,526,0.8441277777777777,0.8761356373177882,0.75,0,0.7799352750809061,0.7322132447221259,0.7497570459783802,0.7597895939749182
fine-tuning,vit_tiny_patch16_224,42,sdnet_W,sdnet_P,entre_superficie,569,0.8122944444444444,0.840649666755929,0.7254901960784313,0,0.7384615384615385,0.7019465615980148,0.7170646296006439,0.7211049329379904
fine-tuning,vit_tiny_patch16_224,42,sdnet_W,sdnet_W,dentro,545,0.9051944444444444,0.9276693728064529,0.829443447037702,0,0.8512110726643599,0.7919528969642888,0.8195215457614915,0.8298124418541026
fine-tuning,vit_tiny_patch16_224,43,metu,metu,dentro,212,1.0,1.0,0.998330550918197,0,1.0,0.9526255285144373,0.9745862586435595,0.9882365878691859
fine-tuning,vit_tiny_patch16_224,43,metu,sdnet_D,metu_a_sdnet,298,0.7000944444444445,0.6839613973183061,0.328042328042328,0,0.6904458598726114,0.6508402841205694,0.665821492097619,0.6727485783529707
fine-tuning,vit_tiny_patch16_224,43,metu,sdnet_P,metu_a_sdnet,525,0.8240833333333334,0.823003528675738,0.7407407407407407,0,0.76875,0.7367449613188057,0.7466617650526836,0.7510461233530856
fine-tuning,vit_tiny_patch16_224,43,metu,sdnet_W,metu_a_sdnet,413,0.5736722222222223,0.6580438105277837,0.34877384196185285,0,0.6666666666666666,0.5930936280568885,0.6358904990492295,0.6526101546891593
fine-tuning,vit_tiny_patch16_224,43,sdnet_D,metu,sdnet_a_metu,597,0.5967555555555556,0.7384274415964461,0.6370967741935484,0,0.6666666666666666,0.6123393680405563,0.631418309909931,0.6383399430385148
fine-tuning,vit_tiny_patch16_224,43,sdnet_D,sdnet_D,dentro,588,0.8839666666666666,0.9099772871227173,0.8096885813148789,0,0.8333333333333334,0.7907462377543705,0.8085682322287387,0.814315980520162
fine-tuning,vit_tiny_patch16_224,43,sdnet_D,sdnet_P,entre_superficie,592,0.7663388888888889,0.8239005153253943,0.7237076648841355,0,0.7318840579710145,0.6860521229428378,0.707014222070226,0.7135974657384694
fine-tuning,vit_tiny_patch16_224,43,sdnet_D,sdnet_W,entre_superficie,583,0.8168333333333333,0.8511914854732836,0.708171206225681,0,0.7445255474452555,0.706154425465186,0.7175887386473633,0.7245146610013019
fine-tuning,vit_tiny_patch16_224,43,sdnet_P,metu,sdnet_a_metu,587,0.9957666666666667,0.9959865602414759,0.9640522875816994,0,0.9750415973377704,0.9381078429823597,0.9592834529679493,0.9656406866540381
fine-tuning,vit_tiny_patch16_224,43,sdnet_P,sdnet_D,entre_superficie,585,0.8061111111111111,0.8442301622278146,0.6584867075664622,0,0.752755905511811,0.7123880873819813,0.7256896484259349,0.7339519031903076
fine-tuning,vit_tiny_patch16_224,43,sdnet_P,sdnet_P,dentro,580,0.8980333333333335,0.9114861385025692,0.8076923076923077,0,0.8224,0.7864926385329923,0.8032715732692214,0.8049712986844235
fine-tuning,vit_tiny_patch16_224,43,sdnet_P,sdnet_W,entre_superficie,586,0.749038888888889,0.7785972964540686,0.5620915032679739,0,0.7233468286099866,0.6665321785328793,0.6892643472983638,0.7059822515545962
fine-tuning,vit_tiny_patch16_224,43,sdnet_W,metu,sdnet_a_metu,565,0.9242333333333332,0.9256100256888046,0.8342245989304813,0,0.8762214983713354,0.8438995664779695,0.8558783511784808,0.8619303372597201
fine-tuning,vit_tiny_patch16_224,43,sdnet_W,sdnet_D,entre_superficie,492,0.8568222222222223,0.8861985892654882,0.7394270122783083,0,0.7829313543599258,0.7472734908240362,0.7577580267978611,0.7638558070971814
fine-tuning,vit_tiny_patch16_224,43,sdnet_W,sdnet_P,entre_superficie,538,0.8378999999999999,0.8567171629271302,0.7489239598278336,0,0.7640449438202247,0.7300162995189652,0.7434218836979869,0.746236788653782
fine-tuning,vit_tiny_patch16_224,43,sdnet_W,sdnet_W,dentro,508,0.917088888888889,0.9338226741625281,0.8164556962025317,0,0.8421052631578947,0.8040110522980554,0.8155731095034829,0.822346107806236
fine-tuning,vit_tiny_patch16_224,44,metu,metu,dentro,152,1.0,1.0,0.998330550918197,0,1.0,0.9517057337360558,0.9824006008966367,0.9909215678545774
fine-tuning,vit_tiny_patch16_224,44,metu,sdnet_D,metu_a_sdnet,208,0.6715555555555556,0.6482541244487684,0.2699724517906336,0,0.6769964243146603,0.6315119469462296,0.6532628153140749,0.6593037272780102
fine-tuning,vit_tiny_patch16_224,44,metu,sdnet_P,metu_a_sdnet,426,0.7922444444444445,0.739439574292675,0.7111913357400722,0,0.7649635036496351,0.7231953563822685,0.7450580027091853,0.7481689383068119
fine-tuning,vit_tiny_patch16_224,44,metu,sdnet_W,metu_a_sdnet,244,0.5700944444444445,0.659489207063163,0.3064066852367688,0,0.6666666666666666,0.6001684918779769,0.6376682124901918,0.6584402751475303
fine-tuning,vit_tiny_patch16_224,44,sdnet_D,metu,sdnet_a_metu,596,0.5263500000000001,0.6533535071268373,0.496,0,0.668903803131991,0.5924847414157003,0.6441351060777485,0.6575822657476994
fine-tuning,vit_tiny_patch16_224,44,sdnet_D,sdnet_D,dentro,582,0.8660444444444445,0.893509311588043,0.7848537005163512,0,0.7968503937007874,0.7574947419188243,0.7734673412738369,0.7788237414061837
fine-tuning,vit_tiny_patch16_224,44,sdnet_D,sdnet_P,entre_superficie,594,0.7907555555555554,0.832437151278802,0.7137681159420289,0,0.7303543913713405,0.6945471620758508,0.7072570638083824,0.7104769372223165
fine-tuning,vit_tiny_patch16_224,44,sdnet_D,sdnet_W,entre_superficie,596,0.8125833333333334,0.8390889125930663,0.6335403726708074,0,0.7586206896551724,0.706483808462159,0.7257580667686184,0.7355307582982407
fine-tuning,vit_tiny_patch16_224,44,sdnet_P,metu,sdnet_a_metu,590,0.9801333333333334,0.9768780055142954,0.9388429752066115,0,0.9405940594059405,0.9051971231860912,0.927357003829461,0.9308810823704582
fine-tuning,vit_tiny_patch16_224,44,sdnet_P,sdnet_D,entre_superficie,583,0.8570333333333334,0.8837100511400853,0.7251908396946565,0,0.7986688851913477,0.7582284211290303,0.7811468130690494,0.7849055727100216
fine-tuning,vit_tiny_patch16_224,44,sdnet_P,sdnet_P,dentro,589,0.9292277777777778,0.9394626582284059,0.8571428571428571,0,0.8599033816425121,0.8273623604554726,0.8412662059559591,0.8470105409210271
fine-tuning,vit_tiny_patch16_224,44,sdnet_P,sdnet_W,entre_superficie,585,0.7958888888888889,0.8230483321693786,0.6653543307086615,0,0.7227866473149492,0.6904148139063531,0.7013717058174953,0.7045280875459309
fine-tuning,vit_tiny_patch16_224,44,sdnet_W,metu,sdnet_a_metu,595,0.6591222222222222,0.7393454489487015,0.5851528384279476,0,0.6734463276836158,0.614938000388637,0.6342275522452431,0.6438919733593552
fine-tuning,vit_tiny_patch16_224,44,sdnet_W,sdnet_D,entre_superficie,582,0.8155444444444445,0.839540910580322,0.7160161507402423,0,0.7611202635914333,0.7224230477050597,0.730762961844759,0.737900950689663
fine-tuning,vit_tiny_patch16_224,44,sdnet_W,sdnet_P,entre_superficie,595,0.8158611111111111,0.8374367337383577,0.7428571428571429,0,0.752411575562701,0.7142742106433753,0.7291503263382637,0.7329457620663027
fine-tuning,vit_tiny_patch16_224,44,sdnet_W,sdnet_W,dentro,578,0.8993444444444445,0.9178820584832044,0.8083623693379791,0,0.8177496038034865,0.7879904678385847,0.7989761277455075,0.8009909107058752
linear probe,efficientnet_b0,42,metu,metu,dentro,584,0.9999999999999999,1.0,1.0,0,1.0,0.9489364099083883,0.979257532755781,0.9906280643136472
linear probe,efficientnet_b0,42,metu,sdnet_D,metu_a_sdnet,577,0.7664722222222223,0.7490327471352347,0.281767955801105,0,0.7324414715719063,0.6948833882898933,0.7071648373572623,0.7145252695217362
linear probe,efficientnet_b0,42,metu,sdnet_P,metu_a_sdnet,600,0.8232777777777778,0.7982433566604593,0.7161410018552876,0,0.7729468599033816,0.7355088637737509,0.7515125902318585,0.7545193861781826
linear probe,efficientnet_b0,42,metu,sdnet_W,metu_a_sdnet,589,0.6615944444444444,0.6980649352473587,0.2776203966005666,0,0.6790582403965304,0.6319500601685109,0.6518774818726975,0.662065781384259
linear probe,efficientnet_b0,42,sdnet_D,metu,sdnet_a_metu,600,0.9360222222222222,0.9466418146832203,0.869983948635634,0,0.8828522920203735,0.8550311708243987,0.864209926643138,0.869509102543569
linear probe,efficientnet_b0,42,sdnet_D,sdnet_D,dentro,598,0.8870777777777777,0.9083089009297735,0.8,0,0.8156996587030717,0.7782149183215202,0.794583249613129,0.7974915041532913
linear probe,efficientnet_b0,42,sdnet_D,sdnet_P,entre_superficie,600,0.7963666666666666,0.8249690542377257,0.6455696202531646,0,0.7317073170731707,0.6974798106827346,0.7073650883316576,0.7099114405364625
linear probe,efficientnet_b0,42,sdnet_D,sdnet_W,entre_superficie,599,0.8703666666666665,0.8985071494480388,0.736,0,0.8019017432646592,0.7624765584732522,0.7776084228974625,0.7841935112984111
linear probe,efficientnet_b0,42,sdnet_P,metu,sdnet_a_metu,595,0.9980888888888888,0.9981491575326827,0.9565217391304348,0,0.9818181818181818,0.9447394481539613,0.967710161066229,0.974846364498018
linear probe,efficientnet_b0,42,sdnet_P,sdnet_D,entre_superficie,599,0.8399833333333333,0.86533742208568,0.7476979742173112,0,0.7633587786259542,0.7338214840308223,0.7426271440434334,0.7456475112303863
linear probe,efficientnet_b0,42,sdnet_P,sdnet_P,dentro,599,0.9398222222222222,0.944643388932021,0.856655290102389,0,0.8760064412238325,0.8451531886575936,0.8547159988786095,0.8601314939761023
linear probe,efficientnet_b0,42,sdnet_P,sdnet_W,entre_superficie,598,0.8184444444444444,0.8512907744909631,0.6098654708520179,0,0.7466216216216216,0.7097918302704442,0.7239861860193461,0.7280590544852967
linear probe,efficientnet_b0,42,sdnet_W,metu,sdnet_a_metu,599,0.9340666666666667,0.9413071504900838,0.8553654743390358,0,0.8844221105527639,0.8474036885110807,0.8631648862194586,0.8697985534482768
linear probe,efficientnet_b0,42,sdnet_W,sdnet_D,entre_superficie,596,0.8452111111111111,0.8749471248116618,0.7182044887780549,0,0.7779690189328744,0.7339037860342458,0.7478105523458097,0.7551562563310544
linear probe,efficientnet_b0,42,sdnet_W,sdnet_P,entre_superficie,600,0.8345222222222222,0.8580538545717451,0.7453769559032717,0,0.7583892617449665,0.7189768308558788,0.7344002740202863,0.7387001567594191
linear probe,efficientnet_b0,42,sdnet_W,sdnet_W,dentro,595,0.9306444444444444,0.942144713033785,0.856655290102389,0,0.863406408094435,0.8267217533869868,0.8422077479114227,0.8488801548326573
linear probe,efficientnet_b0,43,metu,metu,dentro,578,1.0,1.0,1.0,0,1.0,0.9491463746015353,0.9784130103986374,0.9900124905112423
linear probe,efficientnet_b0,43,metu,sdnet_D,metu_a_sdnet,576,0.7614444444444445,0.7434923543067877,0.29041095890410956,0,0.7278797996661102,0.6931552502775261,0.7056051679430402,0.7095253803759765
linear probe,efficientnet_b0,43,metu,sdnet_P,metu_a_sdnet,599,0.8201,0.7938109785115285,0.7116104868913857,0,0.7717041800643086,0.7346215477968309,0.745812430231853,0.7549081249120922
linear probe,efficientnet_b0,43,metu,sdnet_W,metu_a_sdnet,588,0.6583722222222222,0.6960596262712586,0.2808988764044944,0,0.6780072904009721,0.6256712296042314,0.647213614430751,0.6629303258331112
linear probe,efficientnet_b0,43,sdnet_D,metu,sdnet_a_metu,600,0.9333,0.9451338730361152,0.8719611021069692,0,0.8797250859106529,0.8443046374052544,0.8654724181825212,0.8673942776730107
linear probe,efficientnet_b0,43,sdnet_D,sdnet_D,dentro,600,0.8860111111111111,0.9071076054510647,0.8014705882352942,0,0.8148148148148148,0.7766191113006771,0.7916307063758425,0.7946406759258992
linear probe,efficientnet_b0,43,sdnet_D,sdnet_P,entre_superficie,600,0.7892444444444445,0.8194364558073948,0.6266094420600858,0,0.7237237237237237,0.6952749853570469,0.7006609788756646,0.7038725012898656
linear probe,efficientnet_b0,43,sdnet_D,sdnet_W,entre_superficie,600,0.8702222222222222,0.8979707040202337,0.7280163599182005,0,0.8,0.763957636248154,0.7741092742986343,0.7807868287234121
linear probe,efficientnet_b0,43,sdnet_P,metu,sdnet_a_metu,597,0.9989,0.9989325620979959,0.9660743134087237,0,0.9866220735785953,0.9483810791639385,0.9682844596074444,0.9759054149495054
linear probe,efficientnet_b0,43,sdnet_P,sdnet_D,entre_superficie,599,0.8346777777777779,0.8606939056167533,0.7334593572778828,0,0.7588532883642496,0.73427263168817,0.738460418614863,0.7425227789711414
linear probe,efficientnet_b0,43,sdnet_P,sdnet_P,dentro,600,0.9351,0.9410060660930966,0.8446771378708552,0,0.8715447154471545,0.8392116612335712,0.8513506018029028,0.853823445503593
linear probe,efficientnet_b0,43,sdnet_P,sdnet_W,entre_superficie,597,0.8172388888888888,0.8500662933428136,0.5871559633027523,0,0.7511591962905718,0.7082795903825114,0.7244637935859095,0.7283705092556109
linear probe,efficientnet_b0,43,sdnet_W,metu,sdnet_a_metu,600,0.9247888888888889,0.9331499444967999,0.856687898089172,0,0.8639455782312925,0.8287711576662196,0.8465464550567393,0.8498368803452638
linear probe,efficientnet_b0,43,sdnet_W,sdnet_D,entre_superficie,598,0.8466888888888889,0.8768068945447858,0.7253333333333334,0,0.7776,0.7427043631552945,0.7529191846263806,0.7603534481916919
linear probe,efficientnet_b0,43,sdnet_W,sdnet_P,entre_superficie,599,0.832988888888889,0.8561299344721829,0.7459138187221397,0,0.7567567567567568,0.7219438348016937,0.7320666204648347,0.7360151559691624
linear probe,efficientnet_b0,43,sdnet_W,sdnet_W,dentro,592,0.9313777777777776,0.9426284429353544,0.856637168141593,0,0.8682432432432432,0.826245838544924,0.8460287949782077,0.8526659823147237
linear probe,efficientnet_b0,44,metu,metu,dentro,576,1.0,1.0,1.0,0,1.0,0.9515186751072098,0.978928121152729,0.9892033340334355
linear probe,efficientnet_b0,44,metu,sdnet_D,metu_a_sdnet,589,0.7657944444444444,0.7470089270422036,0.27624309392265195,0,0.7307692307692307,0.6964041242747636,0.7048169281869698,0.7097904488821172
linear probe,efficientnet_b0,44,metu,sdnet_P,metu_a_sdnet,600,0.8245888888888889,0.8004942922531886,0.7219152854511971,0,0.7766990291262136,0.738500256930783,0.75534386434435,0.7584396037783782
linear probe,efficientnet_b0,44,metu,sdnet_W,metu_a_sdnet,594,0.6613722222222223,0.6986217163142785,0.2801120448179272,0,0.6827503015681544,0.6239729747158739,0.6561745159723538,0.6648087260152442
linear probe,efficientnet_b0,44,sdnet_D,metu,sdnet_a_metu,600,0.9301333333333334,0.9446699060248901,0.861244019138756,0,0.8795986622073578,0.8377954839172671,0.8577400510351013,0.8628408931334399
linear probe,efficientnet_b0,44,sdnet_D,sdnet_D,dentro,600,0.8797555555555555,0.9006615948150367,0.7950089126559715,0,0.8033613445378152,0.769749736134049,0.7824659275065458,0.7841788544338729
linear probe,efficientnet_b0,44,sdnet_D,sdnet_P,entre_superficie,600,0.7927666666666666,0.823579983935987,0.6639344262295082,0,0.7305389221556886,0.6966456811900494,0.70571197971684,0.7093586075277186
linear probe,efficientnet_b0,44,sdnet_D,sdnet_W,entre_superficie,600,0.8707333333333334,0.8980177067607356,0.74,0,0.8092868988391376,0.7614918181771894,0.7813440974893947,0.791773296991218
linear probe,efficientnet_b0,44,sdnet_P,metu,sdnet_a_metu,595,0.9992222222222222,0.9992283114884477,0.974025974025974,0,0.9866666666666667,0.9463901188518743,0.9747187678628348,0.9789455014898487
linear probe,efficientnet_b0,44,sdnet_P,sdnet_D,entre_superficie,600,0.8348222222222221,0.8591018995315471,0.7424242424242424,0,0.7598566308243727,0.7290089341954108,0.7389807260522994,0.7433307083245839
linear probe,efficientnet_b0,44,sdnet_P,sdnet_P,dentro,598,0.9356333333333333,0.9411405935020298,0.8492201039861352,0,0.8705501618122977,0.8328939617124618,0.8498033451195671,0.8534230648554257
linear probe,efficientnet_b0,44,sdnet_P,sdnet_W,entre_superficie,599,0.8118722222222223,0.846760176454785,0.5949656750572082,0,0.7424242424242424,0.7002399710750538,0.7137073490082128,0.7211902283598272
linear probe,efficientnet_b0,44,sdnet_W,metu,sdnet_a_metu,599,0.9259444444444445,0.9390806276816125,0.8421052631578947,0,0.8777219430485762,0.8337349749244112,0.8549646725362477,0.8630161820215676
linear probe,efficientnet_b0,44,sdnet_W,sdnet_D,entre_superficie,599,0.8197111111111112,0.8547449604847216,0.6903914590747331,0,0.7466216216216216,0.7096223851575687,0.7193927556080771,0.7251034945913694
linear probe,efficientnet_b0,44,sdnet_W,sdnet_P,entre_superficie,600,0.7932888888888888,0.8237789387074899,0.7018970189701897,0,0.7254901960784313,0.688955725739571,0.6997680626590883,0.7041791456689731
linear probe,efficientnet_b0,44,sdnet_W,sdnet_W,dentro,599,0.9223055555555556,0.9357395875786682,0.847457627118644,0,0.8556521739130435,0.8129315991686833,0.8367959156647666,0.8377929665134122
linear probe,mobilenetv3_small_100,42,metu,metu,dentro,599,1.0,1.0,0.998330550918197,0,1.0,0.9496774055265951,0.9809870413841333,0.9895671746666366
linear probe,mobilenetv3_small_100,42,metu,sdnet_D,metu_a_sdnet,596,0.7855222222222222,0.7770433560284502,0.25142857142857145,0,0.7470686767169179,0.7053365745983531,0.7184550375918316,0.7242754266424697
linear probe,mobilenetv3_small_100,42,metu,sdnet_P,metu_a_sdnet,600,0.8302777777777777,0.8286719058039829,0.6973947895791583,0,0.7582781456953642,0.7258377423464398,0.737063358190976,0.7417480733297669
linear probe,mobilenetv3_small_100,42,metu,sdnet_W,metu_a_sdnet,595,0.6992833333333333,0.7364235895895821,0.11912225705329153,0,0.6919060052219321,0.6403672401534396,0.6626043683907251,0.671893022234864
linear probe,mobilenetv3_small_100,42,sdnet_D,metu,sdnet_a_metu,600,0.6993666666666667,0.7728960683883963,0.6298932384341637,0,0.6666666666666666,0.6171836869488954,0.6328275241072343,0.6376573161998622
linear probe,mobilenetv3_small_100,42,sdnet_D,sdnet_D,dentro,597,0.8771666666666668,0.9013988443354105,0.7892976588628763,0,0.8,0.7611718740320558,0.7761620741849978,0.778615845324685
linear probe,mobilenetv3_small_100,42,sdnet_D,sdnet_P,entre_superficie,599,0.7047611111111111,0.781456077747963,0.581986143187067,0,0.6674082313681868,0.6262545551373269,0.6361168226326744,0.6381414714926068
linear probe,mobilenetv3_small_100,42,sdnet_D,sdnet_W,entre_superficie,595,0.7906111111111112,0.8359195356054284,0.6528925619834711,0,0.7163781624500666,0.6822231480283543,0.6911727028558429,0.6937860146775072
linear probe,mobilenetv3_small_100,42,sdnet_P,metu,sdnet_a_metu,598,0.9984888888888889,0.9984297567689393,0.9691056910569106,0,0.9866220735785953,0.9457562462837602,0.9691845162958553,0.9760633047027695
linear probe,mobilenetv3_small_100,42,sdnet_P,sdnet_D,entre_superficie,598,0.8423222222222222,0.8734819632845331,0.7509157509157509,0,0.7721088435374149,0.7255096115754418,0.7454173466887503,0.7487646383629599
linear probe,mobilenetv3_small_100,42,sdnet_P,sdnet_P,dentro,598,0.9262111111111111,0.9327885220683167,0.8561643835616438,0,0.8571428571428571,0.8213544112751694,0.8370731201008959,0.8399174144213578
linear probe,mobilenetv3_small_100,42,sdnet_P,sdnet_W,entre_superficie,600,0.7978333333333333,0.8409417875145331,0.6119733924611973,0,0.7243816254416962,0.693341406112427,0.7054341682875664,0.7060878908963969
linear probe,mobilenetv3_small_100,42,sdnet_W,metu,sdnet_a_metu,599,0.8846888888888889,0.8998267831409988,0.7611336032388664,0,0.8294314381270903,0.785114019448994,0.8025442354068543,0.8074795884547413
linear probe,mobilenetv3_small_100,42,sdnet_W,sdnet_D,entre_superficie,588,0.8451,0.8781528632152664,0.7052896725440806,0,0.7788461538461539,0.7360319373536214,0.7517268898097202,0.7567788837891112
linear probe,mobilenetv3_small_100,42,sdnet_W,sdnet_P,entre_superficie,599,0.75125,0.7830042630492906,0.6948905109489051,0,0.7096774193548387,0.6696733119809454,0.6814879826348258,0.6873564854416029
linear probe,mobilenetv3_small_100,42,sdnet_W,sdnet_W,dentro,589,0.8870555555555555,0.9085184096451595,0.8083623693379791,0,0.8137931034482758,0.7689149396530118,0.7906802642576218,0.7940366727234175
linear probe,mobilenetv3_small_100,43,metu,metu,dentro,597,1.0,1.0,1.0,0,1.0,0.9474436801756793,0.9804530698571962,0.9887826065668068
linear probe,mobilenetv3_small_100,43,metu,sdnet_D,metu_a_sdnet,596,0.7925833333333333,0.7872218199334566,0.23699421965317918,0,0.7393526405451448,0.7080730594271871,0.7157569374968158,0.7229223312438324
linear probe,mobilenetv3_small_100,43,metu,sdnet_P,metu_a_sdnet,600,0.8347,0.8327111669497863,0.6497890295358649,0,0.7682119205298014,0.7322023634599719,0.7406659950225645,0.7482993116653037
linear probe,mobilenetv3_small_100,43,metu,sdnet_W,metu_a_sdnet,593,0.7172777777777778,0.7521292329089388,0.10725552050473186,0,0.7030456852791879,0.6488177964921001,0.6769990980391063,0.6839303406924541
linear probe,mobilenetv3_small_100,43,sdnet_D,metu,sdnet_a_metu,600,0.6901111111111111,0.7654175434528449,0.6193078324225865,0,0.6666666666666666,0.6203827766106417,0.627605291692297,0.6358852425939113
linear probe,mobilenetv3_small_100,43,sdnet_D,sdnet_D,dentro,594,0.8769888888888888,0.901977291265634,0.7952622673434856,0,0.7965217391304348,0.7596980115701817,0.7707040152134246,0.7763874164096941
linear probe,mobilenetv3_small_100,43,sdnet_D,sdnet_P,entre_superficie,600,0.7092888888888889,0.7861332755903918,0.5909090909090909,0,0.6674082313681868,0.6280526146838519,0.6428181509945022,0.6440474340950424
linear probe,mobilenetv3_small_100,43,sdnet_D,sdnet_W,entre_superficie,599,0.7906222222222223,0.8360912011986357,0.6497890295358649,0,0.7168141592920354,0.682967199761141,0.6874501075341654,0.6931607980262985
linear probe,mobilenetv3_small_100,43,sdnet_P,metu,sdnet_a_metu,599,0.9987999999999999,0.9987786903184379,0.9787234042553191,0,0.9866220735785953,0.9460748582013688,0.9701138078891407,0.9792080993772612
linear probe,mobilenetv3_small_100,43,sdnet_P,sdnet_D,entre_superficie,599,0.8408777777777778,0.8716746704628039,0.7468123861566485,0,0.7687188019966722,0.7249873539225988,0.7427732282468642,0.7470110568324663
linear probe,mobilenetv3_small_100,43,sdnet_P,sdnet_P,dentro,600,0.9247444444444445,0.9312853849778931,0.8517887563884157,0,0.8571428571428571,0.8184079807566852,0.8344160122001366,0.8399951328488194
linear probe,mobilenetv3_small_100,43,sdnet_P,sdnet_W,entre_superficie,599,0.8033277777777779,0.8419794880319615,0.600451467268623,0,0.7296137339055794,0.6950531704647909,0.7055039654500805,0.7093868920514518
linear probe,mobilenetv3_small_100,43,sdnet_W,metu,sdnet_a_metu,600,0.9047777777777778,0.9188882214939004,0.7908961593172119,0,0.8446601941747572,0.8101902019570368,0.8191339030557517,0.8260225170886281
linear probe,mobilenetv3_small_100,43,sdnet_W,sdnet_D,entre_superficie,596,0.8414111111111112,0.8741931875718331,0.712998712998713,0,0.7646076794657763,0.7269345092158425,0.7381392556454652,0.7470567997978756
linear probe,mobilenetv3_small_100,43,sdnet_W,sdnet_P,entre_superficie,599,0.7931833333333334,0.8192241999636509,0.7346326836581709,0,0.7431192660550459,0.7015166577023985,0.71337872117074,0.7233061555537514
linear probe,mobilenetv3_small_100,43,sdnet_W,sdnet_W,dentro,600,0.8797000000000001,0.9039318573077366,0.8021390374331551,0,0.8076256499133448,0.7686127375235727,0.7839724033841265,0.7897373573318993
linear probe,mobilenetv3_small_100,44,metu,metu,dentro,597,1.0,1.0,1.0,0,1.0,0.9531563761111428,0.9789616214213771,0.9893478511613841
linear probe,mobilenetv3_small_100,44,metu,sdnet_D,metu_a_sdnet,598,0.7867166666666666,0.7709868716756156,0.187683284457478,0,0.7363494539781591,0.7088998681431921,0.7161129205079756,0.7163606633374826
linear probe,mobilenetv3_small_100,44,metu,sdnet_P,metu_a_sdnet,599,0.8254888888888888,0.8199849116698809,0.6043478260869565,0,0.7561728395061729,0.7212752257043121,0.7373588429283241,0.737033755765749
linear probe,mobilenetv3_small_100,44,metu,sdnet_W,metu_a_sdnet,592,0.6873388888888888,0.7195958268345937,0.06451612903225806,0,0.6899038461538461,0.6404942196677791,0.6595907388338068,0.6739786300140964
linear probe,mobilenetv3_small_100,44,sdnet_D,metu,sdnet_a_metu,599,0.8294222222222222,0.869339774945466,0.7522281639928698,0,0.7620528771384136,0.7231720659899401,0.7386715694114439,0.7440159145511163
linear probe,mobilenetv3_small_100,44,sdnet_D,sdnet_D,dentro,597,0.8753833333333335,0.8986297786548918,0.776595744680851,0,0.8013136288998358,0.7599063840392475,0.7794796458267951,0.7802339017829901
linear probe,mobilenetv3_small_100,44,sdnet_D,sdnet_P,entre_superficie,600,0.7473111111111111,0.8098662270917139,0.5694117647058824,0,0.6900420757363254,0.6600861594983232,0.6682886031757375,0.6688663083471272
linear probe,mobilenetv3_small_100,44,sdnet_D,sdnet_W,entre_superficie,599,0.7877222222222222,0.8350312862163574,0.6419213973799127,0,0.7181688125894135,0.6734683532446482,0.6881017920055055,0.6935591545380726
linear probe,mobilenetv3_small_100,44,sdnet_P,metu,sdnet_a_metu,596,0.9981444444444445,0.9980867326555742,0.9629629629629629,0,0.9818181818181818,0.9444707377541468,0.9671002445368992,0.9730540443051214
linear probe,mobilenetv3_small_100,44,sdnet_P,sdnet_D,entre_superficie,598,0.8442222222222222,0.8739832542299695,0.7581227436823105,0,0.7741935483870968,0.7354089427217516,0.7477607577351724,0.7552714974927147
linear probe,mobilenetv3_small_100,44,sdnet_P,sdnet_P,dentro,599,0.9262666666666667,0.9327856849770081,0.8581196581196581,0,0.8600682593856656,0.8218072284807618,0.8379265159055165,0.8433570529415833
linear probe,mobilenetv3_small_100,44,sdnet_P,sdnet_W,entre_superficie,599,0.7930055555555556,0.8378773233728165,0.6194690265486725,0,0.7244367417677643,0.6885528188719309,0.6996002110986711,0.7021090733040068
linear probe,mobilenetv3_small_100,44,sdnet_W,metu,sdnet_a_metu,598,0.8942444444444444,0.9035825974984699,0.7744565217391305,0,0.8283464566929134,0.7959998658375501,0.8078834027271472,0.8113854584280807
linear probe,mobilenetv3_small_100,44,sdnet_W,sdnet_D,entre_superficie,590,0.8456777777777778,0.8783775420197087,0.7099236641221374,0,0.7738853503184714,0.7437179987725793,0.7499209982311679,0.7541210358749189
linear probe,mobilenetv3_small_100,44,sdnet_W,sdnet_P,entre_superficie,598,0.7543,0.7854014082844297,0.6997084548104956,0,0.7058823529411765,0.675546554386013,0.6816543195959182,0.6885021570605013
linear probe,mobilenetv3_small_100,44,sdnet_W,sdnet_W,dentro,595,0.8863000000000001,0.9081311226354167,0.7985989492119089,0,0.8096,0.7730206119875992,0.7851371064723303,0.7901992258703174
linear probe,resnet18,42,metu,metu,dentro,600,0.9991555555555556,0.9990890647866864,0.9916805324459235,0,0.9950248756218906,0.9517419367482595,0.9781437931114142,0.984210275052574
linear probe,resnet18,42,metu,sdnet_D,metu_a_sdnet,599,0.7389944444444445,0.7105095323213905,0.31466666666666665,0,0.7037643207855974,0.6678372298955011,0.6786985348168036,0.6829452047845075
linear probe,resnet18,42,metu,sdnet_P,metu_a_sdnet,597,0.7962055555555556,0.7748706280871253,0.6514285714285715,0,0.752542372881356,0.7192757664776052,0.7302236907207069,0.7341742717032099
linear probe,resnet18,42,metu,sdnet_W,metu_a_sdnet,598,0.6435722222222222,0.6480088411331035,0.2548476454293629,0,0.6750948166877371,0.6252963711080443,0.6507065418470155,0.6563395545911759
linear probe,resnet18,42,sdnet_D,metu,sdnet_a_metu,600,0.8468888888888889,0.8851121306453678,0.7666034155597723,0,0.8006932409012132,0.7523141851285399,0.774979432487396,0.7801070946973298
linear probe,resnet18,42,sdnet_D,sdnet_D,dentro,599,0.8547777777777779,0.8778633277223258,0.7605118829981719,0,0.7740916271721959,0.745321486750031,0.7541737351315527,0.7548337193126881
linear probe,resnet18,42,sdnet_D,sdnet_P,entre_superficie,598,0.8122444444444444,0.8509774234663383,0.6389496717724289,0,0.7576243980738363,0.7218390099231313,0.7366021240666101,0.7387323060168137
linear probe,resnet18,42,sdnet_D,sdnet_W,entre_superficie,600,0.8241666666666667,0.8597604517320916,0.6391304347826087,0,0.7619047619047619,0.7165833641685196,0.7339755444422994,0.7386886306086363
linear probe,resnet18,42,sdnet_P,metu,sdnet_a_metu,598,0.9976333333333334,0.9977299043520256,0.9443561208267091,0,0.98,0.939771903460001,0.964438801165358,0.9692857028058285
linear probe,resnet18,42,sdnet_P,sdnet_D,entre_superficie,600,0.8186111111111112,0.8416092108061775,0.7003891050583657,0,0.7512355848434926,0.7162487679324622,0.7302568011682345,0.7344236518803859
linear probe,resnet18,42,sdnet_P,sdnet_P,dentro,599,0.9015,0.9145290574003923,0.8144329896907216,0,0.8341543513957307,0.8032907373078948,0.809897491596042,0.8194313873528639
linear probe,resnet18,42,sdnet_P,sdnet_W,entre_superficie,600,0.7947333333333333,0.8329088081283764,0.5919282511210763,0,0.7339449541284404,0.6995630138585986,0.7058066604865786,0.7145436597950101
linear probe,resnet18,42,sdnet_W,metu,sdnet_a_metu,600,0.9443777777777779,0.9579865794866445,0.8726708074534162,0,0.9115646258503401,0.8741861998399776,0.8926597009494464,0.8982175792498365
linear probe,resnet18,42,sdnet_W,sdnet_D,entre_superficie,598,0.7921444444444443,0.8314756202810404,0.7073170731707317,0,0.7236641221374046,0.6912358268182374,0.6986766152633817,0.7035598286232314
linear probe,resnet18,42,sdnet_W,sdnet_P,entre_superficie,600,0.8538555555555555,0.8745127362576156,0.7839195979899497,0,0.7891373801916933,0.7566151290191848,0.7627379649901684,0.7715494572851216
linear probe,resnet18,42,sdnet_W,sdnet_W,dentro,600,0.8689555555555555,0.8923842010201082,0.7587476979742173,0,0.7943037974683544,0.7562745568656999,0.7708845679197538,0.7755657544500884
linear probe,resnet18,43,metu,metu,dentro,600,0.9990555555555556,0.9989702726008642,0.9916805324459235,0,0.9933774834437086,0.9482267730066505,0.9777328892019654,0.985855153268503
linear probe,resnet18,43,metu,sdnet_D,metu_a_sdnet,599,0.7389722222222221,0.7058221956507222,0.3191489361702128,0,0.6998444790046656,0.673370843787474,0.6778297104242316,0.6820213339951267
linear probe,resnet18,43,metu,sdnet_P,metu_a_sdnet,600,0.7951666666666666,0.7725243140770338,0.6500956022944551,0,0.7533234859675036,0.7092756826282792,0.734802121411963,0.7369011014791051
linear probe,resnet18,43,metu,sdnet_W,metu_a_sdnet,599,0.6351722222222222,0.6430448904476023,0.24089635854341737,0,0.6706730769230769,0.6274815477564383,0.6440553417917301,0.6514311968500824
linear probe,resnet18,43,sdnet_D,metu,sdnet_a_metu,599,0.8542888888888889,0.8899906543783435,0.7888888888888889,0,0.803448275862069,0.7528589485020548,0.7795087108224437,0.7861481123551718
linear probe,resnet18,43,sdnet_D,sdnet_D,dentro,598,0.8540999999999999,0.8773704065823044,0.762589928057554,0,0.7761674718196457,0.7368471458910847,0.7522590762974152,0.7549055828214085
linear probe,resnet18,43,sdnet_D,sdnet_P,entre_superficie,600,0.8170666666666667,0.8538131352422569,0.6638297872340425,0,0.7600644122383253,0.7176810221110744,0.7386904482862028,0.7416619485774174
linear probe,resnet18,43,sdnet_D,sdnet_W,entre_superficie,600,0.8232,0.8587875683976331,0.648068669527897,0,0.7582089552238805,0.719205252075674,0.7339745805755904,0.7404284239081613
linear probe,resnet18,43,sdnet_P,metu,sdnet_a_metu,600,0.9982666666666666,0.9983245320622913,0.9705882352941176,0,0.9833887043189369,0.9431517035426029,0.9667110160239322,0.9757472091724437
linear probe,resnet18,43,sdnet_P,sdnet_D,entre_superficie,599,0.8022000000000001,0.8245403419618079,0.6,0,0.7565891472868217,0.7139822625108694,0.7265372962362653,0.7382150277064693
linear probe,resnet18,43,sdnet_P,sdnet_P,dentro,600,0.8790333333333333,0.889249796464846,0.8006932409012132,0,0.8078817733990148,0.7735793729223878,0.7862661436350112,0.7921885240092672
linear probe,resnet18,43,sdnet_P,sdnet_W,entre_superficie,600,0.7708,0.8122320159332472,0.4914004914004914,0,0.7145187601957586,0.6756105902149234,0.6880045174632141,0.6951195627718803
linear probe,resnet18,43,sdnet_W,metu,sdnet_a_metu,600,0.9381111111111111,0.9525339705698469,0.8710691823899371,0,0.902027027027027,0.8672815844956869,0.8830167536896796,0.8891232259253035
linear probe,resnet18,43,sdnet_W,sdnet_D,entre_superficie,599,0.7919944444444443,0.8315794966656138,0.7136929460580913,0,0.7228177641653905,0.6876757297997895,0.6956221515108014,0.6998452813516434
linear probe,resnet18,43,sdnet_W,sdnet_P,entre_superficie,599,0.8544444444444443,0.8752703763310457,0.7918781725888325,0,0.7959183673469388,0.7545193308418342,0.7694871190533448,0.7807342255559975
linear probe,resnet18,43,sdnet_W,sdnet_W,dentro,598,0.8692222222222221,0.8934031319445634,0.7542213883677298,0,0.7944785276073619,0.7544984102667667,0.7755146330053532,0.7795317587060285
linear probe,resnet18,44,metu,metu,dentro,597,0.9995,0.9994817257100518,0.9916805324459235,0,0.9950248756218906,0.9496583314400633,0.9768815000414844,0.9861971486071195
linear probe,resnet18,44,metu,sdnet_D,metu_a_sdnet,597,0.7422944444444446,0.7108922571411992,0.31016042780748665,0,0.7098976109215017,0.6713479111369587,0.683068338958254,0.6860371578346013
linear probe,resnet18,44,metu,sdnet_P,metu_a_sdnet,600,0.7994888888888889,0.7776200105114557,0.6449136276391555,0,0.754653130287648,0.7208676760175678,0.7338804472083724,0.7378182265217409
linear probe,resnet18,44,metu,sdnet_W,metu_a_sdnet,599,0.6540333333333334,0.6600559104545718,0.25210084033613445,0,0.6728971962616822,0.6319103121827286,0.6506813069033387,0.6583306305112173
linear probe,resnet18,44,sdnet_D,metu,sdnet_a_metu,599,0.8860555555555556,0.9108859884122666,0.8131868131868132,0,0.8296041308089501,0.790425383715904,0.8021517041366542,0.8115832443375126
linear probe,resnet18,44,sdnet_D,sdnet_D,dentro,599,0.8524555555555557,0.8764167836491181,0.7568555758683729,0,0.7733755942947702,0.7374793771356903,0.7479949362064527,0.7540190686419251
linear probe,resnet18,44,sdnet_D,sdnet_P,entre_superficie,600,0.8204666666666667,0.856911446507914,0.652267818574514,0,0.7667731629392971,0.7270051250275011,0.7423088515667524,0.7485254215380125
linear probe,resnet18,44,sdnet_D,sdnet_W,entre_superficie,600,0.8220777777777779,0.8575990115976518,0.6238938053097345,0,0.7575757575757576,0.7176064422553138,0.7312675891035678,0.7385751815370256
linear probe,resnet18,44,sdnet_P,metu,sdnet_a_metu,600,0.9983777777777778,0.9984428488339413,0.9658536585365853,0,0.9849749582637729,0.9473400756138504,0.96724588062739,0.974269811424447
linear probe,resnet18,44,sdnet_P,sdnet_D,entre_superficie,600,0.8124888888888888,0.8355693933064449,0.634453781512605,0,0.7587301587301587,0.7150231270308872,0.7319609480757181,0.7423783334802226
linear probe,resnet18,44,sdnet_P,sdnet_P,dentro,599,0.8915666666666666,0.9032827375031457,0.8055555555555556,0,0.8242811501597445,0.7861664504042563,0.8002034199677438,0.8062822779849824
linear probe,resnet18,44,sdnet_P,sdnet_W,entre_superficie,599,0.7925277777777777,0.8294638205013544,0.5194174757281553,0,0.7331189710610932,0.6916166575034183,0.7101980477162775,0.7119891757538335
linear probe,resnet18,44,sdnet_W,metu,sdnet_a_metu,600,0.9441333333333334,0.9566898830404599,0.8713178294573644,0,0.9133333333333333,0.8680883633850084,0.8895127635872471,0.8986950308693201
linear probe,resnet18,44,sdnet_W,sdnet_D,entre_superficie,600,0.7928888888888889,0.8328067754574349,0.7073170731707317,0,0.7238689547581904,0.6923959438626404,0.6990857261582362,0.7011694278294618
linear probe,resnet18,44,sdnet_W,sdnet_P,entre_superficie,600,0.8585,0.8788405478123013,0.7966666666666666,0,0.7979966611018364,0.7564246080540846,0.7703722411830237,0.7822596999732352
linear probe,resnet18,44,sdnet_W,sdnet_W,dentro,599,0.8695166666666667,0.8936430080223638,0.7661141804788214,0,0.7955625990491284,0.7575424565985551,0.7678272084165553,0.7772405172936852
linear probe,vit_tiny_patch16_224,42,metu,metu,dentro,577,0.9999777777777777,0.9999779249448124,0.998330550918197,0,0.998330550918197,0.9521667757176365,0.9793410064471041,0.9885093716623264
linear probe,vit_tiny_patch16_224,42,metu,sdnet_D,metu_a_sdnet,594,0.6964111111111111,0.7051811002277346,0.30933333333333335,0,0.6843575418994413,0.636997800596208,0.6556877883895552,0.6620741963011905
linear probe,vit_tiny_patch16_224,42,metu,sdnet_P,metu_a_sdnet,597,0.8052888888888889,0.8157065160633595,0.7045454545454546,0,0.7422096317280453,0.7114474278188125,0.7213253998658888,0.7244867974638547
linear probe,vit_tiny_patch16_224,42,metu,sdnet_W,metu_a_sdnet,595,0.5916388888888889,0.6477449787082405,0.25142857142857145,0,0.6666666666666666,0.6069450680355043,0.6296446684489787,0.6458258706519984
linear probe,vit_tiny_patch16_224,42,sdnet_D,metu,sdnet_a_metu,599,0.7843444444444444,0.8493906663795596,0.6968838526912181,0,0.7347611202635914,0.694487345484279,0.710155936727839,0.7127973002233593
linear probe,vit_tiny_patch16_224,42,sdnet_D,sdnet_D,dentro,600,0.8474777777777779,0.8698247189041199,0.7761194029850746,0,0.7814992025518341,0.7418765827737458,0.7572117175897567,0.7619744471694778
linear probe,vit_tiny_patch16_224,42,sdnet_D,sdnet_P,entre_superficie,600,0.7503333333333333,0.7935937483618068,0.6601178781925344,0,0.7045813586097947,0.6694861927758933,0.674393590549876,0.6799496631121187
linear probe,vit_tiny_patch16_224,42,sdnet_D,sdnet_W,entre_superficie,599,0.7890333333333333,0.8318244062455362,0.6600397614314115,0,0.7180192572214581,0.6769288206588022,0.68781214665118,0.6954879448486027
linear probe,vit_tiny_patch16_224,42,sdnet_P,metu,sdnet_a_metu,600,0.9922111111111112,0.993289597853187,0.8764705882352941,0,0.9612141652613828,0.9245698094017368,0.9456739396047089,0.9513213412039179
linear probe,vit_tiny_patch16_224,42,sdnet_P,sdnet_D,entre_superficie,600,0.7683111111111112,0.796373994032403,0.6895306859205776,0,0.7187039764359352,0.6840387761989174,0.6945615996811295,0.6956895773090901
linear probe,vit_tiny_patch16_224,42,sdnet_P,sdnet_P,dentro,600,0.8840444444444444,0.9017513630181178,0.807495741056218,0,0.8138385502471169,0.7841620430971387,0.793085807466785,0.7989845552622766
linear probe,vit_tiny_patch16_224,42,sdnet_P,sdnet_W,entre_superficie,600,0.7492666666666667,0.7832923361170612,0.6519337016574586,0,0.7018970189701897,0.6658936422177575,0.6758521112249403,0.6800765367525868
linear probe,vit_tiny_patch16_224,42,sdnet_W,metu,sdnet_a_metu,600,0.7570111111111111,0.7997541012853235,0.6809045226130653,0,0.7087378640776699,0.6701660378366949,0.6817189192124085,0.6856136011617991
linear probe,vit_tiny_patch16_224,42,sdnet_W,sdnet_D,entre_superficie,600,0.8215222222222223,0.8533694482482124,0.7032418952618454,0,0.7634069400630915,0.7265526093071366,0.7361713588995528,0.7446071459232907
linear probe,vit_tiny_patch16_224,42,sdnet_W,sdnet_P,entre_superficie,600,0.7855777777777777,0.8126981788881236,0.7130730050933786,0,0.7293354943273906,0.6902035757711242,0.7009567394725003,0.7093987600527345
linear probe,vit_tiny_patch16_224,42,sdnet_W,sdnet_W,dentro,597,0.8617111111111111,0.8832428111885249,0.768695652173913,0,0.7938461538461539,0.7562425370266703,0.7661279970655615,0.773772171567225
linear probe,vit_tiny_patch16_224,43,metu,metu,dentro,586,0.9999555555555556,0.9999554807374238,0.9916247906197655,0,0.9983361064891847,0.9494824566248087,0.9794180936763813,0.9893483153690792
linear probe,vit_tiny_patch16_224,43,metu,sdnet_D,metu_a_sdnet,595,0.6808388888888888,0.6925662313582193,0.3385416666666667,0,0.6790582403965304,0.6354889267537278,0.6469280578538106,0.6574757282147193
linear probe,vit_tiny_patch16_224,43,metu,sdnet_P,metu_a_sdnet,599,0.788088888888889,0.7973582672052605,0.7038917089678511,0,0.7292307692307692,0.693801080611962,0.705438867008824,0.7082077801317018
linear probe,vit_tiny_patch16_224,43,metu,sdnet_W,metu_a_sdnet,598,0.5793722222222222,0.6029448451473065,0.2956989247311828,0,0.669735327963176,0.6170128078922317,0.6489459264345356,0.6546442513670314
linear probe,vit_tiny_patch16_224,43,sdnet_D,metu,sdnet_a_metu,599,0.716188888888889,0.7903506336854255,0.6628242074927954,0,0.6738738738738739,0.6456122812154578,0.6498135288694402,0.6549443657586957
linear probe,vit_tiny_patch16_224,43,sdnet_D,sdnet_D,dentro,598,0.8630333333333333,0.8836183013238389,0.7766323024054983,0,0.7961783439490446,0.7508807051937544,0.7668442520559945,0.7776654861938636
linear probe,vit_tiny_patch16_224,43,sdnet_D,sdnet_P,entre_superficie,598,0.7585999999999999,0.8045760915469999,0.7062818336162988,0,0.7124183006535948,0.6740912882329448,0.6802468193238238,0.6895872620883753
linear probe,vit_tiny_patch16_224,43,sdnet_D,sdnet_W,entre_superficie,600,0.8127444444444444,0.8449404434609025,0.6846153846153846,0,0.7442528735632183,0.702394211205627,0.7115340577585926,0.7218830426726567
linear probe,vit_tiny_patch16_224,43,sdnet_P,metu,sdnet_a_metu,599,0.9898555555555556,0.9921048546150584,0.8685376661742984,0,0.9650582362728786,0.9233906335078038,0.9494195011934227,0.9560622577990081
linear probe,vit_tiny_patch16_224,43,sdnet_P,sdnet_D,entre_superficie,599,0.7697666666666667,0.7874272523476951,0.6821428571428572,0,0.7202380952380952,0.6786798414584451,0.6929398544291766,0.6956807536631837
linear probe,vit_tiny_patch16_224,43,sdnet_P,sdnet_P,dentro,599,0.8828666666666667,0.900466138743923,0.797979797979798,0,0.8052373158756138,0.7710101312413405,0.7804217277357377,0.7868349181642722
linear probe,vit_tiny_patch16_224,43,sdnet_P,sdnet_W,entre_superficie,598,0.7636,0.7864497603182333,0.6901172529313233,0,0.7173601147776184,0.6741496627313353,0.6910839075607055,0.697651008465958
linear probe,vit_tiny_patch16_224,43,sdnet_W,metu,sdnet_a_metu,599,0.6886555555555556,0.7472462592853493,0.6598726114649681,0,0.6681870011402509,0.6359179862605306,0.6418165665827834,0.6470418658059152
linear probe,vit_tiny_patch16_224,43,sdnet_W,sdnet_D,entre_superficie,597,0.8223444444444443,0.8548880158790924,0.7033792240300375,0,0.7588424437299035,0.7191931558858445,0.7251038902367032,0.7350993640648943
linear probe,vit_tiny_patch16_224,43,sdnet_W,sdnet_P,entre_superficie,600,0.7714444444444444,0.798536562992259,0.7107438016528925,0,0.7337461300309598,0.6862883197094755,0.7037249788249178,0.7156402271556496
linear probe,vit_tiny_patch16_224,43,sdnet_W,sdnet_W,dentro,599,0.8639444444444444,0.8865070630084013,0.7737478411053541,0,0.7955625990491284,0.7498008132086365,0.7679240678084414,0.7759189533653603
linear probe,vit_tiny_patch16_224,44,metu,metu,dentro,596,1.0,1.0,0.9966555183946488,0,1.0,0.9424347150301091,0.9805718983970232,0.9914658374386532
linear probe,vit_tiny_patch16_224,44,metu,sdnet_D,metu_a_sdnet,598,0.6424777777777777,0.6803518813165566,0.3816793893129771,0,0.6666666666666666,0.6142783018175564,0.6310173538206488,0.6387777985457445
linear probe,vit_tiny_patch16_224,44,metu,sdnet_P,metu_a_sdnet,599,0.8199055555555556,0.8070703463725274,0.7227191413237924,0,0.7548209366391184,0.7217492779394948,0.7329996163291154,0.7384042569963445
linear probe,vit_tiny_patch16_224,44,metu,sdnet_W,metu_a_sdnet,600,0.6036555555555556,0.6409862027738371,0.3645320197044335,0,0.6696629213483146,0.6208944845056411,0.6470141528437202,0.6510559937662191
linear probe,vit_tiny_patch16_224,44,sdnet_D,metu,sdnet_a_metu,600,0.6867666666666667,0.7875649942605198,0.625,0,0.6811881188118812,0.6352307326470912,0.6494231809414026,0.6572513106079616
linear probe,vit_tiny_patch16_224,44,sdnet_D,sdnet_D,dentro,600,0.8587444444444444,0.8799198199400322,0.7820299500831946,0,0.7901639344262295,0.7502985945915477,0.7641890072725198,0.7707138494283842
linear probe,vit_tiny_patch16_224,44,sdnet_D,sdnet_P,entre_superficie,600,0.7670666666666666,0.8025698398363308,0.6640471512770137,0,0.7202472952086554,0.6786357084518038,0.6891736903132972,0.6944424912546681
linear probe,vit_tiny_patch16_224,44,sdnet_D,sdnet_W,entre_superficie,598,0.8468611111111112,0.8697653950849943,0.6735112936344969,0,0.7757009345794392,0.7334436754995985,0.7459917003327337,0.7524363480518158
linear probe,vit_tiny_patch16_224,44,sdnet_P,metu,sdnet_a_metu,598,0.9921111111111112,0.9939862486527367,0.9065849923430321,0,0.9727891156462585,0.930950769251692,0.9528466639562203,0.9608673962214095
linear probe,vit_tiny_patch16_224,44,sdnet_P,sdnet_D,entre_superficie,600,0.7684333333333332,0.793469548395457,0.6925795053003534,0,0.7180925666199158,0.6783327331725982,0.6896589833355002,0.6942266447458769
linear probe,vit_tiny_patch16_224,44,sdnet_P,sdnet_P,dentro,600,0.8888333333333335,0.9038986368697757,0.8116438356164384,0,0.827922077922078,0.7842174966461082,0.8026065517033719,0.8098442678492616
linear probe,vit_tiny_patch16_224,44,sdnet_P,sdnet_W,entre_superficie,600,0.7769111111111111,0.8070278977946892,0.6666666666666666,0,0.7264833574529667,0.6914684314543489,0.7013246755266228,0.7063659565413536
linear probe,vit_tiny_patch16_224,44,sdnet_W,metu,sdnet_a_metu,598,0.7889666666666667,0.841842800422512,0.6820512820512821,0,0.737410071942446,0.694445373237669,0.7037488789661143,0.7095003609695906
linear probe,vit_tiny_patch16_224,44,sdnet_W,sdnet_D,entre_superficie,599,0.8308666666666668,0.8562576356483211,0.7166454891994918,0,0.767616191904048,0.7230588705871093,0.741459498502206,0.7471957336542949
linear probe,vit_tiny_patch16_224,44,sdnet_W,sdnet_P,entre_superficie,599,0.8028888888888888,0.8220081625214873,0.7150442477876107,0,0.7388888888888889,0.7077513337779675,0.7162827372956186,0.7217354370184518
linear probe,vit_tiny_patch16_224,44,sdnet_W,sdnet_W,dentro,596,0.8785444444444445,0.8949426958532645,0.7775831873905429,0,0.8113207547169812,0.7774695961127074,0.7853356642029874,0.7928920529306168
scale augmentation,efficientnet_b0,42,metu,metu,dentro,28,1.0,1.0,1.0,0,1.0,0.9893429054366578,0.990434924685128,0.9926681211309986
scale augmentation,efficientnet_b0,42,metu,sdnet_D,metu_a_sdnet,152,0.7312055555555556,0.7325786367367978,0.48058252427184467,0,0.676923076923077,0.6393371194079888,0.6552562224453453,0.6579012791807258
scale augmentation,efficientnet_b0,42,metu,sdnet_P,metu_a_sdnet,171,0.7807666666666666,0.7773404583485153,0.7145557655954632,0,0.7482517482517482,0.7093713127885044,0.7217260172874542,0.7313186922223821
scale augmentation,efficientnet_b0,42,metu,sdnet_W,metu_a_sdnet,162,0.6958555555555554,0.7259638962422931,0.4365482233502538,0,0.6666666666666666,0.6137059138986727,0.6359229052097566,0.6465672375768132
scale augmentation,efficientnet_b0,42,sdnet_D,metu,sdnet_a_metu,514,0.6654888888888889,0.7836121076071436,0.6844262295081968,1,0.6915113871635611,0.6507470617848545,0.6626671076547092,0.6692475254640802
scale augmentation,efficientnet_b0,42,sdnet_D,sdnet_D,dentro,486,0.8857499999999999,0.9087384043849364,0.7906976744186046,0,0.8108108108108109,0.7724548833551601,0.7879214656791242,0.7944011443738163
scale augmentation,efficientnet_b0,42,sdnet_D,sdnet_P,entre_superficie,562,0.723788888888889,0.7703207764605884,0.5844155844155844,0,0.6799007444168734,0.6483901648705443,0.6524473471535629,0.6565425751118081
scale augmentation,efficientnet_b0,42,sdnet_D,sdnet_W,entre_superficie,540,0.7591722222222224,0.8157294476290091,0.6102449888641426,0,0.6960486322188449,0.6666020898448747,0.6695273275875553,0.6725430388112577
scale augmentation,efficientnet_b0,42,sdnet_P,metu,sdnet_a_metu,395,0.981388888888889,0.9875922727685679,0.9379084967320261,0,0.9608177172061328,0.9193533441916262,0.9387681026943312,0.9484520642117286
scale augmentation,efficientnet_b0,42,sdnet_P,sdnet_D,entre_superficie,507,0.7989611111111111,0.8475110820399281,0.7091932457786116,0,0.7307692307692307,0.6942255494255332,0.7040942720257906,0.7079830656597116
scale augmentation,efficientnet_b0,42,sdnet_P,sdnet_P,dentro,439,0.9335722222222222,0.9368555389420108,0.8633333333333333,0,0.8675496688741722,0.8309495003664203,0.8432777672425331,0.8511389003051661
scale augmentation,efficientnet_b0,42,sdnet_P,sdnet_W,entre_superficie,528,0.7608111111111111,0.7880028259590071,0.642023346303502,0,0.7174231332357247,0.6703363517395202,0.6861771135877517,0.6947753386344879
scale augmentation,efficientnet_b0,42,sdnet_W,metu,sdnet_a_metu,499,0.6571222222222223,0.5997045361614701,0.6387959866220736,0,0.6798029556650246,0.6489017686642193,0.6581389442759683,0.6581054636531638
scale augmentation,efficientnet_b0,42,sdnet_W,sdnet_D,entre_superficie,517,0.7687222222222222,0.8037503245545773,0.6970588235294117,0,0.7120743034055728,0.674209594443736,0.6817441602460826,0.6879235410763475
scale augmentation,efficientnet_b0,42,sdnet_W,sdnet_P,entre_superficie,535,0.6326055555555556,0.6485275840980074,0.5458089668615984,0,0.6666666666666666,0.6174482858066124,0.6285613070174236,0.6422665782818447
scale augmentation,efficientnet_b0,42,sdnet_W,sdnet_W,dentro,503,0.8785833333333335,0.9063718436322853,0.8027210884353742,0,0.8073701842546064,0.7678157095917704,0.7817232283823262,0.790515705924964
scale augmentation,efficientnet_b0,43,metu,metu,dentro,22,1.0,1.0,1.0,0,1.0,0.9904726469564058,0.9915422675197246,0.9932025626754188
scale augmentation,efficientnet_b0,43,metu,sdnet_D,metu_a_sdnet,125,0.6591500000000001,0.672801853869343,0.3047091412742382,0,0.6666666666666666,0.6128293684163897,0.6480523934793428,0.6650957296093907
scale augmentation,efficientnet_b0,43,metu,sdnet_P,metu_a_sdnet,164,0.801238888888889,0.8013452279470241,0.6639004149377593,0,0.7644927536231884,0.7175295925514575,0.7380343677889795,0.7519329092606136
scale augmentation,efficientnet_b0,43,metu,sdnet_W,metu_a_sdnet,95,0.6105499999999999,0.632284918884628,0.2969187675070028,0,0.6666666666666666,0.6225504745738264,0.6630090635929264,0.6666666666666665
scale augmentation,efficientnet_b0,43,sdnet_D,metu,sdnet_a_metu,505,0.4004388888888889,0.6126034115368783,0.45433255269320844,0,0.6666666666666666,0.6080215186725912,0.6542096076645416,0.6654116465863453
scale augmentation,efficientnet_b0,43,sdnet_D,sdnet_D,dentro,492,0.8543111111111111,0.8919408494044518,0.779783393501805,0,0.7881944444444444,0.7513361899698145,0.7647553428708039,0.7707965598192706
scale augmentation,efficientnet_b0,43,sdnet_D,sdnet_P,entre_superficie,560,0.6932,0.7452809732199142,0.5503355704697986,0,0.6666666666666666,0.6332312297623912,0.6379981368661407,0.6428527741186079
scale augmentation,efficientnet_b0,43,sdnet_D,sdnet_W,entre_superficie,526,0.81045,0.8500468965311979,0.6552462526766595,0,0.7378640776699029,0.699739750661188,0.7073067236885063,0.7112488698860091
scale augmentation,efficientnet_b0,43,sdnet_P,metu,sdnet_a_metu,418,0.943811111111111,0.9657273460917356,0.900990099009901,0,0.92894280762565,0.8886502435626085,0.9058813915173864,0.9154939833460903
scale augmentation,efficientnet_b0,43,sdnet_P,sdnet_D,entre_superficie,503,0.7898277777777779,0.8362701238370016,0.6653620352250489,0,0.7232142857142857,0.6843815106434806,0.6904727660841242,0.6989843412025667
scale augmentation,efficientnet_b0,43,sdnet_P,sdnet_P,dentro,451,0.9319388888888889,0.9306931543830672,0.8712871287128713,0,0.8727272727272727,0.8396730342261628,0.8546251945267901,0.8611461172403869
scale augmentation,efficientnet_b0,43,sdnet_P,sdnet_W,entre_superficie,548,0.7029000000000001,0.7615648591356697,0.6157024793388429,0,0.6723300970873787,0.632833198608121,0.6401662263465109,0.6430436595537009
scale augmentation,efficientnet_b0,43,sdnet_W,metu,sdnet_a_metu,459,0.58035,0.5777404838949148,0.53515625,0,0.6674418604651163,0.6122673052667459,0.6335407447087769,0.652676964528238
scale augmentation,efficientnet_b0,43,sdnet_W,sdnet_D,entre_superficie,497,0.753438888888889,0.8035431462167736,0.6654676258992805,0,0.6917900403768507,0.6591009613627995,0.6633756956957957,0.6673949259185905
scale augmentation,efficientnet_b0,43,sdnet_W,sdnet_P,entre_superficie,528,0.6575555555555556,0.6555327105724009,0.5736434108527132,1,0.6666666666666666,0.6377858016544016,0.6420650119315211,0.6502647470971956
scale augmentation,efficientnet_b0,43,sdnet_W,sdnet_W,dentro,484,0.8844388888888889,0.9118180587763234,0.8035714285714286,0,0.8095238095238095,0.773086602891421,0.7864157808668182,0.7924536112116091
scale augmentation,efficientnet_b0,44,metu,metu,dentro,23,1.0,1.0,1.0,0,1.0,0.9966609594157686,0.9968160424394719,0.9970487561468317
scale augmentation,efficientnet_b0,44,metu,sdnet_D,metu_a_sdnet,140,0.7032222222222223,0.6972136469557637,0.37922077922077924,0,0.6666666666666666,0.6226692236262148,0.6353047675227438,0.643980801726875
scale augmentation,efficientnet_b0,44,metu,sdnet_P,metu_a_sdnet,166,0.7467,0.734718997523472,0.5381165919282511,0,0.7023172905525846,0.6572129488430812,0.6732056147415548,0.6802695794861529
scale augmentation,efficientnet_b0,44,metu,sdnet_W,metu_a_sdnet,96,0.6558499999999999,0.6565504639975253,0.3157894736842105,0,0.6666666666666666,0.6182528377183634,0.6552053813540087,0.6644726199774366
scale augmentation,efficientnet_b0,44,sdnet_D,metu,sdnet_a_metu,516,0.8176888888888889,0.877363142069629,0.77431906614786,1,0.7861271676300579,0.7345771915963644,0.7569260682312191,0.764763389612178
scale augmentation,efficientnet_b0,44,sdnet_D,sdnet_D,dentro,504,0.8590888888888888,0.8930549946098991,0.7723132969034608,0,0.7980613893376414,0.754239731521445,0.7707219501383505,0.7760122614398994
scale augmentation,efficientnet_b0,44,sdnet_D,sdnet_P,entre_superficie,556,0.7683777777777778,0.7996977163512493,0.6900369003690037,0,0.72,0.6793987368595173,0.6899319509946201,0.6943586559414038
scale augmentation,efficientnet_b0,44,sdnet_D,sdnet_W,entre_superficie,545,0.7949055555555556,0.8242363147816336,0.5943600867678959,0,0.7344461305007587,0.6910763612820553,0.7072861577485718,0.7143595947106169
scale augmentation,efficientnet_b0,44,sdnet_P,metu,sdnet_a_metu,457,0.9540555555555555,0.9697448201313057,0.9193825042881647,0,0.9265734265734266,0.8881884855468667,0.9065827797511655,0.9156491513270468
scale augmentation,efficientnet_b0,44,sdnet_P,sdnet_D,entre_superficie,525,0.789438888888889,0.8385465834872703,0.7001934235976789,0,0.7278195488721805,0.6892321757448415,0.6969786127426922,0.7028303695949344
scale augmentation,efficientnet_b0,44,sdnet_P,sdnet_P,dentro,454,0.9356000000000001,0.9402107539269542,0.8585690515806988,0,0.865874363327674,0.8330152201752344,0.8469156094219974,0.8524074792289048
scale augmentation,efficientnet_b0,44,sdnet_P,sdnet_W,entre_superficie,547,0.7293888888888889,0.7688890303339226,0.62109375,0,0.683311432325887,0.6518989374006753,0.6597929248236929,0.6672056821511901
scale augmentation,efficientnet_b0,44,sdnet_W,metu,sdnet_a_metu,520,0.6168833333333332,0.6184192568470095,0.5254582484725051,0,0.6778042959427207,0.620349844047276,0.6447657634037955,0.6643130329580703
scale augmentation,efficientnet_b0,44,sdnet_W,sdnet_D,entre_superficie,519,0.785511111111111,0.8269853549876154,0.690671031096563,0,0.7101827676240209,0.6813403802648551,0.6870300734647097,0.6886617153555786
scale augmentation,efficientnet_b0,44,sdnet_W,sdnet_P,entre_superficie,536,0.7065111111111111,0.7424828848729683,0.6268656716417911,1,0.6798780487804879,0.6424550020782875,0.6523554204449327,0.6585303035214082
scale augmentation,efficientnet_b0,44,sdnet_W,sdnet_W,dentro,491,0.9012777777777777,0.9227046718750433,0.8118466898954704,0,0.8203389830508474,0.7847469991150468,0.7968206449506855,0.7988364388866028
scale augmentation,mobilenetv3_small_100,42,metu,metu,dentro,77,1.0,1.0,1.0,0,1.0,0.9952344183122467,0.995384911847307,0.9954848749481542
scale augmentation,mobilenetv3_small_100,42,metu,sdnet_D,metu_a_sdnet,100,0.6559888888888887,0.6490361385370487,0.40302267002518893,0,0.6666666666666666,0.6187637910676551,0.6441996036885507,0.655113047312729
scale augmentation,mobilenetv3_small_100,42,metu,sdnet_P,metu_a_sdnet,206,0.7996722222222221,0.7737692288807468,0.735593220338983,0,0.7512355848434926,0.7273049731531478,0.7307589778377924,0.7339132921153769
scale augmentation,mobilenetv3_small_100,42,metu,sdnet_W,metu_a_sdnet,184,0.5907555555555556,0.6580667324900634,0.40616966580976865,0,0.6666666666666666,0.5955170610267754,0.6399333236049618,0.6603094027824196
scale augmentation,mobilenetv3_small_100,42,sdnet_D,metu,sdnet_a_metu,570,0.6844777777777779,0.7704652687629792,0.6098081023454158,0,0.6674107142857143,0.6218585789338202,0.6353417268406022,0.6399362326331463
scale augmentation,mobilenetv3_small_100,42,sdnet_D,sdnet_D,dentro,527,0.8665833333333333,0.8970769801188155,0.7855855855855856,0,0.7962616822429907,0.7580505883720289,0.7680775543019814,0.7762300374403261
scale augmentation,mobilenetv3_small_100,42,sdnet_D,sdnet_P,entre_superficie,579,0.7265722222222223,0.7815929268369235,0.6242299794661191,0,0.6782608695652174,0.6440777210377115,0.6556190108526952,0.6574848312579777
scale augmentation,mobilenetv3_small_100,42,sdnet_D,sdnet_W,entre_superficie,564,0.7549944444444444,0.8001935950867435,0.6441351888667992,1,0.6888888888888889,0.6592757915757891,0.6717549443613245,0.6711285398734183
scale augmentation,mobilenetv3_small_100,42,sdnet_P,metu,sdnet_a_metu,530,0.9556666666666667,0.966721341051225,0.784366576819407,0,0.912751677852349,0.8727960956766697,0.8889939300018302,0.8964699193905497
scale augmentation,mobilenetv3_small_100,42,sdnet_P,sdnet_D,entre_superficie,564,0.7720222222222222,0.8130096180088063,0.6666666666666666,0,0.7037552155771906,0.6685077203457006,0.6783810443817581,0.6839973182894701
scale augmentation,mobilenetv3_small_100,42,sdnet_P,sdnet_P,dentro,537,0.918,0.9280870247136711,0.859504132231405,0,0.8651315789473685,0.8199279964217508,0.8409776142742384,0.847770898331041
scale augmentation,mobilenetv3_small_100,42,sdnet_P,sdnet_W,entre_superficie,587,0.6794555555555556,0.686310785465699,0.5725490196078431,0,0.6784452296819788,0.6390588653415823,0.6546540390303093,0.6561878511157375
scale augmentation,mobilenetv3_small_100,42,sdnet_W,metu,sdnet_a_metu,563,0.8428611111111111,0.858707145611514,0.7574334898278561,0,0.7633587786259542,0.7339811929491514,0.7435539496596334,0.7470176919432265
scale augmentation,mobilenetv3_small_100,42,sdnet_W,sdnet_D,entre_superficie,538,0.8189222222222222,0.8520036161251833,0.7253886010362695,0,0.7476340694006309,0.7135129027727093,0.7220843895554303,0.7219424335712565
scale augmentation,mobilenetv3_small_100,42,sdnet_W,sdnet_P,entre_superficie,582,0.7191333333333334,0.760288057960096,0.672782874617737,0,0.6839378238341969,0.6496382222173108,0.662602723397493,0.666618122534986
scale augmentation,mobilenetv3_small_100,42,sdnet_W,sdnet_W,dentro,523,0.9169222222222222,0.926332357614647,0.8266666666666667,0,0.8401253918495298,0.79720924345827,0.8179084320963318,0.8214983093708041
scale augmentation,mobilenetv3_small_100,43,metu,metu,dentro,65,1.0,1.0,0.9983361064891847,0,1.0,0.9966869557942042,0.9968250501907916,0.9970387361067516
scale augmentation,mobilenetv3_small_100,43,metu,sdnet_D,metu_a_sdnet,316,0.6517611111111111,0.6776186174065499,0.48,0,0.6666666666666666,0.6100506026784501,0.6321680347311908,0.6466338719225908
scale augmentation,mobilenetv3_small_100,43,metu,sdnet_P,metu_a_sdnet,280,0.7350777777777778,0.7434532338211526,0.6830188679245283,0,0.708256880733945,0.672956002470454,0.6803866816145953,0.688420906416037
scale augmentation,mobilenetv3_small_100,43,metu,sdnet_W,metu_a_sdnet,476,0.6593166666666667,0.6949675601050311,0.4918032786885246,0,0.6666666666666666,0.6170692036905211,0.6386831541680215,0.6450532999439135
scale augmentation,mobilenetv3_small_100,43,sdnet_D,metu,sdnet_a_metu,551,0.5373166666666667,0.6818604666232749,0.515695067264574,0,0.6666666666666666,0.5809510284349548,0.6280294519147727,0.6550791324953587
scale augmentation,mobilenetv3_small_100,43,sdnet_D,sdnet_D,dentro,514,0.8785555555555555,0.9043020477113071,0.7864768683274022,0,0.8006700167504187,0.763914107508165,0.777689851485145,0.7824862826825983
scale augmentation,mobilenetv3_small_100,43,sdnet_D,sdnet_P,entre_superficie,571,0.6976055555555556,0.7470376068418907,0.54292343387471,0,0.6775407779171895,0.6307736095551824,0.6444277911691042,0.6532607372791847
scale augmentation,mobilenetv3_small_100,43,sdnet_D,sdnet_W,entre_superficie,548,0.8058666666666666,0.8473532938901276,0.6946107784431138,0,0.7321428571428571,0.6984488139719011,0.7048767682760503,0.708273688731295
scale augmentation,mobilenetv3_small_100,43,sdnet_P,metu,sdnet_a_metu,588,0.9788277777777777,0.9814404389740441,0.9228130360205832,0,0.9305331179321487,0.9004213645940468,0.9163140355874393,0.9210409441546312
scale augmentation,mobilenetv3_small_100,43,sdnet_P,sdnet_D,entre_superficie,553,0.7974388888888888,0.8334556613498045,0.6876155268022182,1,0.7365356622998545,0.6898772275316378,0.7020165311533495,0.7140891790388184
scale augmentation,mobilenetv3_small_100,43,sdnet_P,sdnet_P,dentro,549,0.925861111111111,0.936392393756801,0.8571428571428571,0,0.8640776699029126,0.8297444733788982,0.8426025357011536,0.8481977489810393
scale augmentation,mobilenetv3_small_100,43,sdnet_P,sdnet_W,entre_superficie,572,0.7822277777777779,0.822339826814996,0.6626746506986028,0,0.707641196013289,0.6806898965300243,0.688337611053536,0.6913548347752324
scale augmentation,mobilenetv3_small_100,43,sdnet_W,metu,sdnet_a_metu,589,0.6931833333333333,0.7149874761497921,0.6619318181818182,0,0.6808510638297872,0.6478692467238639,0.657691396078389,0.6623461365485247
scale augmentation,mobilenetv3_small_100,43,sdnet_W,sdnet_D,entre_superficie,554,0.8211611111111112,0.8583349025257739,0.7325905292479109,1,0.752827140549273,0.7146986543807381,0.7227153189484689,0.7314777886839842
scale augmentation,mobilenetv3_small_100,43,sdnet_W,sdnet_P,entre_superficie,577,0.7285111111111111,0.7436106254812651,0.6962025316455697,0,0.7010309278350515,0.662391837209944,0.6777372780142517,0.6808539236068393
scale augmentation,mobilenetv3_small_100,43,sdnet_W,sdnet_W,dentro,548,0.9100666666666667,0.9287329708810702,0.8344370860927153,0,0.8465608465608465,0.7999845460693487,0.8263149126900953,0.8309836475866004
scale augmentation,mobilenetv3_small_100,44,metu,metu,dentro,14,1.0,1.0,0.9983361064891847,0,1.0,0.9967388887892856,0.9967519577732574,0.9967677121310895
scale augmentation,mobilenetv3_small_100,44,metu,sdnet_D,metu_a_sdnet,58,0.63735,0.6160237953011424,0.4352078239608802,0,0.6666666666666666,0.6268415163383892,0.6590466836177791,0.6656813996316758
scale augmentation,mobilenetv3_small_100,44,metu,sdnet_P,metu_a_sdnet,175,0.803088888888889,0.7627997419642929,0.7457627118644068,0,0.7678571428571429,0.7400048406372557,0.7495898996849149,0.7538253631550489
scale augmentation,mobilenetv3_small_100,44,metu,sdnet_W,metu_a_sdnet,122,0.6299388888888889,0.6419234194151445,0.45346062052505964,0,0.6666666666666666,0.6140926853983758,0.6491315788128875,0.663469765805931
scale augmentation,mobilenetv3_small_100,44,sdnet_D,metu,sdnet_a_metu,568,0.6543555555555556,0.7231770987858277,0.36314363143631434,0,0.6704035874439462,0.6046208267725101,0.6316610580600345,0.6437628111258015
scale augmentation,mobilenetv3_small_100,44,sdnet_D,sdnet_D,dentro,549,0.8733222222222222,0.9031108409238382,0.7832699619771863,0,0.7942238267148014,0.7574129545024846,0.7713021413767913,0.7788227078536739
scale augmentation,mobilenetv3_small_100,44,sdnet_D,sdnet_P,entre_superficie,524,0.6096166666666667,0.6743637772707023,0.2913165266106443,0,0.6666666666666666,0.6087713125083021,0.6286421990117779,0.6456645377448939
scale augmentation,mobilenetv3_small_100,44,sdnet_D,sdnet_W,entre_superficie,584,0.8165611111111112,0.8447038987367488,0.6638477801268499,0,0.7515151515151515,0.7103990217476741,0.7222498559491403,0.7300130319171281
scale augmentation,mobilenetv3_small_100,44,sdnet_P,metu,sdnet_a_metu,497,0.9773222222222222,0.9839007227828903,0.9379310344827586,1,0.9514237855946399,0.9197028573235926,0.9353853188216894,0.9415538120090706
scale augmentation,mobilenetv3_small_100,44,sdnet_P,sdnet_D,entre_superficie,538,0.7777666666666667,0.8288692310570764,0.6085011185682326,0,0.7209705372616985,0.6780532599943214,0.68857436577113,0.693108055666998
scale augmentation,mobilenetv3_small_100,44,sdnet_P,sdnet_P,dentro,500,0.95,0.9541640273795583,0.8859060402684564,0,0.8892508143322475,0.8568254805123589,0.8722553807275932,0.8764923753332862
scale augmentation,mobilenetv3_small_100,44,sdnet_P,sdnet_W,entre_superficie,568,0.7220555555555557,0.7512952958953512,0.5342465753424658,0,0.6842767295597484,0.64611603609351,0.6618221137372794,0.6634041132886946
scale augmentation,mobilenetv3_small_100,44,sdnet_W,metu,sdnet_a_metu,570,0.7384777777777778,0.7868227263762789,0.6749611197511665,1,0.688293370944993,0.6564148320627453,0.6626230257072632,0.6653782713476025
scale augmentation,mobilenetv3_small_100,44,sdnet_W,sdnet_D,entre_superficie,541,0.7527222222222222,0.7947562348417512,0.6692406692406693,0,0.7004608294930875,0.6666394759672294,0.6742974167341371,0.676130081103812
scale augmentation,mobilenetv3_small_100,44,sdnet_W,sdnet_P,entre_superficie,567,0.6631111111111111,0.7133015242188173,0.5209713024282561,0,0.6704545454545454,0.6227922240273793,0.6435398154084783,0.6499177219273616
scale augmentation,mobilenetv3_small_100,44,sdnet_W,sdnet_W,dentro,546,0.8777277777777777,0.8973768695231921,0.7824620573355818,0,0.7975460122699386,0.762689848507184,0.7759935147379646,0.7779151475401815
scale augmentation,resnet18,42,metu,metu,dentro,539,1.0,1.0,1.0,0,1.0,0.9540051671981888,0.9798501212126814,0.989771957576105
scale augmentation,resnet18,42,metu,sdnet_D,metu_a_sdnet,537,0.7105722222222223,0.7229646615537952,0.33157894736842103,0,0.6854838709677419,0.6473289941961653,0.6590103600907181,0.6607103363033728
scale augmentation,resnet18,42,metu,sdnet_P,metu_a_sdnet,588,0.8235888888888888,0.8297680459538688,0.7348484848484849,0,0.770392749244713,0.7263732094158017,0.7430091326288764,0.7474449053548196
scale augmentation,resnet18,42,metu,sdnet_W,metu_a_sdnet,549,0.6551222222222223,0.7010853644390684,0.31868131868131866,0,0.6681514476614699,0.6150489708064335,0.6373949887889397,0.6509338877721461
scale augmentation,resnet18,42,sdnet_D,metu,sdnet_a_metu,591,0.8799555555555556,0.8989449346669666,0.8064516129032258,0,0.8116883116883117,0.7729561016002942,0.7874144352290458,0.7942175113612684
scale augmentation,resnet18,42,sdnet_D,sdnet_D,dentro,591,0.886172222222222,0.9117708016841158,0.7985347985347986,0,0.8148148148148148,0.7808066374749109,0.7938771823790357,0.7976138900219157
scale augmentation,resnet18,42,sdnet_D,sdnet_P,entre_superficie,584,0.8076444444444444,0.8443477051269959,0.5863636363636363,0,0.746268656716418,0.7079984736143352,0.7199100627459863,0.7242290773044767
scale augmentation,resnet18,42,sdnet_D,sdnet_W,entre_superficie,586,0.7993111111111111,0.8519362131079838,0.6428571428571429,0,0.7368421052631579,0.6908657798271431,0.706649760868732,0.7089141142405008
scale augmentation,resnet18,42,sdnet_P,metu,sdnet_a_metu,586,0.9897666666666667,0.9790569921893483,0.9633333333333334,0,0.9654036243822076,0.928504767665701,0.951105630924787,0.955237051411793
scale augmentation,resnet18,42,sdnet_P,sdnet_D,entre_superficie,583,0.8270999999999998,0.8606484444638769,0.7175572519083969,0,0.7450381679389313,0.7142187213171808,0.7214291941382268,0.7258686898885165
scale augmentation,resnet18,42,sdnet_P,sdnet_P,dentro,586,0.9403277777777778,0.9317994796465893,0.8762541806020067,0,0.8828250401284109,0.8503135838409875,0.8598908294924337,0.8697004397557754
scale augmentation,resnet18,42,sdnet_P,sdnet_W,entre_superficie,568,0.7718,0.8136489514520773,0.6475409836065574,0,0.7115097159940209,0.6755479837132259,0.6833916442207435,0.6896759436748054
scale augmentation,resnet18,42,sdnet_W,metu,sdnet_a_metu,588,0.9350333333333333,0.9148788420763989,0.8856682769726248,0,0.8896103896103896,0.8513905377309409,0.8741279721477226,0.8788639097930278
scale augmentation,resnet18,42,sdnet_W,sdnet_D,entre_superficie,592,0.8718388888888889,0.8975257880918968,0.7955625990491284,0,0.8072487644151565,0.7674645765932072,0.7782536966147552,0.785902921392983
scale augmentation,resnet18,42,sdnet_W,sdnet_P,entre_superficie,586,0.8480722222222222,0.86704240242198,0.7482014388489209,0,0.7828746177370031,0.7413972086651213,0.7624601513173732,0.7648763826155244
scale augmentation,resnet18,42,sdnet_W,sdnet_W,dentro,593,0.9316111111111111,0.9443527758710692,0.8614357262103506,0,0.8671328671328671,0.8292104794876891,0.8457941885761587,0.8509641914895437
scale augmentation,resnet18,43,metu,metu,dentro,569,1.0,1.0,1.0,0,1.0,0.9463376045530717,0.9795873210838831,0.9897031887064572
scale augmentation,resnet18,43,metu,sdnet_D,metu_a_sdnet,542,0.6837111111111112,0.7087827441487018,0.2972972972972973,0,0.6762177650429799,0.636455135813764,0.650738317079539,0.65157541555767
scale augmentation,resnet18,43,metu,sdnet_P,metu_a_sdnet,583,0.8149333333333333,0.8075766000977873,0.6666666666666666,0,0.7613469985358712,0.724652477117777,0.7404232705628039,0.7461370748344816
scale augmentation,resnet18,43,metu,sdnet_W,metu_a_sdnet,551,0.6682277777777776,0.7042737692526252,0.3008356545961003,0,0.6798603026775321,0.6367745231747669,0.6501394516055788,0.6579894904746263
scale augmentation,resnet18,43,sdnet_D,metu,sdnet_a_metu,590,0.8870500000000001,0.9084112737706344,0.798219584569733,0,0.8376623376623377,0.8077577556049909,0.8207425059757711,0.8242612875287884
scale augmentation,resnet18,43,sdnet_D,sdnet_D,dentro,588,0.8906555555555555,0.9115934908832513,0.8036036036036036,0,0.810207336523126,0.7774249535285296,0.7885328268577524,0.792543988726917
scale augmentation,resnet18,43,sdnet_D,sdnet_P,entre_superficie,592,0.8273444444444444,0.8573617044183118,0.7644927536231884,0,0.7833333333333333,0.7318983437419732,0.7534423095294533,0.7655405844580359
scale augmentation,resnet18,43,sdnet_D,sdnet_W,entre_superficie,584,0.7660333333333333,0.8252676451828238,0.6342494714587738,0,0.7140255009107468,0.6753615063702935,0.6843034609786113,0.6866397228468785
scale augmentation,resnet18,43,sdnet_P,metu,sdnet_a_metu,581,0.9901000000000001,0.9907850359303821,0.9765886287625418,0,0.9782971619365609,0.9369932881463338,0.9587878316520226,0.9659628720999646
scale augmentation,resnet18,43,sdnet_P,sdnet_D,entre_superficie,567,0.8402499999999999,0.8684911964636179,0.7333333333333333,0,0.7602131438721137,0.7296560135476627,0.738811446105528,0.7408332173282445
scale augmentation,resnet18,43,sdnet_P,sdnet_P,dentro,587,0.9448833333333333,0.9481799211176498,0.8741496598639455,0,0.8814691151919867,0.8464063034246954,0.8604463309215447,0.867741536129962
scale augmentation,resnet18,43,sdnet_P,sdnet_W,entre_superficie,586,0.768811111111111,0.8162914319579191,0.6348547717842323,0,0.7058823529411765,0.6697208704355642,0.679714187810969,0.6861405001399619
scale augmentation,resnet18,43,sdnet_W,metu,sdnet_a_metu,592,0.92825,0.920228194268982,0.8759811616954474,0,0.8798751950078003,0.841475326704018,0.8589973161113421,0.867739783389373
scale augmentation,resnet18,43,sdnet_W,sdnet_D,entre_superficie,585,0.8646611111111112,0.8873501235315211,0.7893915756630265,0,0.7924528301886793,0.7628906645587431,0.7696470781991647,0.7745839226554923
scale augmentation,resnet18,43,sdnet_W,sdnet_P,entre_superficie,589,0.8639333333333334,0.8753762948065777,0.7881944444444444,0,0.7960526315789473,0.7558916228649918,0.7731328812983002,0.7791431147368486
scale augmentation,resnet18,43,sdnet_W,sdnet_W,dentro,586,0.9331444444444444,0.9432205613374511,0.8594771241830066,0,0.8644338118022329,0.8280162016908471,0.8450987369791634,0.8508712259401086
scale augmentation,resnet18,44,metu,metu,dentro,548,1.0,1.0,0.9983361064891847,0,1.0,0.9444201436645986,0.9813937150736066,0.9911514258784471
scale augmentation,resnet18,44,metu,sdnet_D,metu_a_sdnet,553,0.6906777777777777,0.7160925819660886,0.35509138381201044,0,0.6761290322580645,0.6424668871020307,0.6477669801735122,0.6522683230278755
scale augmentation,resnet18,44,metu,sdnet_P,metu_a_sdnet,587,0.8141333333333335,0.7956154540872362,0.6903353057199211,0,0.756838905775076,0.7221242619172176,0.7318242364926971,0.7401296046661926
scale augmentation,resnet18,44,metu,sdnet_W,metu_a_sdnet,574,0.6482166666666667,0.7109326847423678,0.39896373056994816,0,0.6727066817667045,0.6113827730698899,0.6372995631168566,0.6481045381672688
scale augmentation,resnet18,44,sdnet_D,metu,sdnet_a_metu,592,0.8622500000000001,0.8915239800558751,0.8089500860585198,0,0.8140703517587939,0.7783980153038701,0.7930646597893198,0.798040405211982
scale augmentation,resnet18,44,sdnet_D,sdnet_D,dentro,591,0.8940833333333333,0.9180202249768555,0.8122743682310469,0,0.8250825082508251,0.7838659727773536,0.8017820250149615,0.8065126683462306
scale augmentation,resnet18,44,sdnet_D,sdnet_P,entre_superficie,583,0.7473,0.7765039831479894,0.43765903307888043,0,0.7011308562197092,0.6619792671846958,0.6745014197869653,0.676606281882427
scale augmentation,resnet18,44,sdnet_D,sdnet_W,entre_superficie,593,0.8099222222222222,0.8565090620521854,0.6985446985446986,0,0.7293233082706767,0.6957425397713789,0.7062618871471881,0.7087862164891865
scale augmentation,resnet18,44,sdnet_P,metu,sdnet_a_metu,580,0.9953111111111111,0.9952546338899726,0.9634551495016611,0,0.9698996655518395,0.9350556934707376,0.9531937980975184,0.9579409848162287
scale augmentation,resnet18,44,sdnet_P,sdnet_D,entre_superficie,574,0.8275055555555555,0.8546437129864353,0.6774193548387096,0,0.7552,0.7121151017132832,0.7275626085809448,0.7361728349364535
scale augmentation,resnet18,44,sdnet_P,sdnet_P,dentro,590,0.9425277777777777,0.9430083162879443,0.8623548922056384,0,0.8726114649681529,0.836417798036337,0.8499953365538395,0.8563136062592035
scale augmentation,resnet18,44,sdnet_P,sdnet_W,entre_superficie,583,0.8115722222222223,0.8437127640784421,0.6469344608879493,0,0.7559055118110236,0.7057114990877449,0.7211542782122373,0.7373171370082126
scale augmentation,resnet18,44,sdnet_W,metu,sdnet_a_metu,591,0.8752,0.909416611046777,0.6863905325443787,0,0.8222996515679443,0.7751312468244214,0.7971969917092508,0.8047291662964898
scale augmentation,resnet18,44,sdnet_W,sdnet_D,entre_superficie,592,0.7913722222222223,0.826874661963809,0.6735632183908046,0,0.7322033898305085,0.6944170234176132,0.7078152649464161,0.7118726051152647
scale augmentation,resnet18,44,sdnet_W,sdnet_P,entre_superficie,597,0.7845722222222222,0.791361660172625,0.7288629737609329,0,0.7337278106508875,0.6970993739482492,0.709041088131626,0.7109438637245944
scale augmentation,resnet18,44,sdnet_W,sdnet_W,dentro,596,0.8401333333333334,0.8715240233220687,0.7544910179640718,0,0.7605633802816901,0.7251692965979237,0.7325955321950656,0.7368543578585599
scale augmentation,vit_tiny_patch16_224,42,metu,metu,dentro,277,1.0,1.0,1.0,0,1.0,0.9547976436176558,0.9773561835875151,0.9909071835995655
scale augmentation,vit_tiny_patch16_224,42,metu,sdnet_D,metu_a_sdnet,274,0.632838888888889,0.6274056148501692,0.43478260869565216,0,0.667433831990794,0.6168660004256039,0.6363733186697249,0.6482366927416351
scale augmentation,vit_tiny_patch16_224,42,metu,sdnet_P,metu_a_sdnet,526,0.7961777777777777,0.7535765882143208,0.7566666666666667,0,0.7717717717717718,0.7363075771719252,0.7487673724926839,0.7566431216052407
scale augmentation,vit_tiny_patch16_224,42,metu,sdnet_W,metu_a_sdnet,356,0.5603666666666667,0.6539831768408307,0.40310077519379844,0,0.6674082313681868,0.5902354453867898,0.632858949300831,0.6517317968366274
scale augmentation,vit_tiny_patch16_224,42,sdnet_D,metu,sdnet_a_metu,599,0.7137888888888889,0.7903951140107608,0.6794425087108014,0,0.6827586206896552,0.6435374666398499,0.6543346523162705,0.6573055725765546
scale augmentation,vit_tiny_patch16_224,42,sdnet_D,sdnet_D,dentro,584,0.8717277777777779,0.8971238852171963,0.7950963222416813,0,0.8112582781456954,0.7732654127732048,0.7888572985730105,0.7926525938041116
scale augmentation,vit_tiny_patch16_224,42,sdnet_D,sdnet_P,entre_superficie,591,0.7994666666666668,0.8297532974601051,0.7307692307692307,0,0.7386861313868613,0.7020508862001884,0.716403267729709,0.7206055261906448
scale augmentation,vit_tiny_patch16_224,42,sdnet_D,sdnet_W,entre_superficie,594,0.7606166666666667,0.8014978614100948,0.6618705035971223,0,0.7079889807162535,0.6640094379043988,0.6828076514203419,0.6853504775327498
scale augmentation,vit_tiny_patch16_224,42,sdnet_P,metu,sdnet_a_metu,580,0.9968333333333332,0.9967568902080497,0.9641693811074918,0,0.9752066115702479,0.9400193844192222,0.9590945358973503,0.9635785935784194
scale augmentation,vit_tiny_patch16_224,42,sdnet_P,sdnet_D,entre_superficie,573,0.8672444444444445,0.8934200562474344,0.779783393501805,0,0.7946127946127947,0.7568763550768446,0.7714498533944315,0.7760466290225174
scale augmentation,vit_tiny_patch16_224,42,sdnet_P,sdnet_P,dentro,571,0.9626111111111111,0.9655821240578832,0.8818635607321131,0,0.8920634920634921,0.8582558900076189,0.8747879940649537,0.8770034157038529
scale augmentation,vit_tiny_patch16_224,42,sdnet_P,sdnet_W,entre_superficie,575,0.7933611111111112,0.8326636303921234,0.6572008113590264,0,0.723404255319149,0.6897224368796147,0.7013993949684817,0.7041686501229145
scale augmentation,vit_tiny_patch16_224,42,sdnet_W,metu,sdnet_a_metu,598,0.9562666666666666,0.9500711812559972,0.8930390492359932,1,0.9011345218800648,0.8694293381877194,0.8828587910002809,0.8865959799534887
scale augmentation,vit_tiny_patch16_224,42,sdnet_W,sdnet_D,entre_superficie,585,0.8800166666666667,0.9065865276262076,0.7790697674418605,0,0.8045234248788369,0.7715191865649964,0.7820513731438714,0.7872287804471657
scale augmentation,vit_tiny_patch16_224,42,sdnet_W,sdnet_P,entre_superficie,594,0.8319611111111112,0.8519325428571187,0.7662337662337663,0,0.7697262479871175,0.7271878509842864,0.7424870718584238,0.7490340554357888
scale augmentation,vit_tiny_patch16_224,42,sdnet_W,sdnet_W,dentro,590,0.9282777777777778,0.9410677848700595,0.8494077834179357,0,0.8556521739130435,0.8153500840581125,0.8351635082134724,0.8401521091254278
scale augmentation,vit_tiny_patch16_224,43,metu,metu,dentro,341,1.0,1.0,0.998330550918197,0,1.0,0.9486967208311526,0.9810890017946687,0.9903686096991379
scale augmentation,vit_tiny_patch16_224,43,metu,sdnet_D,metu_a_sdnet,248,0.6928833333333334,0.660131930355085,0.3118279569892473,0,0.6749688667496887,0.6442243955710683,0.6592147104637767,0.6633544148475932
scale augmentation,vit_tiny_patch16_224,43,metu,sdnet_P,metu_a_sdnet,474,0.8126444444444444,0.7765462338304439,0.7239488117001828,0,0.7650602409638554,0.7322962828705611,0.7400138816636059,0.7451106347105181
scale augmentation,vit_tiny_patch16_224,43,metu,sdnet_W,metu_a_sdnet,264,0.6098500000000001,0.6679289451956008,0.33242506811989103,0,0.6749435665914221,0.612537754979052,0.6441490579616845,0.6670325045545823
scale augmentation,vit_tiny_patch16_224,43,sdnet_D,metu,sdnet_a_metu,592,0.7913777777777777,0.8667754966334191,0.7902097902097902,0,0.7934782608695652,0.7569200100212029,0.7724977400731504,0.779583947877835
scale augmentation,vit_tiny_patch16_224,43,sdnet_D,sdnet_D,dentro,583,0.8976,0.920119677262516,0.8106194690265487,0,0.8218181818181818,0.7949258549014206,0.8053037644965515,0.8091199512879641
scale augmentation,vit_tiny_patch16_224,43,sdnet_D,sdnet_P,entre_superficie,595,0.7830777777777778,0.8378230512402156,0.7292035398230089,0,0.7366609294320138,0.6955975974878226,0.7135926718281987,0.7166426646754479
scale augmentation,vit_tiny_patch16_224,43,sdnet_D,sdnet_W,entre_superficie,582,0.8659166666666667,0.8913654644801747,0.7411764705882353,0,0.7913907284768212,0.7583658560466633,0.7674773003620246,0.771122850361672
scale augmentation,vit_tiny_patch16_224,43,sdnet_P,metu,sdnet_a_metu,573,0.9946444444444444,0.9947204389867592,0.96,0,0.9621087314662273,0.9318407506493019,0.9451446130945209,0.9504943196579366
scale augmentation,vit_tiny_patch16_224,43,sdnet_P,sdnet_D,entre_superficie,561,0.8176777777777778,0.8543347816133073,0.680161943319838,0,0.7615780445969125,0.710727357893606,0.7311323444923873,0.7389482716880906
scale augmentation,vit_tiny_patch16_224,43,sdnet_P,sdnet_P,dentro,574,0.9071,0.9220041916427126,0.831304347826087,0,0.8395904436860068,0.8012647085190782,0.8207374749499052,0.8248203651405884
scale augmentation,vit_tiny_patch16_224,43,sdnet_P,sdnet_W,entre_superficie,569,0.733688888888889,0.7756929539249471,0.5756929637526652,0,0.705,0.6590510651871446,0.666385890346092,0.6832445982837402
scale augmentation,vit_tiny_patch16_224,43,sdnet_W,metu,sdnet_a_metu,596,0.8252111111111111,0.8579168282332772,0.7422360248447205,0,0.7581227436823105,0.7166529567903791,0.7357969084275203,0.7376493528466423
scale augmentation,vit_tiny_patch16_224,43,sdnet_W,sdnet_D,entre_superficie,590,0.8410222222222221,0.8720873218792222,0.6923076923076923,0,0.7729636048526863,0.7279207419452408,0.7470301722613154,0.7522214273116984
scale augmentation,vit_tiny_patch16_224,43,sdnet_W,sdnet_P,entre_superficie,594,0.8380277777777778,0.8600226608126952,0.7539432176656151,0,0.762214983713355,0.7325002300596516,0.7417041715873077,0.7476864402370357
scale augmentation,vit_tiny_patch16_224,43,sdnet_W,sdnet_W,dentro,590,0.9097555555555555,0.9267301757685846,0.8250825082508251,0,0.8346972176759411,0.8003148369925591,0.8100760592163454,0.8125746630608393
scale augmentation,vit_tiny_patch16_224,44,metu,metu,dentro,368,1.0,1.0,1.0,0,1.0,0.9503311795853594,0.9806861813721255,0.9906965986880013
scale augmentation,vit_tiny_patch16_224,44,metu,sdnet_D,metu_a_sdnet,539,0.7517888888888888,0.7093630792614481,0.4519230769230769,0,0.7350157728706624,0.6934270280890215,0.7037246008363539,0.7145283884560877
scale augmentation,vit_tiny_patch16_224,44,metu,sdnet_P,metu_a_sdnet,531,0.8227222222222222,0.7660234061615537,0.7517006802721088,0,0.7812971342383107,0.7384728318664425,0.7558417193593547,0.764433694023626
scale augmentation,vit_tiny_patch16_224,44,metu,sdnet_W,metu_a_sdnet,546,0.6700055555555555,0.7206878979815072,0.4827586206896552,0,0.6753864447086801,0.6141898210451405,0.6435793673564302,0.657534830750254
scale augmentation,vit_tiny_patch16_224,44,sdnet_D,metu,sdnet_a_metu,554,0.4409722222222222,0.575035311259257,0.39373601789709173,0,0.6689265536723163,0.5908260974691174,0.6519788415141781,0.6611069476780534
scale augmentation,vit_tiny_patch16_224,44,sdnet_D,sdnet_D,dentro,565,0.8823388888888889,0.9084728299792147,0.7955801104972375,0,0.8213689482470785,0.7875290448134977,0.7940939780414931,0.8018143206147448
scale augmentation,vit_tiny_patch16_224,44,sdnet_D,sdnet_P,entre_superficie,578,0.7404722222222222,0.7816095955304845,0.47761194029850745,0,0.6861313868613139,0.6569581291768363,0.6614049747319851,0.6689480120288297
scale augmentation,vit_tiny_patch16_224,44,sdnet_D,sdnet_W,entre_superficie,571,0.8505777777777778,0.8755855311719553,0.6751592356687898,0,0.7708333333333334,0.7360639730388152,0.7469227029510421,0.751491543023787
scale augmentation,vit_tiny_patch16_224,44,sdnet_P,metu,sdnet_a_metu,578,0.9991555555555555,0.9991811701814636,0.9754500818330606,0,0.9883527454242929,0.9404084499197336,0.9718578489942632,0.9793292253822115
scale augmentation,vit_tiny_patch16_224,44,sdnet_P,sdnet_D,entre_superficie,588,0.8724833333333333,0.8967008536466289,0.7857142857142857,0,0.7966666666666666,0.7616594976020095,0.7736810277196926,0.7765209143165427
scale augmentation,vit_tiny_patch16_224,44,sdnet_P,sdnet_P,dentro,568,0.9574166666666667,0.9621085530800644,0.8862876254180602,0,0.8949919224555735,0.86173540575785,0.8757730572285651,0.8809617504328225
scale augmentation,vit_tiny_patch16_224,44,sdnet_P,sdnet_W,entre_superficie,575,0.8180444444444446,0.8542827141998384,0.7131782945736435,0,0.7381703470031545,0.7044791481428473,0.713215231122343,0.7170589714968147
scale augmentation,vit_tiny_patch16_224,44,sdnet_W,metu,sdnet_a_metu,590,0.7623277777777778,0.8051027544385825,0.5877192982456141,0,0.7045813586097947,0.6660001996097901,0.6753701049541456,0.6808161837790218
scale augmentation,vit_tiny_patch16_224,44,sdnet_W,sdnet_D,entre_superficie,587,0.8702888888888889,0.8971434885915917,0.7892234548335975,0,0.801980198019802,0.757798216839777,0.77494776296151,0.7803601308389486
scale augmentation,vit_tiny_patch16_224,44,sdnet_W,sdnet_P,entre_superficie,597,0.8141833333333335,0.8506735243505422,0.736283185840708,0,0.7467532467532467,0.7180526691363454,0.7269030169601937,0.7303952020834409
scale augmentation,vit_tiny_patch16_224,44,sdnet_W,sdnet_W,dentro,575,0.9309999999999999,0.9437327150523297,0.8561872909698997,0,0.8576214405360134,0.8262766164783701,0.836525571527755,0.8426565623789963
